# OBJ generated by ONSHAPE BY PTC INC, 1.197 Units = meters
mtllib OilSpoil.mtl
g Part 1
v -0.0413121 0.00254 -0.0283976 
v -0.0416188 0.00254 -0.0280429 
v -0.0419114 0.00254 -0.0276744 
v -0.042183 0.00254 -0.0273015 
v -0.040991 0.00254 -0.028739 
v -0.0406552 0.00254 -0.0290678 
v -0.0403045 0.00254 -0.0293843 
v -0.0399382 0.00254 -0.0296888 
v -0.0424267 0.00254 -0.0269368 
v -0.0395561 0.00254 -0.0299814 
v -0.0391574 0.00254 -0.0302623 
v -0.0426565 0.00254 -0.0265621 
v -0.0428727 0.00254 -0.026177 
v -0.0430753 0.00254 -0.0257809 
v -0.0440025 0.00254 -0.0231498 
v -0.0441143 0.00254 -0.0226265 
v -0.0432644 0.00254 -0.0253733 
v -0.0442079 0.00254 -0.0220891 
v -0.0434401 0.00254 -0.0249535 
v -0.0438849 0.00254 -0.0236149 
v -0.0436022 0.00254 -0.024521 
v -0.0443573 0.00254 -0.0184786 
v -0.0442959 0.00254 -0.0177119 
v -0.0442828 0.00254 -0.0215369 
v -0.0437506 0.00254 -0.024075 
v -0.0443867 0.00254 -0.0191659 
v -0.0360211 0.00254 -0.0318281 
v -0.0274785 0.00254 0.0121628 
v -0.0256958 0.00254 0.0138517 
v -0.0442024 0.00254 -0.0169186 
v -0.0443387 0.00254 -0.0209693 
v -0.029188 0.00254 0.0104179 
v -0.0443914 0.00254 -0.0197845 
v -0.0443751 0.00254 -0.0203854 
v -0.0240014 0.00254 0.0153406 
v -0.0326859 0.00254 -0.0326759 
v -0.0337086 0.00254 -0.0324764 
v 0.0342133 0.00254 0.0099417 
v 0.0399144 0.00254 0.00141991 
v 0.0405712 0.00254 3.26945e-05 
v 0.0353641 0.00254 0.00854335 
v 0.0364552 0.00254 0.0071014 
v 0.0374836 0.00254 0.00561737 
v -0.0308245 0.00254 0.00862305 
v -0.0390522 0.00254 -0.00293526 
v -0.0378813 0.00254 -0.00093432 
v -0.0314678 0.00254 -0.0328615 
v 0.0256975 0.00254 0.017669 
v 0.022974 0.00254 -0.037042 
v 0.0224297 0.00254 -0.0371379 
v 0.0276062 0.00254 -0.0353854 
v 0.0267727 0.00254 -0.0357855 
v 0.0317438 0.00254 0.0126005 
v 0.0430528 0.00254 -0.00840199 
v 0.0431784 0.00254 -0.00948399 
v 0.0391883 0.00254 0.0028032 
v 0.0383927 0.00254 0.00418096 
v -0.0323879 0.00254 0.00678342 
v -0.0366263 0.00254 0.0010413 
v -0.0440754 0.00254 -0.0160931 
v -0.0428735 0.00254 -0.0114151 
v -0.0381098 0.00254 -0.0308994 
v -0.0385622 0.00254 -0.0306408 
v -0.0345832 0.00254 -0.0322677 
v 0.0218795 0.00254 -0.0372128 
v 0.0245923 0.00254 -0.0366267 
v 0.0239768 0.00254 -0.0368071 
v 0.0259546 0.00254 -0.0361367 
v 0.0290671 0.00254 0.0150624 
v 0.0429542 0.00254 -0.0156448 
v 0.0427884 0.00254 -0.0164782 
v 0.0428792 0.00254 -0.00730583 
v 0.0423596 0.00254 -0.00497518 
v 0.0426568 0.00254 -0.00619494 
v 0.0411587 0.00254 -0.00135716 
v -0.0338771 0.00254 0.00490382 
v -0.0352906 0.00254 0.0029885 
v -0.0426216 0.00254 -0.0106847 
v -0.0420392 0.00254 -0.0091433 
v -0.0439131 0.00254 -0.0152329 
v -0.0376326 0.00254 -0.0311477 
v -0.0353195 0.00254 -0.0320593 
v 0.021321 0.00254 -0.037267 
v 0.0252513 0.00254 -0.0364049 
v 0.0284534 0.00254 -0.0349357 
v 0.0325707 0.00254 -0.032126 
v 0.0315752 0.00254 -0.0329035 
v 0.0415676 0.00254 -0.0203094 
v 0.0411693 0.00254 -0.0212163 
v 0.043087 0.00254 -0.0147987 
v 0.0432566 0.00254 -0.0105525 
v 0.0420232 0.00254 -0.00380489 
v -0.0413675 0.00254 -0.00754855 
v -0.0437139 0.00254 -0.0143362 
v -0.0371291 0.00254 -0.031385 
v -0.0365975 0.00254 -0.0316104 
v -0.0299814 0.00254 -0.0330257 
v 0.0207517 0.00254 -0.0373008 
v 0.0305573 0.00254 -0.0336321 
v 0.0407278 0.00254 -0.0221256 
v 0.0431867 0.00254 -0.0139387 
v 0.0416242 0.00254 -0.00259852 
v 0.0330057 0.00254 0.0112947 
v -0.0397463 0.00254 -0.0042108 
v -0.040604 0.00254 -0.00590325 
v -0.0434756 0.00254 -0.0134016 
v -0.0280998 0.00254 -0.0331564 
v 0.0201688 0.00254 -0.037314 
v 0.0234033 0.00254 -0.0369507 
v 0.0335408 0.00254 -0.0313027 
v 0.0402425 0.00254 -0.0230364 
v 0.043253 0.00254 -0.0130638 
v -0.0431963 0.00254 -0.0124283 
v -0.0389912 0.00254 -0.0303728 
v -0.0255797 0.00254 -0.0332305 
v 0.0176419 0.00254 -0.0371548 
v 0.0166647 0.00254 -0.0370158 
v 0.0344825 0.00254 -0.0304367 
v 0.0397128 0.00254 -0.0239481 
v 0.0425888 0.00254 -0.0173035 
v -0.0226312 0.00254 -0.0332161 
v 0.0183094 0.00254 -0.0372273 
v 0.0195695 0.00254 -0.0373064 
v 0.0296373 0.00254 -0.0342351 
v 0.039138 0.00254 -0.0248594 
v 0.0423547 0.00254 -0.0181272 
v 0.0432868 0.00254 -0.0114983 
v -0.0359785 0.00254 -0.0318432 
v 0.0154856 0.00254 -0.0368046 
v 0.0189507 0.00254 -0.0372776 
v 0.0353928 0.00254 -0.0295309 
v 0.0378501 0.00254 -0.0266756 
v 0.0371356 0.00254 -0.027577 
v 0.0385174 0.00254 -0.0257691 
v 0.0420851 0.00254 -0.0189533 
v 0.04328 0.00254 -0.0124148 
v 0.0304302 0.00254 0.0138571 
v -0.0217477 0.00254 -0.0331971 
v 0.0362689 0.00254 -0.0285881 
v -0.0222352 0.00254 0.0167777 
v -0.019004 0.00254 -0.033111 
v 0.0141323 0.00254 -0.0365165 
v 0.0287449 0.00254 -0.034771 
v 0.041779 0.00254 -0.0197842 
v 0.0363729 0.00254 -0.0284711 
v 0.0271575 0.00254 0.0166001 
v -0.0204588 0.00254 0.0181086 
v -0.0163037 0.00254 -0.0330065 
v -0.0136286 0.00254 -0.0329068 
v -0.0186762 0.00254 0.0193312 
v -0.0109956 0.00254 -0.0328336 
v -0.0156138 0.00254 0.021171 
v 0.0285904 0.00254 0.015462 
v -0.0171089 0.00254 0.0203139 
v -0.0141903 0.00254 0.0219137 
v -0.012837 0.00254 0.0225528 
v -0.00840205 0.00254 -0.0328063 
v -0.010803 0.00254 0.0233896 
v -0.00949597 0.00254 0.0238513 
v -0.0120986 0.00254 0.0228737 
v 0.0106188 0.00254 -0.0356367 
v 0.0242127 0.00254 0.01867 
v -0.00595421 0.00254 -0.0328409 
v -0.00684213 0.00254 0.0246152 
v -0.00549246 0.00254 0.0249182 
v -0.00817617 0.00254 0.0242596 
v 0.00859244 0.00254 -0.0351032 
v 0.0227053 0.00254 0.0196037 
v 0.0125174 0.00254 -0.0361279 
v -0.00364148 0.00254 -0.0329459 
v -0.00274046 0.00254 0.0253659 
v -0.00133516 0.00254 0.0255093 
v -0.00412573 0.00254 0.0251686 
v -0.00141461 0.00254 -0.0331317 
v 0.000523298 0.00254 0.0256134 
v 0.00195325 0.00254 0.0256284 
v 0.00277117 0.00254 -0.033755 
v 0.0164849 0.00254 0.0226758 
v 0.0180658 0.00254 0.0220067 
v 0.00528725 0.00254 -0.0342851 
v 0.0211774 0.00254 0.0204708 
v 0.0196304 0.00254 0.0212717 
v 0.00339042 0.00254 0.0255875 
v 9.17538e-05 0.00254 0.0255978 
v 0.0152133 0.00254 0.0231621 
v 0.00775215 0.00254 0.0251255 
v 0.00922453 0.00254 0.0248558 
v 0.00483555 0.00254 0.0254904 
v 0.00628929 0.00254 0.0253367 
v 0.000466325 0.00254 -0.0333674 
v 0.0121989 0.00254 0.0241356 
v 0.0137011 0.00254 0.0236815 
v 0.0107067 0.00254 0.0245264 
v 0.00821222 0.00254 -0.0350044 
v -0.0346427 -1.12757e-17 -0.0367755 
v -0.0356961 -1.12757e-17 -0.036524 
v -0.0334408 -1.12757e-17 -0.0370101 
v -0.0320434 -1.21431e-17 -0.0372231 
v -0.0303785 -1.12757e-17 -0.0374072 
v -0.0283202 -1.12757e-17 -0.0375503 
v -0.0256286 -1.12757e-17 -0.0376296 
v -0.0225503 -1.21431e-17 -0.0376148 
v -0.02164 -1.12757e-17 -0.0375952 
v -0.0188431 -1.12757e-17 -0.0375075 
v -0.0161306 -1.12757e-17 -0.0374025 
v -0.0134798 -1.12757e-17 -0.0373037 
v -0.0109057 -1.12757e-17 -0.0372321 
v -0.00840556 -1.04083e-17 -0.0372057 
v -0.00608096 -1.12757e-17 -0.0372385 
v -0.00391958 -1.12757e-17 -0.0373365 
v -0.00187454 -1.12757e-17 -0.037507 
v -0.00016623 -1.12757e-17 -0.0377211 
v 0.00195031 -1.12757e-17 -0.0380771 
v 0.0043028 -1.12757e-17 -0.0385729 
v 0.00711055 -1.12757e-17 -0.0392637 
v 0.00748256 -1.12757e-17 -0.0393603 
v 0.00949791 -1.12757e-17 -0.0398909 
v 0.0114449 -1.04083e-17 -0.0403946 
v 0.0131562 -1.12757e-17 -0.0408062 
v 0.0146373 -1.12757e-17 -0.0411215 
v 0.0159688 -1.12757e-17 -0.0413598 
v 0.0171046 -1.12757e-17 -0.0415212 
v 0.0178985 -1.12757e-17 -0.0416075 
v 0.0186757 -1.12757e-17 -0.0416685 
v 0.0194388 -1.12757e-17 -0.0417038 
v 0.0201899 -1.12757e-17 -0.0417133 
v 0.020931 -1.21431e-17 -0.0416965 
v 0.0216635 -1.12757e-17 -0.0416531 
v 0.0223888 -1.12757e-17 -0.0415826 
v 0.023108 -1.12757e-17 -0.0414847 
v 0.0243853 -1.12757e-17 -0.0412391 
v 0.023822 -1.12757e-17 -0.0413589 
v 0.0251288 -1.12757e-17 -0.041053 
v 0.025912 -1.12757e-17 -0.0408236 
v 0.026736 -1.12757e-17 -0.0405462 
v 0.0276017 -1.12757e-17 -0.0402162 
v 0.0285936 -1.12757e-17 -0.0397904 
v 0.0295904 -1.21431e-17 -0.0393119 
v 0.0305918 -1.12757e-17 -0.0387804 
v 0.0309341 -1.12757e-17 -0.0385871 
v 0.0319755 -1.04083e-17 -0.0379617 
v 0.0330404 -1.12757e-17 -0.0372637 
v 0.0342108 -1.12757e-17 -0.0364261 
v 0.0353491 -1.12757e-17 -0.0355371 
v 0.0364539 -1.12757e-17 -0.0345994 
v 0.0375237 -1.12757e-17 -0.0336157 
v 0.0385564 -1.04083e-17 -0.0325881 
v 0.03955 -1.12757e-17 -0.0315188 
v 0.039668 -1.12757e-17 -0.031386 
v 0.0405337 -1.12757e-17 -0.0303711 
v 0.0413462 -1.12757e-17 -0.0293462 
v 0.0421067 -1.12757e-17 -0.028313 
v 0.0428163 -1.04083e-17 -0.027273 
v 0.0434759 -1.12757e-17 -0.0262271 
v 0.0440864 -1.21431e-17 -0.0251764 
v 0.0446486 -1.04083e-17 -0.0241212 
v 0.0451628 -1.21431e-17 -0.0230621 
v 0.0456295 -1.04083e-17 -0.0219992 
v 0.0458786 -1.12757e-17 -0.0213806 
v 0.046241 -1.21431e-17 -0.0203967 
v 0.0465623 -1.12757e-17 -0.0194119 
v 0.0468434 -1.12757e-17 -0.018423 
v 0.0472856 -1.04083e-17 -0.0164152 
v 0.0470847 -1.12757e-17 -0.0174249 
v 0.0474461 -1.21431e-17 -0.0153932 
v 0.0475661 -1.21431e-17 -0.0143582 
v 0.0476455 -1.12757e-17 -0.0133096 
v 0.0476777 -1.12757e-17 -0.0125347 
v 0.0476859 -1.04083e-17 -0.011445 
v 0.0476502 -1.12757e-17 -0.0103262 
v 0.0475582 -1.21431e-17 -0.00906917 
v 0.0474113 -1.12757e-17 -0.00780382 
v 0.0472096 -1.12757e-17 -0.00652945 
v 0.0469525 -1.12757e-17 -0.00524542 
v 0.0466111 -1.12757e-17 -0.00384382 
v 0.0462267 -1.04083e-17 -0.00250671 
v 0.0457733 -1.12757e-17 -0.00113571 
v 0.045247 -1.12757e-17 0.000267853 
v 0.0445861 -1.12757e-17 0.00183138 
v 0.0438508 -1.12757e-17 0.0033844 
v 0.0430415 -1.12757e-17 0.0049263 
v 0.0421581 -1.12757e-17 0.00645615 
v 0.0411522 -1.12757e-17 0.00804564 
v 0.0400177 -1.12757e-17 0.00968282 
v 0.0388171 -1.12757e-17 0.0112695 
v 0.0375533 -1.21431e-17 0.0128052 
v 0.036229 -1.12757e-17 0.0142888 
v 0.0348467 -1.12757e-17 0.0157193 
v 0.0334084 -1.12757e-17 0.0170952 
v 0.031916 -1.12757e-17 0.0184148 
v 0.0298251 -1.12757e-17 0.0200984 
v 0.031394 -1.12757e-17 0.0188524 
v 0.0282266 -1.12757e-17 0.0212687 
v 0.0266009 -1.12757e-17 0.0223647 
v 0.0249497 -1.21431e-17 0.0233876 
v 0.0232747 -1.12757e-17 0.0243381 
v 0.0215774 -1.12757e-17 0.0252168 
v 0.019859 -1.12757e-17 0.0260241 
v 0.0181203 -1.21431e-17 0.02676 
v 0.0167198 -1.12757e-17 0.0272955 
v 0.0150521 -1.04083e-17 0.0278684 
v 0.0133927 -1.12757e-17 0.0283699 
v 0.0117414 -1.21431e-17 0.0288024 
v 0.0100982 -1.12757e-17 0.0291676 
v 0.00846284 -1.12757e-17 0.0294671 
v 0.00683507 -1.04083e-17 0.0297021 
v 0.00521449 -1.12757e-17 0.0298735 
v 0.00360062 -1.12757e-17 0.0299819 
v 0.00199291 -1.12757e-17 0.0300276 
v 0.000390737 -1.12757e-17 0.0300108 
v -9.32457e-05 -1.12757e-17 0.0299933 
v -0.00169495 -1.04083e-17 0.029894 
v -0.00327426 -1.12757e-17 0.0297328 
v -0.00483251 -1.12757e-17 0.0295108 
v -0.00637096 -1.12757e-17 0.029229 
v -0.00939311 -1.12757e-17 0.0284874 
v -0.00789078 -1.21431e-17 0.0288878 
v -0.010879 -1.12757e-17 0.0280276 
v -0.0123497 -1.12757e-17 0.0275082 
v -0.0138062 -1.04083e-17 0.0269281 
v -0.0146353 -1.12757e-17 0.0265679 
v -0.0161468 -1.12757e-17 0.0258541 
v -0.0177249 -1.21431e-17 0.0250308 
v -0.019371 -1.12757e-17 0.0240872 
v -0.0210854 -1.21431e-17 0.0230123 
v -0.0230233 -1.12757e-17 0.0216832 
v -0.0249435 -1.12757e-17 0.0202446 
v -0.0268438 -1.12757e-17 0.0186986 
v -0.0286595 -1.12757e-17 0.017103 
v -0.0305641 -1.04083e-17 0.0152987 
v -0.0323858 -1.12757e-17 0.0134393 
v -0.0341271 -1.12757e-17 0.0115296 
v -0.0357889 -1.12757e-17 0.00957407 
v -0.0373717 -1.12757e-17 0.00757639 
v -0.0388748 -1.04083e-17 0.00553957 
v -0.0402972 -1.12757e-17 0.003466 
v -0.0416367 -1.12757e-17 0.00135738 
v -0.0428905 -1.12757e-17 -0.00078533 
v -0.0436364 -1.12757e-17 -0.00215614 
v -0.044562 -1.12757e-17 -0.00398249 
v -0.0453906 -1.04083e-17 -0.00576818 
v -0.0461246 -1.21431e-17 -0.00751114 
v -0.0467665 -1.12757e-17 -0.00921015 
v -0.0470463 -1.12757e-17 -0.0100211 
v -0.047407 -1.04083e-17 -0.0111536 
v -0.0477219 -1.04083e-17 -0.0122511 
v -0.0479932 -1.12757e-17 -0.0133152 
v -0.0482225 -1.12757e-17 -0.0143475 
v -0.0484116 -1.12757e-17 -0.0153501 
v -0.0485617 -1.21431e-17 -0.0163257 
v -0.0486739 -1.12757e-17 -0.0172781 
v -0.0487486 -1.12757e-17 -0.018212 
v -0.0487848 -1.12757e-17 -0.019058 
v -0.0487906 -1.12757e-17 -0.0198272 
v -0.0487702 -1.04083e-17 -0.0205815 
v -0.048724 -1.12757e-17 -0.0213217 
v -0.0486524 -1.12757e-17 -0.0220483 
v -0.0485555 -1.12757e-17 -0.0227619 
v -0.0484335 -1.12757e-17 -0.0234631 
v -0.0482862 -1.12757e-17 -0.0241523 
v -0.0481299 -1.12757e-17 -0.0247701 
v -0.04795 -1.21431e-17 -0.0253862 
v -0.0477499 -1.21431e-17 -0.0259877 
v -0.0475297 -1.21431e-17 -0.0265751 
v -0.0472897 -1.12757e-17 -0.0271486 
v -0.0470298 -1.21431e-17 -0.0277087 
v -0.0467501 -1.12757e-17 -0.0282555 
v -0.0464507 -1.12757e-17 -0.0287891 
v -0.0461313 -1.04083e-17 -0.0293097 
v -0.045792 -1.04083e-17 -0.0298174 
v -0.0450058 -1.12757e-17 -0.0308505 
v -0.0454135 -1.12757e-17 -0.0303371 
v -0.044579 -1.12757e-17 -0.0313441 
v -0.0441331 -1.12757e-17 -0.0318184 
v -0.0436683 -1.12757e-17 -0.0322735 
v -0.0431847 -1.12757e-17 -0.0327098 
v -0.0426823 -1.12757e-17 -0.0331275 
v -0.0421609 -1.12757e-17 -0.0335268 
v -0.0416205 -1.12757e-17 -0.0339076 
v -0.0413961 -1.12757e-17 -0.0340566 
v -0.0408202 -1.12757e-17 -0.0344166 
v -0.0402174 -1.12757e-17 -0.0347611 
v -0.0395866 -1.12757e-17 -0.0350894 
v -0.0389264 -1.12757e-17 -0.0354005 
v -0.0382354 -1.04083e-17 -0.0356935 
v -0.0374383 -1.04083e-17 -0.0359933 
v -0.036605 -1.12757e-17 -0.0362667 
v -0.0337538 0.00253554 -0.0326843 
v -0.034637 0.00253554 -0.0324735 
v -0.0346907 0.00252218 -0.0326789 
v -0.0347442 0.00249994 -0.0328836 
v -0.0337988 0.00252218 -0.0328918 
v -0.0347975 0.00246886 -0.0330873 
v -0.0338438 0.00249994 -0.0330986 
v -0.0348504 0.00242899 -0.0332895 
v -0.0338885 0.00246886 -0.0333043 
v -0.0349028 0.0023804 -0.0334899 
v -0.0339328 0.00242899 -0.0335086 
v -0.0349546 0.00232318 -0.0336882 
v -0.0339768 0.0023804 -0.033711 
v -0.0350058 0.00225743 -0.033884 
v -0.0340203 0.00232318 -0.0339112 
v -0.0350562 0.00218326 -0.0340769 
v -0.0340633 0.00225743 -0.034109 
v -0.0351059 0.00210081 -0.0342667 
v -0.0341057 0.00218326 -0.0343039 
v -0.0351546 0.00201022 -0.0344529 
v -0.0341473 0.00210081 -0.0344956 
v -0.0352023 0.00191164 -0.0346354 
v -0.0341882 0.00201022 -0.0346837 
v -0.0352489 0.00180525 -0.0348136 
v -0.0342282 0.00191164 -0.034868 
v -0.0352943 0.00169124 -0.0349874 
v -0.0342673 0.00180525 -0.035048 
v -0.0353385 0.00156981 -0.0351565 
v -0.0343055 0.00169124 -0.0352236 
v -0.0353814 0.00144116 -0.0353204 
v -0.0343426 0.00156981 -0.0353943 
v -0.0354229 0.00130553 -0.0354791 
v -0.0343786 0.00144116 -0.0355599 
v -0.0354629 0.00116316 -0.035632 
v -0.0344134 0.00130553 -0.0357201 
v -0.0355014 0.00101429 -0.0357791 
v -0.034447 0.00116316 -0.0358747 
v -0.0355382 0.000859183 -0.03592 
v -0.0344792 0.00101429 -0.0360232 
v -0.0355734 0.000698114 -0.0360545 
v -0.0345102 0.000859183 -0.0361655 
v -0.0356068 0.000531364 -0.0361824 
v -0.0345397 0.000698114 -0.0363014 
v -0.0356384 0.000359225 -0.0363034 
v -0.0345677 0.000531364 -0.0364306 
v -0.0356682 0.000182 -0.0364173 
v -0.0345943 0.000359225 -0.0365528 
v -0.0327224 0.00253554 -0.0328855 
v -0.0327588 0.00252218 -0.0330947 
v -0.0327952 0.00249994 -0.0333032 
v -0.0328313 0.00246886 -0.0335105 
v -0.0328671 0.00242899 -0.0337164 
v -0.0329027 0.0023804 -0.0339205 
v -0.0329378 0.00232318 -0.0341224 
v -0.0329726 0.00225743 -0.0343218 
v -0.0330068 0.00218326 -0.0345183 
v -0.0330404 0.00210081 -0.0347115 
v -0.0330735 0.00201022 -0.0349012 
v -0.0331058 0.00191164 -0.0350869 
v -0.0331374 0.00180525 -0.0352685 
v -0.0331683 0.00169124 -0.0354455 
v -0.0331982 0.00156981 -0.0356176 
v -0.0332273 0.00144116 -0.0357846 
v -0.0332554 0.00130553 -0.0359461 
v -0.0332826 0.00116316 -0.0361018 
v -0.0333087 0.00101429 -0.0362516 
v -0.0333337 0.000859183 -0.0363951 
v -0.0333575 0.000698114 -0.0365321 
v -0.0333802 0.000531364 -0.0366623 
v -0.0346193 0.000182 -0.0366678 
v -0.0334016 0.000359225 -0.0367855 
v -0.0314957 0.00253554 -0.0330724 
v -0.0315234 0.00252218 -0.0332829 
v -0.0315511 0.00249994 -0.0334927 
v -0.0315787 0.00246886 -0.0337014 
v -0.031606 0.00242899 -0.0339086 
v -0.0316331 0.0023804 -0.034114 
v -0.0316599 0.00232318 -0.0343171 
v -0.0316864 0.00225743 -0.0345178 
v -0.0317125 0.00218326 -0.0347155 
v -0.0317382 0.00210081 -0.0349099 
v -0.0317634 0.00201022 -0.0351008 
v -0.031788 0.00191164 -0.0352878 
v -0.0318121 0.00180525 -0.0354704 
v -0.0318356 0.00169124 -0.0356485 
v -0.0318585 0.00156981 -0.0358218 
v -0.0318807 0.00144116 -0.0359898 
v -0.0319021 0.00130553 -0.0361523 
v -0.0319228 0.00116316 -0.0363091 
v -0.0319427 0.00101429 -0.0364598 
v -0.0319618 0.000859183 -0.0366042 
v -0.03198 0.000698114 -0.036742 
v -0.0319972 0.000531364 -0.0368731 
v -0.0334218 0.000182 -0.0369015 
v -0.0320136 0.000359225 -0.0369971 
v -0.0300006 0.00253554 -0.0332376 
v -0.0300197 0.00252218 -0.0334491 
v -0.0300388 0.00249994 -0.0336598 
v -0.0300578 0.00246886 -0.0338695 
v -0.0300767 0.00242899 -0.0340776 
v -0.0300954 0.0023804 -0.0342839 
v -0.0301139 0.00232318 -0.034488 
v -0.0301322 0.00225743 -0.0346896 
v -0.0301502 0.00218326 -0.0348882 
v -0.0301679 0.00210081 -0.0350835 
v -0.0301853 0.00201022 -0.0352753 
v -0.0302023 0.00191164 -0.0354631 
v -0.0302189 0.00180525 -0.0356466 
v -0.0302351 0.00169124 -0.0358255 
v -0.0302509 0.00156981 -0.0359995 
v -0.0302662 0.00144116 -0.0361683 
v -0.030281 0.00130553 -0.0363316 
v -0.0302953 0.00116316 -0.036489 
v -0.030309 0.00101429 -0.0366404 
v -0.0303221 0.000859183 -0.0367855 
v -0.0303347 0.000698114 -0.036924 
v -0.0303466 0.000531364 -0.0370556 
v -0.032029 0.000182 -0.0371138 
v -0.0303579 0.000359225 -0.0371801 
v -0.0281104 0.00253554 -0.0333689 
v -0.0281211 0.00252218 -0.033581 
v -0.0281317 0.00249994 -0.0337923 
v -0.0281422 0.00246886 -0.0340025 
v -0.0281527 0.00242899 -0.0342113 
v -0.0281631 0.0023804 -0.0344182 
v -0.0281733 0.00232318 -0.0346228 
v -0.0281835 0.00225743 -0.0348249 
v -0.0281935 0.00218326 -0.0350241 
v -0.0282033 0.00210081 -0.03522 
v -0.028213 0.00201022 -0.0354123 
v -0.0282224 0.00191164 -0.0356006 
v -0.0282316 0.00180525 -0.0357847 
v -0.0282406 0.00169124 -0.0359641 
v -0.0282494 0.00156981 -0.0361386 
v -0.0282579 0.00144116 -0.0363079 
v -0.0282661 0.00130553 -0.0364716 
v -0.028274 0.00116316 -0.0366295 
v -0.0282816 0.00101429 -0.0367814 
v -0.0282889 0.000859183 -0.0369268 
v -0.0282959 0.000698114 -0.0370657 
v -0.0283025 0.000531364 -0.0371977 
v -0.0303685 0.000182 -0.0372974 
v -0.0283088 0.000359225 -0.0373226 
v -0.025582 0.00253554 -0.0334432 
v -0.0255844 0.00252218 -0.0336556 
v -0.0255868 0.00249994 -0.0338672 
v -0.0255891 0.00246886 -0.0340776 
v -0.0255914 0.00242899 -0.0342866 
v -0.0255937 0.0023804 -0.0344938 
v -0.025596 0.00232318 -0.0346987 
v -0.0255983 0.00225743 -0.034901 
v -0.0256005 0.00218326 -0.0351005 
v -0.0256027 0.00210081 -0.0352966 
v -0.0256048 0.00201022 -0.0354891 
v -0.0256069 0.00191164 -0.0356777 
v -0.025609 0.00180525 -0.0358619 
v -0.025611 0.00169124 -0.0360416 
v -0.0256129 0.00156981 -0.0362163 
v -0.0256148 0.00144116 -0.0363857 
v -0.0256166 0.00130553 -0.0365497 
v -0.0256184 0.00116316 -0.0367078 
v -0.0256201 0.00101429 -0.0368598 
v -0.0256217 0.000859183 -0.0370055 
v -0.0256232 0.000698114 -0.0371445 
v -0.0256247 0.000531364 -0.0372766 
v -0.0283147 0.000182 -0.0374402 
v -0.0256261 0.000359225 -0.0374017 
v -0.0226272 0.00253554 -0.0334288 
v -0.0226233 0.00252218 -0.0336411 
v -0.0226194 0.00249994 -0.0338527 
v -0.0226156 0.00246886 -0.0340632 
v -0.0226117 0.00242899 -0.0342721 
v -0.0226079 0.0023804 -0.0344792 
v -0.0226042 0.00232318 -0.0346841 
v -0.0226004 0.00225743 -0.0348865 
v -0.0225968 0.00218326 -0.0350859 
v -0.0225932 0.00210081 -0.035282 
v -0.0225896 0.00201022 -0.0354745 
v -0.0225862 0.00191164 -0.035663 
v -0.0225828 0.00180525 -0.0358472 
v -0.0225795 0.00169124 -0.0360269 
v -0.0225763 0.00156981 -0.0362016 
v -0.0225731 0.00144116 -0.036371 
v -0.0225701 0.00130553 -0.0365349 
v -0.0225672 0.00116316 -0.036693 
v -0.0225644 0.00101429 -0.036845 
v -0.0225617 0.000859183 -0.0369906 
v -0.0225592 0.000698114 -0.0371297 
v -0.0225568 0.000531364 -0.0372618 
v -0.0256274 0.000182 -0.0375194 
v -0.0225545 0.000359225 -0.0373868 
v -0.0217425 0.00253554 -0.0334097 
v -0.0217373 0.00252218 -0.033622 
v -0.0217321 0.00249994 -0.0338336 
v -0.021727 0.00246886 -0.034044 
v -0.0217219 0.00242899 -0.034253 
v -0.0217168 0.0023804 -0.03446 
v -0.0217118 0.00232318 -0.0346649 
v -0.0217068 0.00225743 -0.0348672 
v -0.0217019 0.00218326 -0.0350666 
v -0.0216971 0.00210081 -0.0352627 
v -0.0216924 0.00201022 -0.0354552 
v -0.0216878 0.00191164 -0.0356437 
v -0.0216833 0.00180525 -0.0358279 
v -0.0216789 0.00169124 -0.0360075 
v -0.0216746 0.00156981 -0.0361821 
v -0.0216705 0.00144116 -0.0363516 
v -0.0216664 0.00130553 -0.0365155 
v -0.0216626 0.00116316 -0.0366735 
v -0.0216589 0.00101429 -0.0368255 
v -0.0216553 0.000859183 -0.0369711 
v -0.0216519 0.000698114 -0.0371101 
v -0.0216486 0.000531364 -0.0372422 
v -0.0225523 0.000182 -0.0375046 
v -0.0216456 0.000359225 -0.0373673 
v -0.0189962 0.00253554 -0.0333236 
v -0.0189885 0.00252218 -0.0335358 
v -0.0189807 0.00249994 -0.0337473 
v -0.018973 0.00246886 -0.0339576 
v -0.0189654 0.00242899 -0.0341665 
v -0.0189578 0.0023804 -0.0343735 
v -0.0189503 0.00232318 -0.0345783 
v -0.0189429 0.00225743 -0.0347805 
v -0.0189356 0.00218326 -0.0349798 
v -0.0189285 0.00210081 -0.0351758 
v -0.0189214 0.00201022 -0.0353682 
v -0.0189145 0.00191164 -0.0355567 
v -0.0189078 0.00180525 -0.0357408 
v -0.0189012 0.00169124 -0.0359204 
v -0.0188948 0.00156981 -0.036095 
v -0.0188886 0.00144116 -0.0362643 
v -0.0188826 0.00130553 -0.0364282 
v -0.0188768 0.00116316 -0.0365862 
v -0.0188713 0.00101429 -0.0367381 
v -0.018866 0.000859183 -0.0368837 
v -0.0188609 0.000698114 -0.0370226 
v -0.018856 0.000531364 -0.0371547 
v -0.0216427 0.000182 -0.037485 
v -0.0188515 0.000359225 -0.0372797 
v -0.0162953 0.00253554 -0.0332191 
v -0.0162869 0.00252218 -0.0334313 
v -0.0162786 0.00249994 -0.0336427 
v -0.0162703 0.00246886 -0.033853 
v -0.0162621 0.00242899 -0.0340619 
v -0.016254 0.0023804 -0.0342689 
v -0.0162459 0.00232318 -0.0344736 
v -0.0162379 0.00225743 -0.0346759 
v -0.0162301 0.00218326 -0.0348751 
v -0.0162224 0.00210081 -0.0350711 
v -0.0162148 0.00201022 -0.0352635 
v -0.0162074 0.00191164 -0.0354519 
v -0.0162001 0.00180525 -0.035636 
v -0.0161931 0.00169124 -0.0358156 
v -0.0161862 0.00156981 -0.0359901 
v -0.0161795 0.00144116 -0.0361595 
v -0.0161731 0.00130553 -0.0363233 
v -0.0161669 0.00116316 -0.0364813 
v -0.0161609 0.00101429 -0.0366332 
v -0.0161552 0.000859183 -0.0367788 
v -0.0161497 0.000698114 -0.0369177 
v -0.0161445 0.000531364 -0.0370497 
v -0.0188472 0.000182 -0.0373973 
v -0.0161396 0.000359225 -0.0371747 
v -0.0136214 0.00253554 -0.0331194 
v -0.0136142 0.00252218 -0.0333316 
v -0.013607 0.00249994 -0.0335431 
v -0.0135999 0.00246886 -0.0337535 
v -0.0135929 0.00242899 -0.0339624 
v -0.0135859 0.0023804 -0.0341694 
v -0.0135789 0.00232318 -0.0343742 
v -0.0135721 0.00225743 -0.0345765 
v -0.0135653 0.00218326 -0.0347758 
v -0.0135587 0.00210081 -0.0349718 
v -0.0135522 0.00201022 -0.0351642 
v -0.0135458 0.00191164 -0.0353527 
v -0.0135396 0.00180525 -0.0355368 
v -0.0135335 0.00169124 -0.0357164 
v -0.0135276 0.00156981 -0.035891 
v -0.0135219 0.00144116 -0.0360604 
v -0.0135163 0.00130553 -0.0362243 
v -0.013511 0.00116316 -0.0363823 
v -0.0135058 0.00101429 -0.0365342 
v -0.0135009 0.000859183 -0.0366798 
v -0.0134962 0.000698114 -0.0368187 
v -0.0134917 0.000531364 -0.0369508 
v -0.0161349 0.000182 -0.0372924 
v -0.0134875 0.000359225 -0.0370758 
v -0.0134835 0.000182 -0.0371935 
v -0.0109913 0.00253554 -0.0330463 
v -0.010987 0.00252218 -0.0332586 
v -0.0109826 0.00249994 -0.0334701 
v -0.0109783 0.00246886 -0.0336806 
v -0.0109741 0.00242899 -0.0338895 
v -0.0109698 0.0023804 -0.0340966 
v -0.0109656 0.00232318 -0.0343015 
v -0.0109615 0.00225743 -0.0345039 
v -0.0109574 0.00218326 -0.0347033 
v -0.0109534 0.00210081 -0.0348994 
v -0.0109495 0.00201022 -0.0350918 
v -0.0109456 0.00191164 -0.0352804 
v -0.0109419 0.00180525 -0.0354646 
v -0.0109382 0.00169124 -0.0356442 
v -0.0109346 0.00156981 -0.0358189 
v -0.0109312 0.00144116 -0.0359883 
v -0.0109278 0.00130553 -0.0361523 
v -0.0109246 0.00116316 -0.0363103 
v -0.0109215 0.00101429 -0.0364623 
v -0.0109185 0.000859183 -0.036608 
v -0.0109157 0.000698114 -0.036747 
v -0.010913 0.000531364 -0.0368791 
v -0.0109104 0.000359225 -0.0370041 
v -0.010908 0.000182 -0.0371219 
v -0.00840222 0.00253554 -0.033019 
v -0.00840239 0.00252218 -0.0332314 
v -0.00840256 0.00249994 -0.033443 
v -0.00840272 0.00246886 -0.0336535 
v -0.00840289 0.00242899 -0.0338625 
v -0.00840306 0.0023804 -0.0340697 
v -0.00840322 0.00232318 -0.0342746 
v -0.00840338 0.00225743 -0.0344769 
v -0.00840354 0.00218326 -0.0346764 
v -0.0084037 0.00210081 -0.0348725 
v -0.00840385 0.00201022 -0.0350651 
v -0.008404 0.00191164 -0.0352536 
v -0.00840415 0.00180525 -0.0354379 
v -0.00840429 0.00169124 -0.0356175 
v -0.00840443 0.00156981 -0.0357923 
v -0.00840456 0.00144116 -0.0359617 
v -0.00840469 0.00130553 -0.0361257 
v -0.00840482 0.00116316 -0.0362838 
v -0.00840494 0.00101429 -0.0364358 
v -0.00840506 0.000859183 -0.0365815 
v -0.00840517 0.000698114 -0.0367205 
v -0.00840527 0.000531364 -0.0368527 
v -0.00840537 0.000359225 -0.0369777 
v -0.00840547 0.000182 -0.0370955 
v -0.00596034 0.00253554 -0.0330535 
v -0.00596646 0.00252218 -0.0332658 
v -0.00597255 0.00249994 -0.0334773 
v -0.00597862 0.00246886 -0.0336877 
v -0.00598464 0.00242899 -0.0338966 
v -0.00599061 0.0023804 -0.0341037 
v -0.00599651 0.00232318 -0.0343086 
v -0.00600234 0.00225743 -0.0345108 
v -0.00600809 0.00218326 -0.0347102 
v -0.00601374 0.00210081 -0.0349063 
v -0.00601929 0.00201022 -0.0350987 
v -0.00602472 0.00191164 -0.0352872 
v -0.00603003 0.00180525 -0.0354714 
v -0.00603521 0.00169124 -0.035651 
v -0.00604024 0.00156981 -0.0358256 
v -0.00604512 0.00144116 -0.035995 
v -0.00604985 0.00130553 -0.0361589 
v -0.0060544 0.00116316 -0.0363169 
v -0.00605878 0.00101429 -0.0364689 
v -0.00606298 0.000859183 -0.0366145 
v -0.00606698 0.000698114 -0.0367535 
v -0.00607079 0.000531364 -0.0368856 
v -0.0060744 0.000359225 -0.0370106 
v -0.00607779 0.000182 -0.0371283 
v -0.00365493 0.00253554 -0.0331582 
v -0.00366835 0.00252218 -0.0333701 
v -0.00368173 0.00249994 -0.0335813 
v -0.00369503 0.00246886 -0.0337913 
v -0.00370824 0.00242899 -0.0339999 
v -0.00372134 0.0023804 -0.0342067 
v -0.00373429 0.00232318 -0.0344112 
v -0.00374708 0.00225743 -0.0346132 
v -0.00375969 0.00218326 -0.0348122 
v -0.00377209 0.00210081 -0.0350079 
v -0.00378426 0.00201022 -0.0352001 
v -0.00379618 0.00191164 -0.0353883 
v -0.00380783 0.00180525 -0.0355722 
v -0.00381918 0.00169124 -0.0357515 
v -0.00383023 0.00156981 -0.0359258 
v -0.00384094 0.00144116 -0.036095 
v -0.00385131 0.00130553 -0.0362586 
v -0.0038613 0.00116316 -0.0364164 
v -0.00387091 0.00101429 -0.0365681 
v -0.00388012 0.000859183 -0.0367135 
v -0.00388891 0.000698114 -0.0368522 
v -0.00389726 0.000531364 -0.0369841 
v -0.00390517 0.000359225 -0.0371089 
v -0.00391261 0.000182 -0.0372265 
v -0.00143685 0.00253554 -0.0333433 
v -0.00145905 0.00252218 -0.0335545 
v -0.00148117 0.00249994 -0.0337649 
v -0.00150318 0.00246886 -0.0339743 
v -0.00152503 0.00242899 -0.0341821 
v -0.00154669 0.0023804 -0.0343882 
v -0.00156811 0.00232318 -0.034592 
v -0.00158927 0.00225743 -0.0347932 
v -0.00161012 0.00218326 -0.0349916 
v -0.00163062 0.00210081 -0.0351866 
v -0.00165075 0.00201022 -0.0353781 
v -0.00167046 0.00191164 -0.0355656 
v -0.00168973 0.00180525 -0.0357489 
v -0.00170851 0.00169124 -0.0359276 
v -0.00172677 0.00156981 -0.0361013 
v -0.00174449 0.00144116 -0.0362699 
v -0.00176163 0.00130553 -0.0364329 
v -0.00177816 0.00116316 -0.0365902 
v -0.00179405 0.00101429 -0.0367414 
v -0.00180928 0.000859183 -0.0368862 
v -0.00182382 0.000698114 -0.0370245 
v -0.00183763 0.000531364 -0.0371559 
v -0.00185071 0.000359225 -0.0372803 
v -0.00186302 0.000182 -0.0373974 
v 0.000435739 0.00253554 -0.0335779 
v 0.000405206 0.00252218 -0.0337881 
v 0.00037478 0.00249994 -0.0339975 
v 0.000344515 0.00246886 -0.0342058 
v 0.000314464 0.00242899 -0.0344126 
v 0.000284679 0.0023804 -0.0346176 
v 0.000255213 0.00232318 -0.0348204 
v 0.000226117 0.00225743 -0.0350207 
v 0.000197442 0.00218326 -0.0352181 
v 0.00016924 0.00210081 -0.0354122 
v 0.000141558 0.00201022 -0.0356027 
v 0.000114446 0.00191164 -0.0357893 
v 8.7952e-05 0.00180525 -0.0359717 
v 6.21213e-05 0.00169124 -0.0361494 
v 3.69997e-05 0.00156981 -0.0363223 
v 1.26313e-05 0.00144116 -0.0364901 
v -1.09411e-05 0.00130553 -0.0366523 
v -3.36763e-05 0.00116316 -0.0368088 
v -5.55343e-05 0.00101429 -0.0369592 
v -7.64767e-05 0.000859183 -0.0371034 
v -9.64669e-05 0.000698114 -0.037241 
v -0.00011547 0.000531364 -0.0373717 
v -0.000133452 0.000359225 -0.0374955 
v -0.000150382 0.000182 -0.037612 
v 0.00273148 0.00253554 -0.033964 
v 0.00269186 0.00252218 -0.0341726 
v 0.00265238 0.00249994 -0.0343805 
v 0.0026131 0.00246886 -0.0345873 
v 0.0025741 0.00242899 -0.0347926 
v 0.00253545 0.0023804 -0.0349961 
v 0.00249722 0.00232318 -0.0351975 
v 0.00245946 0.00225743 -0.0353963 
v 0.00242225 0.00218326 -0.0355922 
v 0.00238565 0.00210081 -0.0357849 
v 0.00234973 0.00201022 -0.0359741 
v 0.00231454 0.00191164 -0.0361593 
v 0.00228016 0.00180525 -0.0363403 
v 0.00224664 0.00169124 -0.0365168 
v 0.00221404 0.00156981 -0.0366885 
v 0.00218242 0.00144116 -0.036855 
v 0.00215183 0.00130553 -0.0370161 
v 0.00212233 0.00116316 -0.0371714 
v 0.00209396 0.00101429 -0.0373208 
v 0.00206678 0.000859183 -0.0374639 
v 0.00204084 0.000698114 -0.0376005 
v 0.00201618 0.000531364 -0.0377303 
v 0.00199285 0.000359225 -0.0378532 
v 0.00197088 0.000182 -0.0379688 
v 0.00523965 0.00253554 -0.0344924 
v 0.00519213 0.00252218 -0.0346994 
v 0.00514478 0.00249994 -0.0349056 
v 0.00509768 0.00246886 -0.0351108 
v 0.00505091 0.00242899 -0.0353145 
v 0.00500455 0.0023804 -0.0355164 
v 0.00495869 0.00232318 -0.0357161 
v 0.00491341 0.00225743 -0.0359134 
v 0.00486878 0.00218326 -0.0361077 
v 0.00482489 0.00210081 -0.0362989 
v 0.00478181 0.00201022 -0.0364866 
v 0.00473962 0.00191164 -0.0366703 
v 0.00469838 0.00180525 -0.0368499 
v 0.00465818 0.00169124 -0.037025 
v 0.00461909 0.00156981 -0.0371953 
v 0.00458116 0.00144116 -0.0373605 
v 0.00454448 0.00130553 -0.0375203 
v 0.00450909 0.00116316 -0.0376744 
v 0.00447507 0.00101429 -0.0378226 
v 0.00444248 0.000859183 -0.0379645 
v 0.00441137 0.000698114 -0.0381 
v 0.0043818 0.000531364 -0.0382288 
v 0.00435381 0.000359225 -0.0383507 
v 0.00432746 0.000182 -0.0384655 
v 0.00815895 0.00253554 -0.0352104 
v 0.00810577 0.00252218 -0.0354159 
v 0.00805278 0.00249994 -0.0356208 
v 0.00800007 0.00246886 -0.0358246 
v 0.00794773 0.00242899 -0.036027 
v 0.00789586 0.0023804 -0.0362275 
v 0.00784454 0.00232318 -0.0364259 
v 0.00779387 0.00225743 -0.0366218 
v 0.00774393 0.00218326 -0.0368149 
v 0.00769481 0.00210081 -0.0370048 
v 0.0076466 0.00201022 -0.0371912 
v 0.00759938 0.00191164 -0.0373737 
v 0.00755324 0.00180525 -0.0375521 
v 0.00750825 0.00169124 -0.0377261 
v 0.0074645 0.00156981 -0.0378952 
v 0.00742206 0.00144116 -0.0380593 
v 0.00738101 0.00130553 -0.038218 
v 0.00734141 0.00116316 -0.0383711 
v 0.00730334 0.00101429 -0.0385183 
v 0.00726687 0.000859183 -0.0386593 
v 0.00723205 0.000698114 -0.0387939 
v 0.00719896 0.000531364 -0.0389219 
v 0.00716764 0.000359225 -0.0390429 
v 0.00713816 0.000182 -0.0391569 
v 0.00853877 0.00253554 -0.035309 
v 0.0084852 0.00252218 -0.0355145 
v 0.00843181 0.00249994 -0.0357193 
v 0.00837871 0.00246886 -0.0359229 
v 0.00832598 0.00242899 -0.0361252 
v 0.00827372 0.0023804 -0.0363256 
v 0.00822202 0.00232318 -0.0365239 
v 0.00817097 0.00225743 -0.0367198 
v 0.00812066 0.00218326 -0.0369127 
v 0.00807117 0.00210081 -0.0371025 
v 0.0080226 0.00201022 -0.0372888 
v 0.00797503 0.00191164 -0.0374713 
v 0.00792855 0.00180525 -0.0376496 
v 0.00788323 0.00169124 -0.0378235 
v 0.00783915 0.00156981 -0.0379925 
v 0.00779639 0.00144116 -0.0381565 
v 0.00775503 0.00130553 -0.0383152 
v 0.00771514 0.00116316 -0.0384682 
v 0.00767679 0.00101429 -0.0386153 
v 0.00764004 0.000859183 -0.0387562 
v 0.00760497 0.000698114 -0.0388908 
v 0.00757162 0.000531364 -0.0390187 
v 0.00754007 0.000359225 -0.0391397 
v 0.00751037 0.000182 -0.0392536 
v 0.0105646 0.00253554 -0.0358424 
v 0.0105105 0.00252218 -0.0360478 
v 0.0104566 0.00249994 -0.0362524 
v 0.0104029 0.00246886 -0.0364559 
v 0.0103497 0.00242899 -0.0366581 
v 0.0102969 0.0023804 -0.0368584 
v 0.0102447 0.00232318 -0.0370565 
v 0.0101931 0.00225743 -0.0372522 
v 0.0101423 0.00218326 -0.0374451 
v 0.0100924 0.00210081 -0.0376347 
v 0.0100433 0.00201022 -0.0378209 
v 0.00999526 0.00191164 -0.0380033 
v 0.00994832 0.00180525 -0.0381814 
v 0.00990254 0.00169124 -0.0383552 
v 0.00985803 0.00156981 -0.0385241 
v 0.00981485 0.00144116 -0.038688 
v 0.00977308 0.00130553 -0.0388465 
v 0.00973279 0.00116316 -0.0389995 
v 0.00969406 0.00101429 -0.0391465 
v 0.00965695 0.000859183 -0.0392873 
v 0.00962153 0.000698114 -0.0394217 
v 0.00958785 0.000531364 -0.0395496 
v 0.00955599 0.000359225 -0.0396705 
v 0.00952599 0.000182 -0.0397844 
v 0.0124655 0.00253554 -0.0363342 
v 0.0124138 0.00252218 -0.0365402 
v 0.0123622 0.00249994 -0.0367454 
v 0.0123109 0.00246886 -0.0369496 
v 0.0122599 0.00242899 -0.0371523 
v 0.0122094 0.0023804 -0.0373532 
v 0.0121594 0.00232318 -0.0375519 
v 0.0121101 0.00225743 -0.0377482 
v 0.0120615 0.00218326 -0.0379416 
v 0.0120137 0.00210081 -0.0381318 
v 0.0119668 0.00201022 -0.0383185 
v 0.0119208 0.00191164 -0.0385014 
v 0.0118759 0.00180525 -0.0386801 
v 0.0118321 0.00169124 -0.0388544 
v 0.0117895 0.00156981 -0.0390238 
v 0.0117482 0.00144116 -0.0391882 
v 0.0117082 0.00130553 -0.0393472 
v 0.0116696 0.00116316 -0.0395005 
v 0.0116326 0.00101429 -0.039648 
v 0.0115971 0.000859183 -0.0397892 
v 0.0115632 0.000698114 -0.0399241 
v 0.011531 0.000531364 -0.0400522 
v 0.0115005 0.000359225 -0.0401735 
v 0.0114718 0.000182 -0.0402877 
v 0.0140851 0.00253554 -0.0367239 
v 0.014038 0.00252218 -0.0369309 
v 0.013991 0.00249994 -0.0371373 
v 0.0139443 0.00246886 -0.0373425 
v 0.013898 0.00242899 -0.0375463 
v 0.013852 0.0023804 -0.0377483 
v 0.0138065 0.00232318 -0.0379481 
v 0.0137616 0.00225743 -0.0381455 
v 0.0137174 0.00218326 -0.0383399 
v 0.0136739 0.00210081 -0.0385312 
v 0.0136311 0.00201022 -0.0387189 
v 0.0135893 0.00191164 -0.0389028 
v 0.0135484 0.00180525 -0.0390824 
v 0.0135086 0.00169124 -0.0392576 
v 0.0134698 0.00156981 -0.039428 
v 0.0134322 0.00144116 -0.0395932 
v 0.0133958 0.00130553 -0.0397531 
v 0.0133607 0.00116316 -0.0399073 
v 0.013327 0.00101429 -0.0400555 
v 0.0132947 0.000859183 -0.0401975 
v 0.0132638 0.000698114 -0.0403331 
v 0.0132345 0.000531364 -0.040462 
v 0.0132067 0.000359225 -0.0405839 
v 0.0131806 0.000182 -0.0406987 
v 0.0154446 0.00253554 -0.0370134 
v 0.0154037 0.00252218 -0.0372217 
v 0.0153629 0.00249994 -0.0374294 
v 0.0153223 0.00246886 -0.0376359 
v 0.015282 0.00242899 -0.037841 
v 0.015242 0.0023804 -0.0380443 
v 0.0152025 0.00232318 -0.0382454 
v 0.0151635 0.00225743 -0.0384439 
v 0.015125 0.00218326 -0.0386396 
v 0.0150872 0.00210081 -0.0388321 
v 0.0150501 0.00201022 -0.039021 
v 0.0150137 0.00191164 -0.039206 
v 0.0149782 0.00180525 -0.0393868 
v 0.0149436 0.00169124 -0.0395631 
v 0.0149099 0.00156981 -0.0397345 
v 0.0148772 0.00144116 -0.0399008 
v 0.0148456 0.00130553 -0.0400617 
v 0.0148151 0.00116316 -0.0402169 
v 0.0147858 0.00101429 -0.040366 
v 0.0147577 0.000859183 -0.040509 
v 0.0147309 0.000698114 -0.0406454 
v 0.0147054 0.000531364 -0.0407751 
v 0.0146813 0.000359225 -0.0408978 
v 0.0146586 0.000182 -0.0410133 
v 0.0166311 0.00253554 -0.0372259 
v 0.0165975 0.00252218 -0.0374356 
v 0.016564 0.00249994 -0.0376445 
v 0.0165307 0.00246886 -0.0378523 
v 0.0164977 0.00242899 -0.0380587 
v 0.0164649 0.0023804 -0.0382633 
v 0.0164325 0.00232318 -0.0384656 
v 0.0164004 0.00225743 -0.0386654 
v 0.0163689 0.00218326 -0.0388623 
v 0.0163379 0.00210081 -0.039056 
v 0.0163074 0.00201022 -0.0392461 
v 0.0162776 0.00191164 -0.0394323 
v 0.0162484 0.00180525 -0.0396143 
v 0.01622 0.00169124 -0.0397916 
v 0.0161924 0.00156981 -0.0399642 
v 0.0161656 0.00144116 -0.0401315 
v 0.0161396 0.00130553 -0.0402934 
v 0.0161146 0.00116316 -0.0404495 
v 0.0160905 0.00101429 -0.0405996 
v 0.0160675 0.000859183 -0.0407435 
v 0.0160455 0.000698114 -0.0408807 
v 0.0160246 0.000531364 -0.0410112 
v 0.0160048 0.000359225 -0.0411347 
v 0.0159862 0.000182 -0.041251 
v 0.0176159 0.00253554 -0.0373659 
v 0.01759 0.00252218 -0.0375767 
v 0.0175641 0.00249994 -0.0377867 
v 0.0175384 0.00246886 -0.0379956 
v 0.0175129 0.00242899 -0.0382031 
v 0.0174876 0.0023804 -0.0384087 
v 0.0174626 0.00232318 -0.0386121 
v 0.0174378 0.00225743 -0.0388129 
v 0.0174135 0.00218326 -0.0390108 
v 0.0173895 0.00210081 -0.0392055 
v 0.017366 0.00201022 -0.0393966 
v 0.017343 0.00191164 -0.0395838 
v 0.0173205 0.00180525 -0.0397666 
v 0.0172985 0.00169124 -0.0399449 
v 0.0172772 0.00156981 -0.0401184 
v 0.0172565 0.00144116 -0.0402866 
v 0.0172365 0.00130553 -0.0404493 
v 0.0172172 0.00116316 -0.0406062 
v 0.0171986 0.00101429 -0.0407571 
v 0.0171808 0.000859183 -0.0409017 
v 0.0171638 0.000698114 -0.0410397 
v 0.0171477 0.000531364 -0.0411708 
v 0.0171324 0.000359225 -0.041295 
v 0.017118 0.000182 -0.0414118 
v 0.0182895 0.00253554 -0.0374391 
v 0.0182697 0.00252218 -0.0376505 
v 0.0182499 0.00249994 -0.0378612 
v 0.0182302 0.00246886 -0.0380708 
v 0.0182107 0.00242899 -0.0382789 
v 0.0181914 0.0023804 -0.0384851 
v 0.0181722 0.00232318 -0.0386892 
v 0.0181533 0.00225743 -0.0388907 
v 0.0181347 0.00218326 -0.0390892 
v 0.0181164 0.00210081 -0.0392845 
v 0.0180984 0.00201022 -0.0394762 
v 0.0180808 0.00191164 -0.0396639 
v 0.0180636 0.00180525 -0.0398474 
v 0.0180468 0.00169124 -0.0400263 
v 0.0180305 0.00156981 -0.0402002 
v 0.0180147 0.00144116 -0.040369 
v 0.0179994 0.00130553 -0.0405322 
v 0.0179846 0.00116316 -0.0406896 
v 0.0179704 0.00101429 -0.040841 
v 0.0179568 0.000859183 -0.040986 
v 0.0179438 0.000698114 -0.0411244 
v 0.0179315 0.000531364 -0.041256 
v 0.0179198 0.000359225 -0.0413805 
v 0.0179088 0.000182 -0.0414978 
v 0.0189374 0.00253554 -0.03749 
v 0.0189242 0.00252218 -0.0377019 
v 0.0189109 0.00249994 -0.0379131 
v 0.0188978 0.00246886 -0.0381232 
v 0.0188847 0.00242899 -0.0383318 
v 0.0188717 0.0023804 -0.0385385 
v 0.0188589 0.00232318 -0.0387431 
v 0.0188463 0.00225743 -0.038945 
v 0.0188338 0.00218326 -0.0391441 
v 0.0188216 0.00210081 -0.0393398 
v 0.0188095 0.00201022 -0.039532 
v 0.0187977 0.00191164 -0.0397202 
v 0.0187862 0.00180525 -0.0399041 
v 0.018775 0.00169124 -0.0400834 
v 0.0187641 0.00156981 -0.0402578 
v 0.0187535 0.00144116 -0.0404269 
v 0.0187432 0.00130553 -0.0405905 
v 0.0187333 0.00116316 -0.0407483 
v 0.0187238 0.00101429 -0.0409001 
v 0.0187147 0.000859183 -0.0410454 
v 0.018706 0.000698114 -0.0411842 
v 0.0186978 0.000531364 -0.0413161 
v 0.01869 0.000359225 -0.0414409 
v 0.0186826 0.000182 -0.0415584 
v 0.0195631 0.00253554 -0.037519 
v 0.0195568 0.00252218 -0.0377313 
v 0.0195505 0.00249994 -0.0379428 
v 0.0195443 0.00246886 -0.0381532 
v 0.0195381 0.00242899 -0.0383621 
v 0.0195319 0.0023804 -0.0385691 
v 0.0195258 0.00232318 -0.038774 
v 0.0195198 0.00225743 -0.0389763 
v 0.0195139 0.00218326 -0.0391756 
v 0.0195081 0.00210081 -0.0393717 
v 0.0195024 0.00201022 -0.0395641 
v 0.0194968 0.00191164 -0.0397526 
v 0.0194913 0.00180525 -0.0399368 
v 0.019486 0.00169124 -0.0401163 
v 0.0194808 0.00156981 -0.040291 
v 0.0194757 0.00144116 -0.0404604 
v 0.0194709 0.00130553 -0.0406243 
v 0.0194662 0.00116316 -0.0407823 
v 0.0194616 0.00101429 -0.0409343 
v 0.0194573 0.000859183 -0.0410799 
v 0.0194532 0.000698114 -0.0412188 
v 0.0194493 0.000531364 -0.0413509 
v 0.0194456 0.000359225 -0.041476 
v 0.0194421 0.000182 -0.0415937 
v 0.0201698 0.00253554 -0.0375267 
v 0.0201708 0.00252218 -0.037739 
v 0.0201718 0.00249994 -0.0379506 
v 0.0201729 0.00246886 -0.0381611 
v 0.0201739 0.00242899 -0.0383701 
v 0.0201749 0.0023804 -0.0385773 
v 0.0201758 0.00232318 -0.0387822 
v 0.0201768 0.00225743 -0.0389846 
v 0.0201778 0.00218326 -0.039184 
v 0.0201787 0.00210081 -0.0393802 
v 0.0201796 0.00201022 -0.0395727 
v 0.0201805 0.00191164 -0.0397612 
v 0.0201814 0.00180525 -0.0399455 
v 0.0201823 0.00169124 -0.0401251 
v 0.0201831 0.00156981 -0.0402999 
v 0.0201839 0.00144116 -0.0404693 
v 0.0201847 0.00130553 -0.0406333 
v 0.0201855 0.00116316 -0.0407914 
v 0.0201862 0.00101429 -0.0409434 
v 0.0201869 0.000859183 -0.0410891 
v 0.0201876 0.000698114 -0.0412281 
v 0.0201882 0.000531364 -0.0413603 
v 0.0201888 0.000359225 -0.0414853 
v 0.0201894 0.000182 -0.0416031 
v 0.0207604 0.00253554 -0.0375133 
v 0.020769 0.00252218 -0.0377255 
v 0.0207776 0.00249994 -0.0379369 
v 0.0207862 0.00246886 -0.0381473 
v 0.0207947 0.00242899 -0.0383561 
v 0.0208032 0.0023804 -0.0385631 
v 0.0208115 0.00232318 -0.0387678 
v 0.0208198 0.00225743 -0.03897 
v 0.0208279 0.00218326 -0.0391693 
v 0.0208359 0.00210081 -0.0393653 
v 0.0208437 0.00201022 -0.0395576 
v 0.0208514 0.00191164 -0.0397461 
v 0.0208589 0.00180525 -0.0399302 
v 0.0208663 0.00169124 -0.0401097 
v 0.0208734 0.00156981 -0.0402842 
v 0.0208803 0.00144116 -0.0404536 
v 0.020887 0.00130553 -0.0406174 
v 0.0208934 0.00116316 -0.0407754 
v 0.0208996 0.00101429 -0.0409273 
v 0.0209055 0.000859183 -0.0410728 
v 0.0209112 0.000698114 -0.0412117 
v 0.0209166 0.000531364 -0.0413438 
v 0.0209217 0.000359225 -0.0414688 
v 0.0209265 0.000182 -0.0415864 
v 0.0213376 0.00253554 -0.0374791 
v 0.0213541 0.00252218 -0.0376908 
v 0.0213706 0.00249994 -0.0379018 
v 0.021387 0.00246886 -0.0381117 
v 0.0214033 0.00242899 -0.03832 
v 0.0214194 0.0023804 -0.0385265 
v 0.0214353 0.00232318 -0.0387309 
v 0.0214511 0.00225743 -0.0389326 
v 0.0214666 0.00218326 -0.0391314 
v 0.0214819 0.00210081 -0.039327 
v 0.0214969 0.00201022 -0.0395189 
v 0.0215115 0.00191164 -0.0397069 
v 0.0215259 0.00180525 -0.0398906 
v 0.0215399 0.00169124 -0.0400697 
v 0.0215535 0.00156981 -0.0402439 
v 0.0215667 0.00144116 -0.0404129 
v 0.0215794 0.00130553 -0.0405763 
v 0.0215917 0.00116316 -0.040734 
v 0.0216036 0.00101429 -0.0408855 
v 0.0216149 0.000859183 -0.0410308 
v 0.0216257 0.000698114 -0.0411694 
v 0.021636 0.000531364 -0.0413011 
v 0.0216458 0.000359225 -0.0414258 
v 0.0216549 0.000182 -0.0415432 
v 0.0219041 0.00253554 -0.0374241 
v 0.0219287 0.00252218 -0.037635 
v 0.0219532 0.00249994 -0.0378452 
v 0.0219776 0.00246886 -0.0380543 
v 0.0220018 0.00242899 -0.0382619 
v 0.0220258 0.0023804 -0.0384676 
v 0.0220495 0.00232318 -0.0386712 
v 0.0220729 0.00225743 -0.0388722 
v 0.022096 0.00218326 -0.0390703 
v 0.0221187 0.00210081 -0.0392651 
v 0.022141 0.00201022 -0.0394563 
v 0.0221628 0.00191164 -0.0396436 
v 0.0221842 0.00180525 -0.0398267 
v 0.022205 0.00169124 -0.0400051 
v 0.0222252 0.00156981 -0.0401786 
v 0.0222448 0.00144116 -0.040347 
v 0.0222638 0.00130553 -0.0405098 
v 0.0222821 0.00116316 -0.0406669 
v 0.0222997 0.00101429 -0.0408179 
v 0.0223165 0.000859183 -0.0409626 
v 0.0223326 0.000698114 -0.0411007 
v 0.0223479 0.000531364 -0.0412319 
v 0.0223624 0.000359225 -0.0413562 
v 0.022376 0.000182 -0.0414731 
v 0.0224625 0.00253554 -0.037348 
v 0.0224952 0.00252218 -0.0375579 
v 0.0225278 0.00249994 -0.0377669 
v 0.0225603 0.00246886 -0.0379749 
v 0.0225925 0.00242899 -0.0381814 
v 0.0226245 0.0023804 -0.0383861 
v 0.0226561 0.00232318 -0.0385886 
v 0.0226873 0.00225743 -0.0387885 
v 0.022718 0.00218326 -0.0389856 
v 0.0227482 0.00210081 -0.0391794 
v 0.0227779 0.00201022 -0.0393696 
v 0.022807 0.00191164 -0.0395559 
v 0.0228354 0.00180525 -0.039738 
v 0.0228631 0.00169124 -0.0399155 
v 0.02289 0.00156981 -0.0400881 
v 0.0229162 0.00144116 -0.0402556 
v 0.0229415 0.00130553 -0.0404175 
v 0.0229658 0.00116316 -0.0405738 
v 0.0229893 0.00101429 -0.040724 
v 0.0230117 0.000859183 -0.0408679 
v 0.0230332 0.000698114 -0.0410053 
v 0.0230535 0.000531364 -0.0411358 
v 0.0230728 0.000359225 -0.0412594 
v 0.023091 0.000182 -0.0413758 
v 0.023015 0.00253554 -0.0372507 
v 0.023056 0.00252218 -0.0374591 
v 0.0230967 0.00249994 -0.0376667 
v 0.0231373 0.00246886 -0.0378733 
v 0.0231776 0.00242899 -0.0380784 
v 0.0232175 0.0023804 -0.0382816 
v 0.023257 0.00232318 -0.0384827 
v 0.023296 0.00225743 -0.0386813 
v 0.0233345 0.00218326 -0.038877 
v 0.0233723 0.00210081 -0.0390695 
v 0.0234094 0.00201022 -0.0392584 
v 0.0234457 0.00191164 -0.0394434 
v 0.0234812 0.00180525 -0.0396242 
v 0.0235159 0.00169124 -0.0398005 
v 0.0235496 0.00156981 -0.0399719 
v 0.0235822 0.00144116 -0.0401382 
v 0.0236138 0.00130553 -0.0402991 
v 0.0236443 0.00116316 -0.0404543 
v 0.0236736 0.00101429 -0.0406034 
v 0.0237017 0.000859183 -0.0407464 
v 0.0237285 0.000698114 -0.0408828 
v 0.0237539 0.000531364 -0.0410125 
v 0.023778 0.000359225 -0.0411352 
v 0.0238007 0.000182 -0.0412507 
v 0.0234508 0.00253554 -0.037158 
v 0.0234982 0.00252218 -0.037365 
v 0.0235454 0.00249994 -0.0375713 
v 0.0235924 0.00246886 -0.0377765 
v 0.023639 0.00242899 -0.0379802 
v 0.0236853 0.0023804 -0.0381822 
v 0.023731 0.00232318 -0.0383819 
v 0.0237762 0.00225743 -0.0385792 
v 0.0238207 0.00218326 -0.0387736 
v 0.0238645 0.00210081 -0.0389648 
v 0.0239075 0.00201022 -0.0391524 
v 0.0239495 0.00191164 -0.0393363 
v 0.0239907 0.00180525 -0.0395159 
v 0.0240308 0.00169124 -0.039691 
v 0.0240698 0.00156981 -0.0398613 
v 0.0241076 0.00144116 -0.0400265 
v 0.0241442 0.00130553 -0.0401863 
v 0.0241795 0.00116316 -0.0403405 
v 0.0242134 0.00101429 -0.0404886 
v 0.0242459 0.000859183 -0.0406306 
v 0.024277 0.000698114 -0.0407661 
v 0.0243065 0.000531364 -0.040895 
v 0.0243344 0.000359225 -0.0410169 
v 0.0240325 0.00253554 -0.0370124 
v 0.0240881 0.00252218 -0.0372174 
v 0.0241435 0.00249994 -0.0374216 
v 0.0241987 0.00246886 -0.0376247 
v 0.0242534 0.00242899 -0.0378264 
v 0.0243076 0.0023804 -0.0380264 
v 0.0243613 0.00232318 -0.0382242 
v 0.0244143 0.00225743 -0.0384195 
v 0.0244665 0.00218326 -0.0386119 
v 0.0245179 0.00210081 -0.0388012 
v 0.0245683 0.00201022 -0.038987 
v 0.0246177 0.00191164 -0.039169 
v 0.0246659 0.00180525 -0.0393469 
v 0.024713 0.00169124 -0.0395202 
v 0.0247587 0.00156981 -0.0396889 
v 0.0248031 0.00144116 -0.0398524 
v 0.024846 0.00130553 -0.0400107 
v 0.0248874 0.00116316 -0.0401633 
v 0.0249272 0.00101429 -0.04031 
v 0.0249654 0.000859183 -0.0404506 
v 0.0250018 0.000698114 -0.0405847 
v 0.0250364 0.000531364 -0.0407123 
v 0.0243607 0.000182 -0.0411317 
v 0.0250691 0.000359225 -0.040833 
v 0.0246561 0.00253554 -0.0368297 
v 0.0247198 0.00252218 -0.0370322 
v 0.0247833 0.00249994 -0.0372341 
v 0.0248464 0.00246886 -0.0374349 
v 0.0249091 0.00242899 -0.0376343 
v 0.0249713 0.0023804 -0.0378319 
v 0.0250327 0.00232318 -0.0380274 
v 0.0250934 0.00225743 -0.0382204 
v 0.0251533 0.00218326 -0.0384107 
v 0.0252121 0.00210081 -0.0385978 
v 0.0252698 0.00201022 -0.0387815 
v 0.0253264 0.00191164 -0.0389613 
v 0.0253817 0.00180525 -0.0391371 
v 0.0254356 0.00169124 -0.0393085 
v 0.025488 0.00156981 -0.0394752 
v 0.0255388 0.00144116 -0.0396369 
v 0.025588 0.00130553 -0.0397933 
v 0.0256354 0.00116316 -0.0399441 
v 0.025681 0.00101429 -0.0400891 
v 0.0257247 0.000859183 -0.0402281 
v 0.0257664 0.000698114 -0.0403607 
v 0.0258061 0.000531364 -0.0404868 
v 0.0251 0.000182 -0.0409466 
v 0.0258436 0.000359225 -0.0406061 
v 0.0253231 0.00253554 -0.0366051 
v 0.0253947 0.00252218 -0.036805 
v 0.0254662 0.00249994 -0.0370042 
v 0.0255372 0.00246886 -0.0372024 
v 0.0256077 0.00242899 -0.0373991 
v 0.0256776 0.0023804 -0.0375941 
v 0.0257468 0.00232318 -0.037787 
v 0.0258151 0.00225743 -0.0379775 
v 0.0258824 0.00218326 -0.0381653 
v 0.0259486 0.00210081 -0.0383499 
v 0.0260136 0.00201022 -0.0385311 
v 0.0260772 0.00191164 -0.0387086 
v 0.0261394 0.00180525 -0.0388821 
v 0.0262 0.00169124 -0.0390512 
v 0.026259 0.00156981 -0.0392157 
v 0.0263162 0.00144116 -0.0393752 
v 0.0263715 0.00130553 -0.0395295 
v 0.0264249 0.00116316 -0.0396784 
v 0.0264762 0.00101429 -0.0398215 
v 0.0265253 0.000859183 -0.0399586 
v 0.0265723 0.000698114 -0.0400895 
v 0.0266169 0.000531364 -0.0402139 
v 0.0258789 0.000182 -0.0407184 
v 0.0266591 0.000359225 -0.0403316 
v 0.0260343 0.00253554 -0.036334 
v 0.0261138 0.00252218 -0.0365309 
v 0.026193 0.00249994 -0.0367271 
v 0.0262718 0.00246886 -0.0369223 
v 0.02635 0.00242899 -0.0371161 
v 0.0264276 0.0023804 -0.0373082 
v 0.0265043 0.00232318 -0.0374982 
v 0.0265801 0.00225743 -0.0376859 
v 0.0266547 0.00218326 -0.0378708 
v 0.0267282 0.00210081 -0.0380527 
v 0.0268003 0.00201022 -0.0382312 
v 0.0268708 0.00191164 -0.0384061 
v 0.0269398 0.00180525 -0.0385769 
v 0.0270071 0.00169124 -0.0387435 
v 0.0270725 0.00156981 -0.0389055 
v 0.027136 0.00144116 -0.0390627 
v 0.0271973 0.00130553 -0.0392147 
v 0.0272565 0.00116316 -0.0393613 
v 0.0273135 0.00101429 -0.0395023 
v 0.027368 0.000859183 -0.0396374 
v 0.02742 0.000698114 -0.0397663 
v 0.0274695 0.000531364 -0.0398888 
v 0.0266988 0.000182 -0.0404424 
v 0.0275163 0.000359225 -0.0400048 
v 0.0268608 0.00253554 -0.0359791 
v 0.0269487 0.00252218 -0.0361725 
v 0.0270363 0.00249994 -0.0363651 
v 0.0271234 0.00246886 -0.0365567 
v 0.0272099 0.00242899 -0.036747 
v 0.0272956 0.0023804 -0.0369355 
v 0.0273805 0.00232318 -0.0371221 
v 0.0274642 0.00225743 -0.0373063 
v 0.0275468 0.00218326 -0.0374879 
v 0.0276279 0.00210081 -0.0376664 
v 0.0277076 0.00201022 -0.0378417 
v 0.0277857 0.00191164 -0.0380133 
v 0.0278619 0.00180525 -0.0381811 
v 0.0279363 0.00169124 -0.0383446 
v 0.0280086 0.00156981 -0.0385037 
v 0.0280788 0.00144116 -0.038658 
v 0.0281466 0.00130553 -0.0388072 
v 0.0282121 0.00116316 -0.0389511 
v 0.028275 0.00101429 -0.0390895 
v 0.0283353 0.000859183 -0.0392221 
v 0.0283928 0.000698114 -0.0393487 
v 0.0284475 0.000531364 -0.039469 
v 0.0275604 0.000182 -0.040114 
v 0.0284993 0.000359225 -0.0395829 
v 0.0277021 0.00253554 -0.0355752 
v 0.0277979 0.00252218 -0.0357648 
v 0.0278934 0.00249994 -0.0359536 
v 0.0279883 0.00246886 -0.0361415 
v 0.0280826 0.00242899 -0.036328 
v 0.028176 0.0023804 -0.0365129 
v 0.0282684 0.00232318 -0.0366958 
v 0.0283597 0.00225743 -0.0368765 
v 0.0284496 0.00218326 -0.0370544 
v 0.0285381 0.00210081 -0.0372295 
v 0.0286249 0.00201022 -0.0374013 
v 0.02871 0.00191164 -0.0375696 
v 0.0287931 0.00180525 -0.0377341 
v 0.0288741 0.00169124 -0.0378944 
v 0.0289529 0.00156981 -0.0380504 
v 0.0290293 0.00144116 -0.0382016 
v 0.0291033 0.00130553 -0.038348 
v 0.0291746 0.00116316 -0.0384891 
v 0.0292432 0.00101429 -0.0386248 
v 0.0293089 0.000859183 -0.0387548 
v 0.0293716 0.000698114 -0.0388789 
v 0.0294312 0.000531364 -0.0389968 
v 0.028548 0.000182 -0.03969 
v 0.0294876 0.000359225 -0.0391085 
v 0.0285568 0.00253554 -0.0351216 
v 0.02866 0.00252218 -0.0353072 
v 0.0287629 0.00249994 -0.0354921 
v 0.0288652 0.00246886 -0.0356761 
v 0.0289668 0.00242899 -0.0358587 
v 0.0290675 0.0023804 -0.0360398 
v 0.0291671 0.00232318 -0.0362188 
v 0.0292654 0.00225743 -0.0363957 
v 0.0293624 0.00218326 -0.03657 
v 0.0294577 0.00210081 -0.0367414 
v 0.0295513 0.00201022 -0.0369096 
v 0.029643 0.00191164 -0.0370744 
v 0.0297325 0.00180525 -0.0372355 
v 0.0298199 0.00169124 -0.0373925 
v 0.0299048 0.00156981 -0.0375452 
v 0.0299872 0.00144116 -0.0376933 
v 0.0300669 0.00130553 -0.0378365 
v 0.0301437 0.00116316 -0.0379747 
v 0.0302176 0.00101429 -0.0381076 
v 0.0302884 0.000859183 -0.0382349 
v 0.030356 0.000698114 -0.0383564 
v 0.0304202 0.000531364 -0.0384719 
v 0.0295407 0.000182 -0.0392135 
v 0.030481 0.000359225 -0.0385812 
v 0.0288507 0.00253554 -0.0349555 
v 0.0289564 0.00252218 -0.0351397 
v 0.0290617 0.00249994 -0.0353233 
v 0.0291664 0.00246886 -0.0355059 
v 0.0292704 0.00242899 -0.0356872 
v 0.0293735 0.0023804 -0.0358668 
v 0.0294755 0.00232318 -0.0360446 
v 0.0295762 0.00225743 -0.0362201 
v 0.0296754 0.00218326 -0.0363931 
v 0.029773 0.00210081 -0.0365633 
v 0.0298688 0.00201022 -0.0367303 
v 0.0299627 0.00191164 -0.0368938 
v 0.0300544 0.00180525 -0.0370537 
v 0.0301438 0.00169124 -0.0372095 
v 0.0302307 0.00156981 -0.037361 
v 0.030315 0.00144116 -0.037508 
v 0.0303966 0.00130553 -0.0376502 
v 0.0304753 0.00116316 -0.0377874 
v 0.030551 0.00101429 -0.0379193 
v 0.0306234 0.000859183 -0.0380456 
v 0.0306926 0.000698114 -0.0381662 
v 0.0307584 0.000531364 -0.0382808 
v 0.0305383 0.000182 -0.0386841 
v 0.0308206 0.000359225 -0.0383893 
v 0.0297504 0.00253554 -0.0344153 
v 0.0298632 0.00252218 -0.0345952 
v 0.0299757 0.00249994 -0.0347744 
v 0.0300876 0.00246886 -0.0349527 
v 0.0301987 0.00242899 -0.0351298 
v 0.0303088 0.0023804 -0.0353052 
v 0.0304177 0.00232318 -0.0354788 
v 0.0305252 0.00225743 -0.0356502 
v 0.0306312 0.00218326 -0.0358192 
v 0.0307355 0.00210081 -0.0359853 
v 0.0308378 0.00201022 -0.0361484 
v 0.030938 0.00191164 -0.0363081 
v 0.0310359 0.00180525 -0.0364642 
v 0.0311314 0.00169124 -0.0366164 
v 0.0312243 0.00156981 -0.0367644 
v 0.0313143 0.00144116 -0.036908 
v 0.0314015 0.00130553 -0.0370468 
v 0.0314855 0.00116316 -0.0371808 
v 0.0315663 0.00101429 -0.0373096 
v 0.0316437 0.000859183 -0.0374329 
v 0.0317176 0.000698114 -0.0375507 
v 0.0317879 0.000531364 -0.0376627 
v 0.0308792 0.000182 -0.0384915 
v 0.0318543 0.000359225 -0.0377686 
v 0.0306773 0.00253554 -0.0338077 
v 0.0307972 0.00252218 -0.033983 
v 0.0309166 0.00249994 -0.0341577 
v 0.0310354 0.00246886 -0.0343314 
v 0.0311534 0.00242899 -0.0345039 
v 0.0312703 0.0023804 -0.0346749 
v 0.031386 0.00232318 -0.0348441 
v 0.0315002 0.00225743 -0.0350112 
v 0.0316128 0.00218326 -0.0351758 
v 0.0317235 0.00210081 -0.0353377 
v 0.0318322 0.00201022 -0.0354966 
v 0.0319386 0.00191164 -0.0356523 
v 0.0320426 0.00180525 -0.0358044 
v 0.032144 0.00169124 -0.0359527 
v 0.0322426 0.00156981 -0.0360969 
v 0.0323383 0.00144116 -0.0362368 
v 0.0324308 0.00130553 -0.0363721 
v 0.0325201 0.00116316 -0.0365027 
v 0.0326059 0.00101429 -0.0366282 
v 0.0326881 0.000859183 -0.0367484 
v 0.0327666 0.000698114 -0.0368632 
v 0.0328412 0.000531364 -0.0369723 
v 0.0319169 0.000182 -0.0378683 
v 0.0329118 0.000359225 -0.0370755 
v 0.0317026 0.00253554 -0.0330738 
v 0.0318298 0.00252218 -0.0332439 
v 0.0319566 0.00249994 -0.0334133 
v 0.0320827 0.00246886 -0.0335818 
v 0.0322079 0.00242899 -0.0337492 
v 0.032332 0.0023804 -0.0339151 
v 0.0324548 0.00232318 -0.0340792 
v 0.032576 0.00225743 -0.0342412 
v 0.0326955 0.00218326 -0.0344009 
v 0.032813 0.00210081 -0.0345579 
v 0.0329283 0.00201022 -0.0347121 
v 0.0330413 0.00191164 -0.034863 
v 0.0331517 0.00180525 -0.0350106 
v 0.0332593 0.00169124 -0.0351544 
v 0.033364 0.00156981 -0.0352943 
v 0.0334655 0.00144116 -0.03543 
v 0.0335637 0.00130553 -0.0355613 
v 0.0336585 0.00116316 -0.0356879 
v 0.0337495 0.00101429 -0.0358096 
v 0.0338368 0.000859183 -0.0359263 
v 0.0339201 0.000698114 -0.0360376 
v 0.0339993 0.000531364 -0.0361434 
v 0.0329782 0.000182 -0.0371727 
v 0.0340742 0.000359225 -0.0362435 
v 0.032705 0.00253554 -0.0322909 
v 0.0328391 0.00252218 -0.0324556 
v 0.0329728 0.00249994 -0.0326196 
v 0.0331057 0.00246886 -0.0327828 
v 0.0332377 0.00242899 -0.0329449 
v 0.0333685 0.0023804 -0.0331055 
v 0.0334979 0.00232318 -0.0332644 
v 0.0336257 0.00225743 -0.0334213 
v 0.0337517 0.00218326 -0.0335759 
v 0.0338756 0.00210081 -0.033728 
v 0.0339972 0.00201022 -0.0338773 
v 0.0341162 0.00191164 -0.0340235 
v 0.0342326 0.00180525 -0.0341664 
v 0.0343461 0.00169124 -0.0343057 
v 0.0344564 0.00156981 -0.0344411 
v 0.0345634 0.00144116 -0.0345725 
v 0.034667 0.00130553 -0.0346997 
v 0.0347668 0.00116316 -0.0348223 
v 0.0348628 0.00101429 -0.0349401 
v 0.0349548 0.000859183 -0.0350531 
v 0.0350426 0.000698114 -0.0351609 
v 0.0351261 0.000531364 -0.0352633 
v 0.0341447 0.000182 -0.0363378 
v 0.0352051 0.000359225 -0.0353603 
v 0.0336817 0.00253554 -0.0314621 
v 0.0338223 0.00252218 -0.0316212 
v 0.0339624 0.00249994 -0.0317798 
v 0.0341018 0.00246886 -0.0319375 
v 0.0342402 0.00242899 -0.0320942 
v 0.0343773 0.0023804 -0.0322494 
v 0.034513 0.00232318 -0.032403 
v 0.034647 0.00225743 -0.0325546 
v 0.0347791 0.00218326 -0.032704 
v 0.034909 0.00210081 -0.032851 
v 0.0350365 0.00201022 -0.0329953 
v 0.0351613 0.00191164 -0.0331366 
v 0.0352833 0.00180525 -0.0332747 
v 0.0354023 0.00169124 -0.0334093 
v 0.035518 0.00156981 -0.0335402 
v 0.0356302 0.00144116 -0.0336672 
v 0.0357388 0.00130553 -0.0337901 
v 0.0358435 0.00116316 -0.0339086 
v 0.0359441 0.00101429 -0.0340225 
v 0.0360406 0.000859183 -0.0341316 
v 0.0361327 0.000698114 -0.0342358 
v 0.0362202 0.000531364 -0.0343349 
v 0.0352794 0.000182 -0.0354516 
v 0.036303 0.000359225 -0.0344286 
v 0.0346296 0.00253554 -0.0305904 
v 0.0347764 0.00252218 -0.0307439 
v 0.0349226 0.00249994 -0.0308968 
v 0.0350681 0.00246886 -0.0310489 
v 0.0352126 0.00242899 -0.0311999 
v 0.0353558 0.0023804 -0.0313496 
v 0.0354975 0.00232318 -0.0314977 
v 0.0356374 0.00225743 -0.0316439 
v 0.0357752 0.00218326 -0.031788 
v 0.0359108 0.00210081 -0.0319297 
v 0.0360439 0.00201022 -0.0320689 
v 0.0361743 0.00191164 -0.0322051 
v 0.0363016 0.00180525 -0.0323383 
v 0.0364258 0.00169124 -0.0324681 
v 0.0365466 0.00156981 -0.0325943 
v 0.0366638 0.00144116 -0.0327168 
v 0.0367771 0.00130553 -0.0328353 
v 0.0368864 0.00116316 -0.0329495 
v 0.0369915 0.00101429 -0.0330594 
v 0.0370922 0.000859183 -0.0331646 
v 0.0371883 0.000698114 -0.0332651 
v 0.0372797 0.000531364 -0.0333606 
v 0.036381 0.000182 -0.0345168 
v 0.0373661 0.000359225 -0.033451 
v 0.0355458 0.00253554 -0.0296788 
v 0.0356985 0.00252218 -0.0298263 
v 0.0358507 0.00249994 -0.0299734 
v 0.036002 0.00246886 -0.0301196 
v 0.0361523 0.00242899 -0.0302649 
v 0.0363013 0.0023804 -0.0304088 
v 0.0364487 0.00232318 -0.0305513 
v 0.0365942 0.00225743 -0.0306919 
v 0.0367376 0.00218326 -0.0308305 
v 0.0368786 0.00210081 -0.0309668 
v 0.0370171 0.00201022 -0.0311006 
v 0.0371527 0.00191164 -0.0312316 
v 0.0372852 0.00180525 -0.0313596 
v 0.0374144 0.00169124 -0.0314845 
v 0.03754 0.00156981 -0.0316059 
v 0.0376619 0.00144116 -0.0317237 
v 0.0377798 0.00130553 -0.0318376 
v 0.0378935 0.00116316 -0.0319475 
v 0.0380028 0.00101429 -0.0320531 
v 0.0381075 0.000859183 -0.0321544 
v 0.0382075 0.000698114 -0.032251 
v 0.0383025 0.000531364 -0.0323428 
v 0.0374475 0.000182 -0.033536 
v 0.0383925 0.000359225 -0.0324297 
v 0.0364275 0.00253554 -0.0287298 
v 0.0365859 0.00252218 -0.0288712 
v 0.0367437 0.00249994 -0.0290122 
v 0.0369007 0.00246886 -0.0291524 
v 0.0370566 0.00242899 -0.0292917 
v 0.0372111 0.0023804 -0.0294297 
v 0.0373639 0.00232318 -0.0295662 
v 0.0375149 0.00225743 -0.029701 
v 0.0376636 0.00218326 -0.0298338 
v 0.0378099 0.00210081 -0.0299645 
v 0.0379535 0.00201022 -0.0300928 
v 0.0380941 0.00191164 -0.0302184 
v 0.0382315 0.00180525 -0.0303411 
v 0.0383655 0.00169124 -0.0304608 
v 0.0384958 0.00156981 -0.0305772 
v 0.0386222 0.00144116 -0.0306901 
v 0.0387445 0.00130553 -0.0307993 
v 0.0388624 0.00116316 -0.0309046 
v 0.0389758 0.00101429 -0.0310059 
v 0.0390844 0.000859183 -0.031103 
v 0.0391881 0.000698114 -0.0311956 
v 0.0392867 0.000531364 -0.0312836 
v 0.0384772 0.000182 -0.0325115 
v 0.03938 0.000359225 -0.0313669 
v 0.0394678 0.000182 -0.0314454 
v 0.0365322 0.00253554 -0.028612 
v 0.0366913 0.00252218 -0.0287527 
v 0.0368498 0.00249994 -0.0288929 
v 0.0370074 0.00246886 -0.0290324 
v 0.037164 0.00242899 -0.0291709 
v 0.0373191 0.0023804 -0.0293081 
v 0.0374726 0.00232318 -0.0294439 
v 0.0376242 0.00225743 -0.029578 
v 0.0377736 0.00218326 -0.0297101 
v 0.0379205 0.00210081 -0.0298401 
v 0.0380647 0.00201022 -0.0299677 
v 0.0382059 0.00191164 -0.0300926 
v 0.0383439 0.00180525 -0.0302147 
v 0.0384785 0.00169124 -0.0303337 
v 0.0386093 0.00156981 -0.0304495 
v 0.0387363 0.00144116 -0.0305618 
v 0.0388591 0.00130553 -0.0306704 
v 0.0389775 0.00116316 -0.0307752 
v 0.0390914 0.00101429 -0.0308759 
v 0.0392004 0.000859183 -0.0309724 
v 0.0393046 0.000698114 -0.0310646 
v 0.0394036 0.000531364 -0.0311521 
v 0.0394972 0.000359225 -0.031235 
v 0.0395854 0.000182 -0.031313 
v 0.0372999 0.00253554 -0.0277121 
v 0.0374639 0.00252218 -0.0278469 
v 0.0376274 0.00249994 -0.0279813 
v 0.03779 0.00246886 -0.028115 
v 0.0379514 0.00242899 -0.0282478 
v 0.0381114 0.0023804 -0.0283793 
v 0.0382697 0.00232318 -0.0285095 
v 0.038426 0.00225743 -0.028638 
v 0.0385801 0.00218326 -0.0287647 
v 0.0387316 0.00210081 -0.0288893 
v 0.0388803 0.00201022 -0.0290115 
v 0.0390259 0.00191164 -0.0291313 
v 0.0391682 0.00180525 -0.0292483 
v 0.039307 0.00169124 -0.0293624 
v 0.039442 0.00156981 -0.0294734 
v 0.0395729 0.00144116 -0.029581 
v 0.0396995 0.00130553 -0.0296852 
v 0.0398217 0.00116316 -0.0297856 
v 0.0399391 0.00101429 -0.0298821 
v 0.0400516 0.000859183 -0.0299747 
v 0.040159 0.000698114 -0.030063 
v 0.0402611 0.000531364 -0.0301469 
v 0.0403577 0.000359225 -0.0302263 
v 0.0404486 0.000182 -0.0303011 
v 0.0380192 0.00253554 -0.0268047 
v 0.0381879 0.00252218 -0.0269336 
v 0.0383561 0.00249994 -0.0270621 
v 0.0385234 0.00246886 -0.0271899 
v 0.0386895 0.00242899 -0.0273167 
v 0.0388541 0.0023804 -0.0274425 
v 0.0390169 0.00232318 -0.0275669 
v 0.0391777 0.00225743 -0.0276897 
v 0.0393362 0.00218326 -0.0278108 
v 0.0394921 0.00210081 -0.0279299 
v 0.0396451 0.00201022 -0.0280467 
v 0.0397949 0.00191164 -0.0281612 
v 0.0399414 0.00180525 -0.0282731 
v 0.0400841 0.00169124 -0.0283821 
v 0.040223 0.00156981 -0.0284882 
v 0.0403577 0.00144116 -0.0285911 
v 0.0404879 0.00130553 -0.0286906 
v 0.0406136 0.00116316 -0.0287866 
v 0.0407344 0.00101429 -0.0288789 
v 0.0408502 0.000859183 -0.0289673 
v 0.0409606 0.000698114 -0.0290517 
v 0.0410657 0.000531364 -0.0291319 
v 0.0411651 0.000359225 -0.0292078 
v 0.0412586 0.000182 -0.0292793 
v 0.0386909 0.00253554 -0.0258921 
v 0.0388642 0.00252218 -0.0260149 
v 0.0390368 0.00249994 -0.0261373 
v 0.0392085 0.00246886 -0.026259 
v 0.0393791 0.00242899 -0.0263799 
v 0.0395481 0.0023804 -0.0264996 
v 0.0397153 0.00232318 -0.0266181 
v 0.0398804 0.00225743 -0.0267352 
v 0.0400431 0.00218326 -0.0268505 
v 0.0402031 0.00210081 -0.0269639 
v 0.0403602 0.00201022 -0.0270752 
v 0.040514 0.00191164 -0.0271843 
v 0.0406644 0.00180525 -0.0272908 
v 0.0408109 0.00169124 -0.0273947 
v 0.0409535 0.00156981 -0.0274957 
v 0.0410918 0.00144116 -0.0275937 
v 0.0412255 0.00130553 -0.0276885 
v 0.0413545 0.00116316 -0.02778 
v 0.0414786 0.00101429 -0.0278679 
v 0.0415974 0.000859183 -0.0279521 
v 0.0417108 0.000698114 -0.0280325 
v 0.0418186 0.000531364 -0.0281089 
v 0.0419207 0.000359225 -0.0281812 
v 0.0420168 0.000182 -0.0282493 
v 0.0393159 0.00253554 -0.0249761 
v 0.0394934 0.00252218 -0.0250926 
v 0.0396703 0.00249994 -0.0252087 
v 0.0398463 0.00246886 -0.0253242 
v 0.0400211 0.00242899 -0.0254389 
v 0.0401943 0.0023804 -0.0255525 
v 0.0403656 0.00232318 -0.0256649 
v 0.0405348 0.00225743 -0.0257759 
v 0.0407015 0.00218326 -0.0258854 
v 0.0408655 0.00210081 -0.025993 
v 0.0410265 0.00201022 -0.0260986 
v 0.0411841 0.00191164 -0.026202 
v 0.0413382 0.00180525 -0.0263031 
v 0.0414884 0.00169124 -0.0264017 
v 0.0416345 0.00156981 -0.0264975 
v 0.0417762 0.00144116 -0.0265905 
v 0.0419133 0.00130553 -0.0266805 
v 0.0420455 0.00116316 -0.0267672 
v 0.0421726 0.00101429 -0.0268506 
v 0.0422943 0.000859183 -0.0269305 
v 0.0424106 0.000698114 -0.0270068 
v 0.0425211 0.000531364 -0.0270793 
v 0.0426257 0.000359225 -0.0271479 
v 0.0427241 0.000182 -0.0272125 
v 0.0398948 0.00253554 -0.0240583 
v 0.0400764 0.00252218 -0.0241683 
v 0.0402574 0.00249994 -0.0242779 
v 0.0404375 0.00246886 -0.0243869 
v 0.0406163 0.00242899 -0.0244952 
v 0.0407934 0.0023804 -0.0246025 
v 0.0409687 0.00232318 -0.0247087 
v 0.0411418 0.00225743 -0.0248135 
v 0.0413124 0.00218326 -0.0249168 
v 0.0414802 0.00210081 -0.0250185 
v 0.0416449 0.00201022 -0.0251182 
v 0.0418062 0.00191164 -0.0252159 
v 0.0419638 0.00180525 -0.0253113 
v 0.0421174 0.00169124 -0.0254044 
v 0.0422669 0.00156981 -0.0254949 
v 0.0424119 0.00144116 -0.0255827 
v 0.0425521 0.00130553 -0.0256676 
v 0.0426873 0.00116316 -0.0257495 
v 0.0428174 0.00101429 -0.0258283 
v 0.042942 0.000859183 -0.0259038 
v 0.0430609 0.000698114 -0.0259758 
v 0.0431739 0.000531364 -0.0260442 
v 0.0432809 0.000359225 -0.026109 
v 0.0433816 0.000182 -0.02617 
v 0.0404284 0.00253554 -0.0231399 
v 0.040614 0.00252218 -0.0232432 
v 0.0407988 0.00249994 -0.0233461 
v 0.0409828 0.00246886 -0.0234485 
v 0.0411654 0.00242899 -0.0235502 
v 0.0413464 0.0023804 -0.0236509 
v 0.0415254 0.00232318 -0.0237506 
v 0.0417022 0.00225743 -0.0238491 
v 0.0418765 0.00218326 -0.0239461 
v 0.0420479 0.00210081 -0.0240415 
v 0.0422161 0.00201022 -0.0241351 
v 0.0423808 0.00191164 -0.0242268 
v 0.0425418 0.00180525 -0.0243165 
v 0.0426988 0.00169124 -0.0244038 
v 0.0428515 0.00156981 -0.0244888 
v 0.0429995 0.00144116 -0.0245713 
v 0.0431428 0.00130553 -0.024651 
v 0.0432809 0.00116316 -0.0247279 
v 0.0434138 0.00101429 -0.0248019 
v 0.043541 0.000859183 -0.0248727 
v 0.0436625 0.000698114 -0.0249403 
v 0.043778 0.000531364 -0.0250046 
v 0.0438873 0.000359225 -0.0250655 
v 0.0439901 0.000182 -0.0251227 
v 0.0409174 0.00253554 -0.0222221 
v 0.0411067 0.00252218 -0.0223184 
v 0.0412952 0.00249994 -0.0224144 
v 0.0414828 0.00246886 -0.0225099 
v 0.0416691 0.00242899 -0.0226047 
v 0.0418537 0.0023804 -0.0226987 
v 0.0420363 0.00232318 -0.0227916 
v 0.0422167 0.00225743 -0.0228834 
v 0.0423944 0.00218326 -0.0229739 
v 0.0425692 0.00210081 -0.0230629 
v 0.0427408 0.00201022 -0.0231502 
v 0.0429089 0.00191164 -0.0232357 
v 0.0430731 0.00180525 -0.0233193 
v 0.0432332 0.00169124 -0.0234008 
v 0.0433889 0.00156981 -0.0234801 
v 0.0435399 0.00144116 -0.0235569 
v 0.043686 0.00130553 -0.0236313 
v 0.043827 0.00116316 -0.023703 
v 0.0439624 0.00101429 -0.023772 
v 0.0440922 0.000859183 -0.0238381 
v 0.0442161 0.000698114 -0.0239011 
v 0.0443339 0.000531364 -0.0239611 
v 0.0444454 0.000359225 -0.0240178 
v 0.0445503 0.000182 -0.0240712 
v 0.0413624 0.00253554 -0.0213056 
v 0.0415552 0.00252218 -0.0213947 
v 0.0417472 0.00249994 -0.0214835 
v 0.0419383 0.00246886 -0.0215718 
v 0.042128 0.00242899 -0.0216595 
v 0.0423161 0.0023804 -0.0217464 
v 0.0425021 0.00232318 -0.0218324 
v 0.0426858 0.00225743 -0.0219173 
v 0.0428668 0.00218326 -0.0220009 
v 0.0430449 0.00210081 -0.0220832 
v 0.0432196 0.00201022 -0.022164 
v 0.0433908 0.00191164 -0.0222431 
v 0.0435581 0.00180525 -0.0223204 
v 0.0437211 0.00169124 -0.0223958 
v 0.0438797 0.00156981 -0.0224691 
v 0.0440336 0.00144116 -0.0225402 
v 0.0441824 0.00130553 -0.022609 
v 0.0443259 0.00116316 -0.0226754 
v 0.0444639 0.00101429 -0.0227391 
v 0.0445961 0.000859183 -0.0228002 
v 0.0447223 0.000698114 -0.0228586 
v 0.0448423 0.000531364 -0.022914 
v 0.0449558 0.000359225 -0.0229665 
v 0.0450627 0.000182 -0.0230159 
v 0.041764 0.00253554 -0.0203911 
v 0.04196 0.00252218 -0.0204726 
v 0.0421554 0.00249994 -0.0205539 
v 0.0423497 0.00246886 -0.0206348 
v 0.0425427 0.00242899 -0.020715 
v 0.042734 0.0023804 -0.0207946 
v 0.0429232 0.00232318 -0.0208733 
v 0.04311 0.00225743 -0.0209511 
v 0.0432942 0.00218326 -0.0210277 
v 0.0434753 0.00210081 -0.021103 
v 0.043653 0.00201022 -0.021177 
v 0.0438271 0.00191164 -0.0212494 
v 0.0439973 0.00180525 -0.0213202 
v 0.0441631 0.00169124 -0.0213892 
v 0.0443244 0.00156981 -0.0214563 
v 0.0444809 0.00144116 -0.0215214 
v 0.0446323 0.00130553 -0.0215844 
v 0.0447783 0.00116316 -0.0216451 
v 0.0449186 0.00101429 -0.0217035 
v 0.0450531 0.000859183 -0.0217594 
v 0.0451815 0.000698114 -0.0218128 
v 0.0453035 0.000531364 -0.0218636 
v 0.045419 0.000359225 -0.0219116 
v 0.0455277 0.000182 -0.0219569 
v 0.0419773 0.00253554 -0.0198614 
v 0.0421751 0.00252218 -0.0199384 
v 0.0423723 0.00249994 -0.0200152 
v 0.0425685 0.00246886 -0.0200916 
v 0.0427632 0.00242899 -0.0201675 
v 0.0429563 0.0023804 -0.0202426 
v 0.0431472 0.00232318 -0.020317 
v 0.0433358 0.00225743 -0.0203904 
v 0.0435216 0.00218326 -0.0204628 
v 0.0437044 0.00210081 -0.020534 
v 0.0438838 0.00201022 -0.0206038 
v 0.0440595 0.00191164 -0.0206722 
v 0.0442313 0.00180525 -0.0207391 
v 0.0443987 0.00169124 -0.0208043 
v 0.0445615 0.00156981 -0.0208677 
v 0.0447194 0.00144116 -0.0209292 
v 0.0448722 0.00130553 -0.0209887 
v 0.0450195 0.00116316 -0.021046 
v 0.0451612 0.00101429 -0.0211012 
v 0.0452969 0.000859183 -0.0211541 
v 0.0454265 0.000698114 -0.0212045 
v 0.0455496 0.000531364 -0.0212525 
v 0.0456662 0.000359225 -0.0212979 
v 0.0457759 0.000182 -0.0213406 
v 0.042286 0.00253554 -0.0190231 
v 0.0424866 0.00252218 -0.0190928 
v 0.0426865 0.00249994 -0.0191622 
v 0.0428854 0.00246886 -0.0192313 
v 0.0430828 0.00242899 -0.0192998 
v 0.0432785 0.0023804 -0.0193678 
v 0.0434721 0.00232318 -0.019435 
v 0.0436633 0.00225743 -0.0195014 
v 0.0438517 0.00218326 -0.0195669 
v 0.0440369 0.00210081 -0.0196312 
v 0.0442188 0.00201022 -0.0196944 
v 0.0443969 0.00191164 -0.0197562 
v 0.044571 0.00180525 -0.0198167 
v 0.0447407 0.00169124 -0.0198756 
v 0.0449058 0.00156981 -0.0199329 
v 0.0450659 0.00144116 -0.0199886 
v 0.0452207 0.00130553 -0.0200423 
v 0.0453701 0.00116316 -0.0200942 
v 0.0455137 0.00101429 -0.0201441 
v 0.0456513 0.000859183 -0.0201919 
v 0.0457826 0.000698114 -0.0202375 
v 0.0459075 0.000531364 -0.0202808 
v 0.0460256 0.000359225 -0.0203219 
v 0.0461369 0.000182 -0.0203605 
v 0.0425581 0.00253554 -0.0181894 
v 0.0427612 0.00252218 -0.0182514 
v 0.0429636 0.00249994 -0.0183132 
v 0.0431649 0.00246886 -0.0183746 
v 0.0433648 0.00242899 -0.0184357 
v 0.0435629 0.0023804 -0.0184961 
v 0.0437589 0.00232318 -0.018556 
v 0.0439525 0.00225743 -0.0186151 
v 0.0441432 0.00218326 -0.0186733 
v 0.0443308 0.00210081 -0.0187306 
v 0.044515 0.00201022 -0.0187868 
v 0.0446953 0.00191164 -0.0188419 
v 0.0448715 0.00180525 -0.0188957 
v 0.0450434 0.00169124 -0.0189481 
v 0.0452105 0.00156981 -0.0189992 
v 0.0453726 0.00144116 -0.0190486 
v 0.0455294 0.00130553 -0.0190965 
v 0.0456806 0.00116316 -0.0191427 
v 0.045826 0.00101429 -0.0191871 
v 0.0459653 0.000859183 -0.0192296 
v 0.0460983 0.000698114 -0.0192702 
v 0.0462247 0.000531364 -0.0193088 
v 0.0463443 0.000359225 -0.0193453 
v 0.0464569 0.000182 -0.0193797 
v 0.0427945 0.00253554 -0.0173576 
v 0.0429999 0.00252218 -0.0174116 
v 0.0432045 0.00249994 -0.0174655 
v 0.0434081 0.00246886 -0.0175191 
v 0.0436102 0.00242899 -0.0175722 
v 0.0438106 0.0023804 -0.017625 
v 0.0440088 0.00232318 -0.0176771 
v 0.0442045 0.00225743 -0.0177286 
v 0.0443973 0.00218326 -0.0177793 
v 0.044587 0.00210081 -0.0178293 
v 0.0447732 0.00201022 -0.0178782 
v 0.0449556 0.00191164 -0.0179262 
v 0.0451338 0.00180525 -0.0179731 
v 0.0453075 0.00169124 -0.0180188 
v 0.0454765 0.00156981 -0.0180633 
v 0.0456404 0.00144116 -0.0181064 
v 0.0457989 0.00130553 -0.0181481 
v 0.0459518 0.00116316 -0.0181884 
v 0.0460989 0.00101429 -0.018227 
v 0.0462397 0.000859183 -0.0182641 
v 0.0463742 0.000698114 -0.0182995 
v 0.046502 0.000531364 -0.0183331 
v 0.0466229 0.000359225 -0.0183649 
v 0.0467368 0.000182 -0.0183949 
v 0.0429961 0.00253554 -0.0165239 
v 0.0432035 0.00252218 -0.0165696 
v 0.0434101 0.00249994 -0.0166152 
v 0.0436157 0.00246886 -0.0166605 
v 0.0438198 0.00242899 -0.0167055 
v 0.0440221 0.0023804 -0.01675 
v 0.0442222 0.00232318 -0.0167941 
v 0.0444199 0.00225743 -0.0168377 
v 0.0446146 0.00218326 -0.0168806 
v 0.0448062 0.00210081 -0.0169228 
v 0.0449942 0.00201022 -0.0169642 
v 0.0451783 0.00191164 -0.0170048 
v 0.0453583 0.00180525 -0.0170445 
v 0.0455337 0.00169124 -0.0170831 
v 0.0457044 0.00156981 -0.0171207 
v 0.0458699 0.00144116 -0.0171572 
v 0.04603 0.00130553 -0.0171925 
v 0.0461844 0.00116316 -0.0172265 
v 0.0463328 0.00101429 -0.0172592 
v 0.0464751 0.000859183 -0.0172906 
v 0.0466109 0.000698114 -0.0173205 
v 0.0467399 0.000531364 -0.0173489 
v 0.0468621 0.000359225 -0.0173759 
v 0.0469771 0.000182 -0.0174012 
v 0.0431636 0.00253554 -0.0156821 
v 0.0433727 0.00252218 -0.0157193 
v 0.043581 0.00249994 -0.0157563 
v 0.0437883 0.00246886 -0.0157932 
v 0.043994 0.00242899 -0.0158298 
v 0.044198 0.0023804 -0.0158661 
v 0.0443998 0.00232318 -0.015902 
v 0.044599 0.00225743 -0.0159374 
v 0.0447953 0.00218326 -0.0159723 
v 0.0449885 0.00210081 -0.0160067 
v 0.045178 0.00201022 -0.0160404 
v 0.0453637 0.00191164 -0.0160734 
v 0.0455451 0.00180525 -0.0161057 
v 0.045722 0.00169124 -0.0161371 
v 0.045894 0.00156981 -0.0161677 
v 0.0460608 0.00144116 -0.0161974 
v 0.0462223 0.00130553 -0.0162261 
v 0.0463779 0.00116316 -0.0162538 
v 0.0465276 0.00101429 -0.0162804 
v 0.046671 0.000859183 -0.0163059 
v 0.0468079 0.000698114 -0.0163302 
v 0.046938 0.000531364 -0.0163534 
v 0.0470612 0.000359225 -0.0163753 
v 0.0432978 0.00253554 -0.0148275 
v 0.0435082 0.00252218 -0.0148562 
v 0.0437178 0.00249994 -0.0148848 
v 0.0439264 0.00246886 -0.0149132 
v 0.0441335 0.00242899 -0.0149414 
v 0.0443387 0.0023804 -0.0149694 
v 0.0445418 0.00232318 -0.0149971 
v 0.0447423 0.00225743 -0.0150245 
v 0.0449399 0.00218326 -0.0150514 
v 0.0451343 0.00210081 -0.0150779 
v 0.045325 0.00201022 -0.0151039 
v 0.0455119 0.00191164 -0.0151294 
v 0.0456944 0.00180525 -0.0151543 
v 0.0458724 0.00169124 -0.0151786 
v 0.0460456 0.00156981 -0.0152022 
v 0.0462135 0.00144116 -0.0152251 
v 0.0463759 0.00130553 -0.0152473 
v 0.0465326 0.00116316 -0.0152686 
v 0.0466832 0.00101429 -0.0152892 
v 0.0468275 0.000859183 -0.0153088 
v 0.0469653 0.000698114 -0.0153276 
v 0.0470963 0.000531364 -0.0153455 
v 0.0471771 0.000182 -0.0163959 
v 0.0472202 0.000359225 -0.0153624 
v 0.0433985 0.00253554 -0.013959 
v 0.0436099 0.00252218 -0.0139793 
v 0.0438205 0.00249994 -0.0139994 
v 0.04403 0.00246886 -0.0140195 
v 0.0442381 0.00242899 -0.0140394 
v 0.0444443 0.0023804 -0.0140592 
v 0.0446483 0.00232318 -0.0140787 
v 0.0448497 0.00225743 -0.014098 
v 0.0450483 0.00218326 -0.014117 
v 0.0452435 0.00210081 -0.0141357 
v 0.0454352 0.00201022 -0.0141541 
v 0.0456229 0.00191164 -0.0141721 
v 0.0458063 0.00180525 -0.0141897 
v 0.0459851 0.00169124 -0.0142068 
v 0.0461591 0.00156981 -0.0142234 
v 0.0463278 0.00144116 -0.0142396 
v 0.046491 0.00130553 -0.0142552 
v 0.0466484 0.00116316 -0.0142703 
v 0.0467997 0.00101429 -0.0142848 
v 0.0469447 0.000859183 -0.0142987 
v 0.0470831 0.000698114 -0.0143119 
v 0.0472146 0.000531364 -0.0143246 
v 0.0473368 0.000182 -0.0153783 
v 0.0473391 0.000359225 -0.0143365 
v 0.0434654 0.00253554 -0.0130757 
v 0.0436774 0.00252218 -0.0130876 
v 0.0438887 0.00249994 -0.0130994 
v 0.0440988 0.00246886 -0.0131111 
v 0.0443075 0.00242899 -0.0131228 
v 0.0445144 0.0023804 -0.0131344 
v 0.044719 0.00232318 -0.0131458 
v 0.044921 0.00225743 -0.0131571 
v 0.0451201 0.00218326 -0.0131683 
v 0.045316 0.00210081 -0.0131792 
v 0.0455082 0.00201022 -0.01319 
v 0.0456965 0.00191164 -0.0132005 
v 0.0458805 0.00180525 -0.0132108 
v 0.0460598 0.00169124 -0.0132209 
v 0.0462343 0.00156981 -0.0132306 
v 0.0464035 0.00144116 -0.0132401 
v 0.0465672 0.00130553 -0.0132493 
v 0.0467251 0.00116316 -0.0132581 
v 0.0468768 0.00101429 -0.0132666 
v 0.0470223 0.000859183 -0.0132747 
v 0.0471611 0.000698114 -0.0132825 
v 0.047293 0.000531364 -0.0132899 
v 0.0474564 0.000182 -0.0143477 
v 0.0474179 0.000359225 -0.0132969 
v 0.0434926 0.00253554 -0.0124206 
v 0.0437049 0.00252218 -0.0124264 
v 0.0439164 0.00249994 -0.0124321 
v 0.0441268 0.00246886 -0.0124379 
v 0.0443358 0.00242899 -0.0124436 
v 0.0445428 0.0023804 -0.0124492 
v 0.0447477 0.00232318 -0.0124548 
v 0.04495 0.00225743 -0.0124603 
v 0.0451493 0.00218326 -0.0124658 
v 0.0453454 0.00210081 -0.0124711 
v 0.0455379 0.00201022 -0.0124764 
v 0.0457264 0.00191164 -0.0124815 
v 0.0459106 0.00180525 -0.0124865 
v 0.0460901 0.00169124 -0.0124914 
v 0.0462648 0.00156981 -0.0124962 
v 0.0464342 0.00144116 -0.0125008 
v 0.0465981 0.00130553 -0.0125053 
v 0.0467562 0.00116316 -0.0125096 
v 0.0469081 0.00101429 -0.0125137 
v 0.0470537 0.000859183 -0.0125177 
v 0.0471927 0.000698114 -0.0125215 
v 0.0473248 0.000531364 -0.0125251 
v 0.0475355 0.000182 -0.0133034 
v 0.0474498 0.000359225 -0.0125285 
v 0.0434995 0.00253554 -0.0114957 
v 0.0437119 0.00252218 -0.0114932 
v 0.0439234 0.00249994 -0.0114906 
v 0.0441339 0.00246886 -0.011488 
v 0.0443429 0.00242899 -0.0114855 
v 0.0445501 0.0023804 -0.011483 
v 0.044755 0.00232318 -0.0114805 
v 0.0449573 0.00225743 -0.0114781 
v 0.0451567 0.00218326 -0.0114757 
v 0.0453529 0.00210081 -0.0114733 
v 0.0455454 0.00201022 -0.0114709 
v 0.0457339 0.00191164 -0.0114687 
v 0.0459182 0.00180525 -0.0114664 
v 0.0460978 0.00169124 -0.0114643 
v 0.0462725 0.00156981 -0.0114621 
v 0.046442 0.00144116 -0.0114601 
v 0.0466059 0.00130553 -0.0114581 
v 0.046764 0.00116316 -0.0114562 
v 0.0469161 0.00101429 -0.0114543 
v 0.0470617 0.000859183 -0.0114526 
v 0.0472007 0.000698114 -0.0114509 
v 0.0473329 0.000531364 -0.0114493 
v 0.0475675 0.000182 -0.0125317 
v 0.0474579 0.000359225 -0.0114478 
v 0.0434691 0.00253554 -0.0105416 
v 0.0436811 0.00252218 -0.0105307 
v 0.0438925 0.00249994 -0.0105198 
v 0.0441027 0.00246886 -0.0105089 
v 0.0443114 0.00242899 -0.0104982 
v 0.0445183 0.0023804 -0.0104875 
v 0.044723 0.00232318 -0.010477 
v 0.0449251 0.00225743 -0.0104666 
v 0.0451242 0.00218326 -0.0104563 
v 0.0453201 0.00210081 -0.0104462 
v 0.0455124 0.00201022 -0.0104363 
v 0.0457007 0.00191164 -0.0104266 
v 0.0458847 0.00180525 -0.0104172 
v 0.0460641 0.00169124 -0.0104079 
v 0.0462386 0.00156981 -0.0103989 
v 0.0464079 0.00144116 -0.0103902 
v 0.0465716 0.00130553 -0.0103818 
v 0.0467295 0.00116316 -0.0103736 
v 0.0468813 0.00101429 -0.0103658 
v 0.0470268 0.000859183 -0.0103583 
v 0.0471656 0.000698114 -0.0103512 
v 0.0472976 0.000531364 -0.0103444 
v 0.0475757 0.000182 -0.0114464 
v 0.0474225 0.000359225 -0.0103379 
v 0.0433902 0.00253554 -0.00946393 
v 0.0436016 0.00252218 -0.00944391 
v 0.0438122 0.00249994 -0.00942395 
v 0.0440218 0.00246886 -0.00940411 
v 0.0442299 0.00242899 -0.0093844 
v 0.0444361 0.0023804 -0.00936487 
v 0.0446401 0.00232318 -0.00934554 
v 0.0448416 0.00225743 -0.00932646 
v 0.0450401 0.00218326 -0.00930766 
v 0.0452354 0.00210081 -0.00928916 
v 0.0454271 0.00201022 -0.00927101 
v 0.0456148 0.00191164 -0.00925323 
v 0.0457982 0.00180525 -0.00923586 
v 0.0459771 0.00169124 -0.00921892 
v 0.046151 0.00156981 -0.00920244 
v 0.0463198 0.00144116 -0.00918646 
v 0.046483 0.00130553 -0.009171 
v 0.0466404 0.00116316 -0.00915609 
v 0.0467917 0.00101429 -0.00914176 
v 0.0469367 0.000859183 -0.00912803 
v 0.0470752 0.000698114 -0.00911492 
v 0.0472067 0.000531364 -0.00910245 
v 0.0475401 0.000182 -0.0103319 
v 0.0473312 0.000359225 -0.00909066 
v 0.0432635 0.00253554 -0.00837307 
v 0.0434739 0.00252218 -0.0083442 
v 0.0436836 0.00249994 -0.00831542 
v 0.0438921 0.00246886 -0.0082868 
v 0.0440992 0.00242899 -0.00825839 
v 0.0443044 0.0023804 -0.00823022 
v 0.0445074 0.00232318 -0.00820236 
v 0.0447079 0.00225743 -0.00817484 
v 0.0449055 0.00218326 -0.00814773 
v 0.0450998 0.00210081 -0.00812106 
v 0.0452906 0.00201022 -0.00809488 
v 0.0454774 0.00191164 -0.00806924 
v 0.0456599 0.00180525 -0.00804419 
v 0.0458379 0.00169124 -0.00801976 
v 0.046011 0.00156981 -0.007996 
v 0.0461789 0.00144116 -0.00797296 
v 0.0463413 0.00130553 -0.00795067 
v 0.046498 0.00116316 -0.00792917 
v 0.0466486 0.00101429 -0.0079085 
v 0.0467929 0.000859183 -0.0078887 
v 0.0469307 0.000698114 -0.00786979 
v 0.0470616 0.000531364 -0.00785182 
v 0.0474485 0.000182 -0.00907956 
v 0.0471855 0.000359225 -0.00783482 
v 0.0430886 0.00253554 -0.00726829 
v 0.0432976 0.00252218 -0.00723082 
v 0.0435059 0.00249994 -0.00719348 
v 0.0437131 0.00246886 -0.00715633 
v 0.0439188 0.00242899 -0.00711944 
v 0.0441227 0.0023804 -0.00708289 
v 0.0443245 0.00232318 -0.00704672 
v 0.0445236 0.00225743 -0.00701101 
v 0.0447199 0.00218326 -0.00697582 
v 0.044913 0.00210081 -0.0069412 
v 0.0451025 0.00201022 -0.00690722 
v 0.0452881 0.00191164 -0.00687395 
v 0.0454695 0.00180525 -0.00684143 
v 0.0456463 0.00169124 -0.00680973 
v 0.0458183 0.00156981 -0.00677889 
v 0.0459851 0.00144116 -0.00674898 
v 0.0461465 0.00130553 -0.00672005 
v 0.0463021 0.00116316 -0.00669215 
v 0.0464518 0.00101429 -0.00666532 
v 0.0465952 0.000859183 -0.00663961 
v 0.046732 0.000698114 -0.00661508 
v 0.0468621 0.000531364 -0.00659176 
v 0.0473021 0.000182 -0.00781881 
v 0.0469852 0.000359225 -0.00656968 
v 0.0428645 0.00253554 -0.00614903 
v 0.0430719 0.00252218 -0.00610319 
v 0.0432785 0.00249994 -0.00605752 
v 0.043484 0.00246886 -0.00601209 
v 0.0436881 0.00242899 -0.00596698 
v 0.0438904 0.0023804 -0.00592227 
v 0.0440905 0.00232318 -0.00587804 
v 0.0442881 0.00225743 -0.00583437 
v 0.0444828 0.00218326 -0.00579132 
v 0.0446743 0.00210081 -0.00574899 
v 0.0448623 0.00201022 -0.00570744 
v 0.0450464 0.00191164 -0.00566674 
v 0.0452264 0.00180525 -0.00562697 
v 0.0454018 0.00169124 -0.0055882 
v 0.0455724 0.00156981 -0.00555049 
v 0.0457379 0.00144116 -0.00551391 
v 0.0458979 0.00130553 -0.00547852 
v 0.0460523 0.00116316 -0.0054444 
v 0.0462008 0.00101429 -0.00541159 
v 0.046343 0.000859183 -0.00538015 
v 0.0464788 0.000698114 -0.00535014 
v 0.0466078 0.000531364 -0.00532162 
v 0.0471011 0.000182 -0.00654891 
v 0.0467299 0.000359225 -0.00529462 
v 0.0425652 0.00253554 -0.00492047 
v 0.0427704 0.00252218 -0.00486586 
v 0.0429749 0.00249994 -0.00481145 
v 0.0431783 0.00246886 -0.00475731 
v 0.0433803 0.00242899 -0.00470357 
v 0.0435805 0.0023804 -0.00465029 
v 0.0437785 0.00232318 -0.00459759 
v 0.0439741 0.00225743 -0.00454555 
v 0.0441668 0.00218326 -0.00449427 
v 0.0443564 0.00210081 -0.00444382 
v 0.0445424 0.00201022 -0.00439431 
v 0.0447246 0.00191164 -0.00434582 
v 0.0449027 0.00180525 -0.00429844 
v 0.0450763 0.00169124 -0.00425224 
v 0.0452451 0.00156981 -0.0042073 
v 0.0454089 0.00144116 -0.00416372 
v 0.0455674 0.00130553 -0.00412156 
v 0.0457202 0.00116316 -0.0040809 
v 0.0458671 0.00101429 -0.0040418 
v 0.0460078 0.000859183 -0.00400435 
v 0.0461422 0.000698114 -0.00396859 
v 0.0462699 0.000531364 -0.0039346 
v 0.0468449 0.000182 -0.00526921 
v 0.0463908 0.000359225 -0.00390244 
v 0.0422264 0.00253554 -0.00374212 
v 0.0424293 0.00252218 -0.00367945 
v 0.0426315 0.00249994 -0.00361701 
v 0.0428326 0.00246886 -0.0035549 
v 0.0430323 0.00242899 -0.00349323 
v 0.0432302 0.0023804 -0.0034321 
v 0.0434261 0.00232318 -0.00337163 
v 0.0436194 0.00225743 -0.00331191 
v 0.04381 0.00218326 -0.00325307 
v 0.0439974 0.00210081 -0.00319519 
v 0.0441813 0.00201022 -0.00313838 
v 0.0443615 0.00191164 -0.00308274 
v 0.0445376 0.00180525 -0.00302836 
v 0.0447092 0.00169124 -0.00297535 
v 0.0448761 0.00156981 -0.00292379 
v 0.0450381 0.00144116 -0.00287378 
v 0.0451947 0.00130553 -0.00282541 
v 0.0453458 0.00116316 -0.00277875 
v 0.0454911 0.00101429 -0.00273389 
v 0.0456302 0.000859183 -0.00269091 
v 0.0457631 0.000698114 -0.00264988 
v 0.0458894 0.000531364 -0.00261088 
v 0.0465046 0.000182 -0.00387216 
v 0.0460089 0.000359225 -0.00257398 
v 0.0418248 0.00253554 -0.00252779 
v 0.0420251 0.00252218 -0.00245718 
v 0.0422247 0.00249994 -0.00238682 
v 0.0424232 0.00246886 -0.00231683 
v 0.0426203 0.00242899 -0.00224733 
v 0.0428157 0.0023804 -0.00217846 
v 0.0430089 0.00232318 -0.00211031 
v 0.0431998 0.00225743 -0.00204303 
v 0.0433879 0.00218326 -0.00197672 
v 0.0435729 0.00210081 -0.0019115 
v 0.0437544 0.00201022 -0.00184748 
v 0.0439323 0.00191164 -0.00178479 
v 0.044106 0.00180525 -0.00172352 
v 0.0442755 0.00169124 -0.00166378 
v 0.0444403 0.00156981 -0.00160569 
v 0.0446001 0.00144116 -0.00154934 
v 0.0447547 0.00130553 -0.00149482 
v 0.0449038 0.00116316 -0.00144225 
v 0.0450472 0.00101429 -0.0013917 
v 0.0451846 0.000859183 -0.00134327 
v 0.0453157 0.000698114 -0.00129704 
v 0.0454403 0.000531364 -0.0012531 
v 0.0461214 0.000182 -0.00253923 
v 0.0455583 0.000359225 -0.00121151 
v 0.0413564 0.00253554 -0.00127858 
v 0.0415537 0.00252218 -0.00120014 
v 0.0417503 0.00249994 -0.00112198 
v 0.0419459 0.00246886 -0.00104423 
v 0.0421402 0.00242899 -0.000967032 
v 0.0423327 0.0023804 -0.000890515 
v 0.0425231 0.00232318 -0.000814818 
v 0.0427112 0.00225743 -0.000740072 
v 0.0428965 0.00218326 -0.000666408 
v 0.0430788 0.00210081 -0.000593956 
v 0.0432577 0.00201022 -0.000522844 
v 0.0434329 0.00191164 -0.000453194 
v 0.0436041 0.00180525 -0.000385131 
v 0.0437711 0.00169124 -0.000318773 
v 0.0439335 0.00156981 -0.000254237 
v 0.044091 0.00144116 -0.000191635 
v 0.0442433 0.00130553 -0.000131079 
v 0.0443902 0.00116316 -7.26728e-05 
v 0.0445315 0.00101429 -1.65204e-05 
v 0.0446669 0.000859183 3.728e-05 
v 0.0447961 0.000698114 8.86341e-05 
v 0.0449189 0.000531364 0.000137452 
v 0.0456693 0.000182 -0.00117236 
v 0.0450351 0.000359225 0.000183647 
v 0.0407653 0.00253554 0.000119668 
v 0.0409591 0.00252218 0.000206489 
v 0.0411522 0.00249994 0.000293005 
v 0.0413443 0.00246886 0.000379065 
v 0.0415351 0.00242899 0.000464516 
v 0.0417241 0.0023804 0.000549211 
v 0.0419111 0.00232318 0.000632999 
v 0.0420958 0.00225743 0.000715734 
v 0.0422778 0.00218326 0.00079727 
v 0.0424568 0.00210081 0.000877466 
v 0.0426325 0.00201022 0.000956179 
v 0.0428046 0.00191164 0.00103327 
v 0.0429728 0.00180525 0.00110861 
v 0.0431367 0.00169124 0.00118206 
v 0.0432962 0.00156981 0.00125349 
v 0.0434508 0.00144116 0.00132279 
v 0.0436004 0.00130553 0.00138982 
v 0.0437447 0.00116316 0.00145446 
v 0.0438835 0.00101429 0.00151662 
v 0.0440164 0.000859183 0.00157617 
v 0.0441433 0.000698114 0.00163301 
v 0.0442639 0.000531364 0.00168705 
v 0.0451445 0.000182 0.00022714 
v 0.044378 0.000359225 0.00173818 
v 0.0401047 0.00253554 0.0015149 
v 0.0402947 0.00252218 0.00160972 
v 0.0404841 0.00249994 0.00170422 
v 0.0406724 0.00246886 0.00179821 
v 0.0408594 0.00242899 0.00189154 
v 0.0410448 0.0023804 0.00198404 
v 0.0412282 0.00232318 0.00207555 
v 0.0414092 0.00225743 0.00216591 
v 0.0415877 0.00218326 0.00225496 
v 0.0417632 0.00210081 0.00234255 
v 0.0419354 0.00201022 0.00242852 
v 0.0421042 0.00191164 0.00251272 
v 0.042269 0.00180525 0.002595 
v 0.0424298 0.00169124 0.00267522 
v 0.0425861 0.00156981 0.00275324 
v 0.0427378 0.00144116 0.00282892 
v 0.0428844 0.00130553 0.00290213 
v 0.0430259 0.00116316 0.00297273 
v 0.043162 0.00101429 0.00304062 
v 0.0432923 0.000859183 0.00310566 
v 0.0434167 0.000698114 0.00316774 
v 0.0435349 0.000531364 0.00322675 
v 0.0444855 0.000182 0.00178632 
v 0.0436468 0.000359225 0.0032826 
v 0.0393746 0.00253554 0.00290586 
v 0.0395606 0.00252218 0.00300834 
v 0.0397459 0.00249994 0.00311046 
v 0.0399303 0.00246886 0.00321204 
v 0.0401133 0.00242899 0.0033129 
v 0.0402948 0.0023804 0.00341287 
v 0.0404743 0.00232318 0.00351177 
v 0.0406515 0.00225743 0.00360943 
v 0.0408262 0.00218326 0.00370567 
v 0.040998 0.00210081 0.00380033 
v 0.0411666 0.00201022 0.00389324 
v 0.0413317 0.00191164 0.00398424 
v 0.0414931 0.00180525 0.00407316 
v 0.0416505 0.00169124 0.00415986 
v 0.0418035 0.00156981 0.00424418 
v 0.0419519 0.00144116 0.00432597 
v 0.0420955 0.00130553 0.00440509 
v 0.042234 0.00116316 0.00448139 
v 0.0423672 0.00101429 0.00455476 
v 0.0424947 0.000859183 0.00462505 
v 0.0426165 0.000698114 0.00469214 
v 0.0427323 0.000531364 0.00475593 
v 0.0437522 0.000182 0.00333518 
v 0.0428418 0.000359225 0.00481628 
v 0.0385747 0.00253554 0.00429098 
v 0.0387565 0.00252218 0.0044008 
v 0.0389376 0.00249994 0.00451023 
v 0.0391178 0.00246886 0.00461909 
v 0.0392966 0.00242899 0.00472718 
v 0.0394739 0.0023804 0.00483431 
v 0.0396493 0.00232318 0.0049403 
v 0.0398225 0.00225743 0.00504495 
v 0.0399932 0.00218326 0.00514808 
v 0.0401611 0.00210081 0.00524952 
v 0.0403259 0.00201022 0.00534909 
v 0.0404873 0.00191164 0.00544661 
v 0.040645 0.00180525 0.0055419 
v 0.0407988 0.00169124 0.00563481 
v 0.0409483 0.00156981 0.00572517 
v 0.0410934 0.00144116 0.00581282 
v 0.0412337 0.00130553 0.0058976 
v 0.041369 0.00116316 0.00597938 
v 0.0414991 0.00101429 0.00605799 
v 0.0416238 0.000859183 0.00613332 
v 0.0417428 0.000698114 0.00620522 
v 0.0418559 0.000531364 0.00627357 
v 0.0429449 0.000182 0.0048731 
v 0.0419629 0.000359225 0.00633825 
v 0.037661 0.00253554 0.00573478 
v 0.0378381 0.00252218 0.00585199 
v 0.0380145 0.00249994 0.00596879 
v 0.0381901 0.00246886 0.00608497 
v 0.0383643 0.00242899 0.00620033 
v 0.0385371 0.0023804 0.00631467 
v 0.038708 0.00232318 0.00642779 
v 0.0388767 0.00225743 0.00653948 
v 0.039043 0.00218326 0.00664956 
v 0.0392066 0.00210081 0.00675783 
v 0.0393671 0.00201022 0.00686409 
v 0.0395244 0.00191164 0.00696817 
v 0.039678 0.00180525 0.00706988 
v 0.0398278 0.00169124 0.00716903 
v 0.0399735 0.00156981 0.00726547 
v 0.0401148 0.00144116 0.00735902 
v 0.0402516 0.00130553 0.00744951 
v 0.0403834 0.00116316 0.00753679 
v 0.0405102 0.00101429 0.00762069 
v 0.0406316 0.000859183 0.00770109 
v 0.0407476 0.000698114 0.00777783 
v 0.0408578 0.000531364 0.00785078 
v 0.0420637 0.000182 0.00639914 
v 0.0409621 0.000359225 0.00791981 
v 0.0366275 0.00253554 0.00722622 
v 0.0367994 0.00252218 0.00735082 
v 0.0369708 0.00249994 0.00747499 
v 0.0371412 0.00246886 0.0075985 
v 0.0373105 0.00242899 0.00772113 
v 0.0374782 0.0023804 0.00784268 
v 0.0376442 0.00232318 0.00796293 
v 0.037808 0.00225743 0.00808167 
v 0.0379695 0.00218326 0.00819869 
v 0.0381284 0.00210081 0.00831378 
v 0.0382843 0.00201022 0.00842675 
v 0.038437 0.00191164 0.00853739 
v 0.0385862 0.00180525 0.00864552 
v 0.0387316 0.00169124 0.00875093 
v 0.0388731 0.00156981 0.00885345 
v 0.0390104 0.00144116 0.00895289 
v 0.0391431 0.00130553 0.00904909 
v 0.0392712 0.00116316 0.00914187 
v 0.0393943 0.00101429 0.00923107 
v 0.0395122 0.000859183 0.00931654 
v 0.0396248 0.000698114 0.00939812 
v 0.0397318 0.000531364 0.00947567 
v 0.0410603 0.000182 0.0079848 
v 0.0398331 0.000359225 0.00954905 
v 0.0355311 0.00253554 0.00867517 
v 0.0356977 0.00252218 0.00880676 
v 0.0358638 0.00249994 0.00893789 
v 0.036029 0.00246886 0.00906832 
v 0.0361931 0.00242899 0.00919784 
v 0.0363557 0.0023804 0.0093262 
v 0.0365165 0.00232318 0.0094532 
v 0.0366753 0.00225743 0.00957859 
v 0.0368319 0.00218326 0.00970217 
v 0.0369858 0.00210081 0.00982372 
v 0.0371369 0.00201022 0.00994302 
v 0.0372849 0.00191164 0.0100599 
v 0.0374295 0.00180525 0.0101741 
v 0.0375705 0.00169124 0.0102854 
v 0.0377077 0.00156981 0.0103936 
v 0.0378407 0.00144116 0.0104987 
v 0.0379694 0.00130553 0.0106003 
v 0.0380935 0.00116316 0.0106982 
v 0.0382128 0.00101429 0.0107924 
v 0.0383271 0.000859183 0.0108827 
v 0.0384362 0.000698114 0.0109689 
v 0.03854 0.000531364 0.0110508 
v 0.0399284 0.000182 0.00961814 
v 0.0386381 0.000359225 0.0111283 
v 0.0343748 0.00253554 0.0100802 
v 0.034536 0.00252218 0.0102184 
v 0.0346967 0.00249994 0.0103561 
v 0.0348565 0.00246886 0.0104931 
v 0.0350151 0.00242899 0.0106292 
v 0.0351724 0.0023804 0.010764 
v 0.035328 0.00232318 0.0108974 
v 0.0354816 0.00225743 0.0110291 
v 0.035633 0.00218326 0.0111589 
v 0.035782 0.00210081 0.0112866 
v 0.0359281 0.00201022 0.0114119 
v 0.0360713 0.00191164 0.0115346 
v 0.0362112 0.00180525 0.0116545 
v 0.0363475 0.00169124 0.0117715 
v 0.0364802 0.00156981 0.0118852 
v 0.0366089 0.00144116 0.0119955 
v 0.0367333 0.00130553 0.0121022 
v 0.0368534 0.00116316 0.0122051 
v 0.0369688 0.00101429 0.0123041 
v 0.0370794 0.000859183 0.0123989 
v 0.0371849 0.000698114 0.0124894 
v 0.0372853 0.000531364 0.0125754 
v 0.0387305 0.000182 0.0112012 
v 0.0373802 0.000359225 0.0126568 
v 0.0331615 0.00253554 0.0114395 
v 0.0333171 0.00252218 0.011584 
v 0.0334722 0.00249994 0.011728 
v 0.0336264 0.00246886 0.0118713 
v 0.0337795 0.00242899 0.0120135 
v 0.0339313 0.0023804 0.0121545 
v 0.0340814 0.00232318 0.012294 
v 0.0342297 0.00225743 0.0124317 
v 0.0343758 0.00218326 0.0125674 
v 0.0345195 0.00210081 0.0127009 
v 0.0346606 0.00201022 0.012832 
v 0.0347988 0.00191164 0.0129603 
v 0.0349338 0.00180525 0.0130857 
v 0.0350654 0.00169124 0.013208 
v 0.0351934 0.00156981 0.0133269 
v 0.0353176 0.00144116 0.0134422 
v 0.0354377 0.00130553 0.0135538 
v 0.0355536 0.00116316 0.0136614 
v 0.0356649 0.00101429 0.0137649 
v 0.0357717 0.000859183 0.013864 
v 0.0358735 0.000698114 0.0139586 
v 0.0359704 0.000531364 0.0140486 
v 0.0374696 0.000182 0.0127334 
v 0.036062 0.000359225 0.0141337 
v 0.0318938 0.00253554 0.0127513 
v 0.0320436 0.00252218 0.0129019 
v 0.0321929 0.00249994 0.0130519 
v 0.0323413 0.00246886 0.0132011 
v 0.0324887 0.00242899 0.0133493 
v 0.0326348 0.0023804 0.0134961 
v 0.0327794 0.00232318 0.0136414 
v 0.0329221 0.00225743 0.0137849 
v 0.0330628 0.00218326 0.0139263 
v 0.0332011 0.00210081 0.0140653 
v 0.0333369 0.00201022 0.0142018 
v 0.0334699 0.00191164 0.0143355 
v 0.0335998 0.00180525 0.0144661 
v 0.0337266 0.00169124 0.0145935 
v 0.0338498 0.00156981 0.0147173 
v 0.0339693 0.00144116 0.0148375 
v 0.034085 0.00130553 0.0149537 
v 0.0341965 0.00116316 0.0150658 
v 0.0343037 0.00101429 0.0151736 
v 0.0344064 0.000859183 0.0152768 
v 0.0345045 0.000698114 0.0153754 
v 0.0345977 0.000531364 0.0154691 
v 0.0361483 0.000182 0.0142138 
v 0.0346859 0.000359225 0.0155577 
v 0.0305742 0.00253554 0.0140137 
v 0.030718 0.00252218 0.01417 
v 0.0308612 0.00249994 0.0143258 
v 0.0310037 0.00246886 0.0144807 
v 0.0311452 0.00242899 0.0146345 
v 0.0312854 0.0023804 0.014787 
v 0.0314242 0.00232318 0.0149378 
v 0.0315612 0.00225743 0.0150868 
v 0.0316962 0.00218326 0.0152336 
v 0.0318289 0.00210081 0.0153779 
v 0.0319593 0.00201022 0.0155196 
v 0.0320869 0.00191164 0.0156584 
v 0.0322117 0.00180525 0.015794 
v 0.0323333 0.00169124 0.0159263 
v 0.0324516 0.00156981 0.0160549 
v 0.0325663 0.00144116 0.0161796 
v 0.0326773 0.00130553 0.0163003 
v 0.0327843 0.00116316 0.0164167 
v 0.0328872 0.00101429 0.0165285 
v 0.0329858 0.000859183 0.0166358 
v 0.0330799 0.000698114 0.0167381 
v 0.0331694 0.000531364 0.0168354 
v 0.034769 0.000182 0.0156412 
v 0.0332541 0.000359225 0.0169274 
v 0.0292048 0.00253554 0.0152245 
v 0.0293423 0.00252218 0.0153863 
v 0.0294794 0.00249994 0.0155476 
v 0.0296157 0.00246886 0.015708 
v 0.029751 0.00242899 0.0158672 
v 0.0298852 0.0023804 0.0160251 
v 0.0300179 0.00232318 0.0161812 
v 0.0301489 0.00225743 0.0163354 
v 0.0302781 0.00218326 0.0164874 
v 0.0304051 0.00210081 0.0166369 
v 0.0305298 0.00201022 0.0167836 
v 0.0306519 0.00191164 0.0169273 
v 0.0307712 0.00180525 0.0170677 
v 0.0308875 0.00169124 0.0172046 
v 0.0310007 0.00156981 0.0173377 
v 0.0311104 0.00144116 0.0174669 
v 0.0312166 0.00130553 0.0175918 
v 0.031319 0.00116316 0.0177123 
v 0.0314174 0.00101429 0.0178281 
v 0.0315118 0.000859183 0.0179391 
v 0.0316018 0.000698114 0.018045 
v 0.0316874 0.000531364 0.0181458 
v 0.0333338 0.000182 0.0170141 
v 0.0317684 0.000359225 0.0182411 
v 0.0318446 0.000182 0.0183308 
v 0.028726 0.00253554 0.015626 
v 0.0288613 0.00252218 0.0157896 
v 0.0289961 0.00249994 0.0159527 
v 0.0291303 0.00246886 0.0161149 
v 0.0292635 0.00242899 0.016276 
v 0.0293955 0.0023804 0.0164356 
v 0.0295261 0.00232318 0.0165935 
v 0.029655 0.00225743 0.0167495 
v 0.0297821 0.00218326 0.0169032 
v 0.0299071 0.00210081 0.0170543 
v 0.0300298 0.00201022 0.0172027 
v 0.03015 0.00191164 0.017348 
v 0.0302674 0.00180525 0.01749 
v 0.0303819 0.00169124 0.0176285 
v 0.0304933 0.00156981 0.0177631 
v 0.0306013 0.00144116 0.0178937 
v 0.0307058 0.00130553 0.0180201 
v 0.0308065 0.00116316 0.0181419 
v 0.0309034 0.00101429 0.0182591 
v 0.0309962 0.000859183 0.0183713 
v 0.0310848 0.000698114 0.0184784 
v 0.031169 0.000531364 0.0185803 
v 0.0312488 0.000359225 0.0186767 
v 0.0313238 0.000182 0.0187674 
v 0.0272865 0.00253554 0.0167692 
v 0.0274152 0.00252218 0.0169381 
v 0.0275436 0.00249994 0.0171064 
v 0.0276712 0.00246886 0.0172737 
v 0.0277979 0.00242899 0.0174399 
v 0.0279235 0.0023804 0.0176047 
v 0.0280478 0.00232318 0.0177676 
v 0.0281705 0.00225743 0.0179285 
v 0.0282914 0.00218326 0.0180871 
v 0.0284104 0.00210081 0.0182431 
v 0.0285271 0.00201022 0.0183962 
v 0.0286414 0.00191164 0.0185461 
v 0.0287532 0.00180525 0.0186927 
v 0.0288621 0.00169124 0.0188355 
v 0.028968 0.00156981 0.0189745 
v 0.0290708 0.00144116 0.0191092 
v 0.0291702 0.00130553 0.0192396 
v 0.0292661 0.00116316 0.0193653 
v 0.0293583 0.00101429 0.0194862 
v 0.0294466 0.000859183 0.0196021 
v 0.0295309 0.000698114 0.0197126 
v 0.029611 0.000531364 0.0198177 
v 0.0296869 0.000359225 0.0199172 
v 0.0258197 0.00253554 0.0178431 
v 0.0259418 0.00252218 0.0180168 
v 0.0260635 0.00249994 0.01819 
v 0.0261845 0.00246886 0.0183622 
v 0.0263047 0.00242899 0.0185332 
v 0.0264237 0.0023804 0.0187027 
v 0.0265416 0.00232318 0.0188704 
v 0.0266579 0.00225743 0.019036 
v 0.0267725 0.00218326 0.0191992 
v 0.0268853 0.00210081 0.0193597 
v 0.026996 0.00201022 0.0195172 
v 0.0271044 0.00191164 0.0196715 
v 0.0272103 0.00180525 0.0198223 
v 0.0273136 0.00169124 0.0199692 
v 0.0274141 0.00156981 0.0201122 
v 0.0275115 0.00144116 0.0202509 
v 0.0276057 0.00130553 0.020385 
v 0.0276966 0.00116316 0.0205144 
v 0.027784 0.00101429 0.0206388 
v 0.0278678 0.000859183 0.020758 
v 0.0279477 0.000698114 0.0208717 
v 0.0280237 0.000531364 0.0209799 
v 0.0297583 0.000182 0.0200108 
v 0.0280956 0.000359225 0.0210822 
v 0.0281633 0.000182 0.0211786 
v 0.0243282 0.00253554 0.0188486 
v 0.0244434 0.00252218 0.019027 
v 0.0245583 0.00249994 0.0192047 
v 0.0246726 0.00246886 0.0193815 
v 0.024786 0.00242899 0.019557 
v 0.0248985 0.0023804 0.019731 
v 0.0250097 0.00232318 0.0199031 
v 0.0251196 0.00225743 0.020073 
v 0.0252278 0.00218326 0.0202405 
v 0.0253343 0.00210081 0.0204052 
v 0.0254388 0.00201022 0.0205669 
v 0.0255412 0.00191164 0.0207253 
v 0.0256412 0.00180525 0.0208801 
v 0.0257387 0.00169124 0.0210309 
v 0.0258336 0.00156981 0.0211777 
v 0.0259256 0.00144116 0.02132 
v 0.0260146 0.00130553 0.0214577 
v 0.0261004 0.00116316 0.0215905 
v 0.0261829 0.00101429 0.0217182 
v 0.026262 0.000859183 0.0218405 
v 0.0263375 0.000698114 0.0219573 
v 0.0264092 0.000531364 0.0220682 
v 0.0264771 0.000359225 0.0221733 
v 0.026541 0.000182 0.0222722 
v 0.0228139 0.00253554 0.0197866 
v 0.0229222 0.00252218 0.0199693 
v 0.0230301 0.00249994 0.0201513 
v 0.0231375 0.00246886 0.0203323 
v 0.0232442 0.00242899 0.0205121 
v 0.0233498 0.0023804 0.0206903 
v 0.0234544 0.00232318 0.0208665 
v 0.0235576 0.00225743 0.0210406 
v 0.0236593 0.00218326 0.0212121 
v 0.0237594 0.00210081 0.0213808 
v 0.0238576 0.00201022 0.0215464 
v 0.0239538 0.00191164 0.0217086 
v 0.0240478 0.00180525 0.0218671 
v 0.0241395 0.00169124 0.0220216 
v 0.0242286 0.00156981 0.0221719 
v 0.0243151 0.00144116 0.0223176 
v 0.0243987 0.00130553 0.0224586 
v 0.0244794 0.00116316 0.0225946 
v 0.0245569 0.00101429 0.0227254 
v 0.0246312 0.000859183 0.0228507 
v 0.0247021 0.000698114 0.0229703 
v 0.0247696 0.000531364 0.0230839 
v 0.0248334 0.000359225 0.0231915 
v 0.0248934 0.000182 0.0232928 
v 0.0212788 0.00253554 0.0206578 
v 0.02138 0.00252218 0.0208445 
v 0.0214809 0.00249994 0.0210305 
v 0.0215812 0.00246886 0.0212155 
v 0.0216809 0.00242899 0.0213992 
v 0.0217796 0.0023804 0.0215813 
v 0.0218773 0.00232318 0.0217615 
v 0.0219738 0.00225743 0.0219394 
v 0.0220689 0.00218326 0.0221147 
v 0.0221624 0.00210081 0.0222871 
v 0.0222542 0.00201022 0.0224563 
v 0.0223441 0.00191164 0.0226221 
v 0.0224319 0.00180525 0.0227841 
v 0.0225176 0.00169124 0.022942 
v 0.0226009 0.00156981 0.0230956 
v 0.0226817 0.00144116 0.0232446 
v 0.0227598 0.00130553 0.0233887 
v 0.0228352 0.00116316 0.0235277 
v 0.0229077 0.00101429 0.0236613 
v 0.0229771 0.000859183 0.0237893 
v 0.0230434 0.000698114 0.0239116 
v 0.0231064 0.000531364 0.0240277 
v 0.023166 0.000359225 0.0241377 
v 0.0232222 0.000182 0.0242412 
v 0.0197245 0.00253554 0.0214625 
v 0.0198185 0.00252218 0.0216529 
v 0.0199122 0.00249994 0.0218427 
v 0.0200053 0.00246886 0.0220314 
v 0.0200978 0.00242899 0.0222188 
v 0.0201895 0.0023804 0.0224046 
v 0.0202802 0.00232318 0.0225884 
v 0.0203698 0.00225743 0.0227698 
v 0.020458 0.00218326 0.0229487 
v 0.0205448 0.00210081 0.0231246 
v 0.02063 0.00201022 0.0232972 
v 0.0207135 0.00191164 0.0234663 
v 0.020795 0.00180525 0.0236315 
v 0.0208745 0.00169124 0.0237926 
v 0.0209519 0.00156981 0.0239493 
v 0.0210269 0.00144116 0.0241013 
v 0.0210994 0.00130553 0.0242483 
v 0.0211694 0.00116316 0.0243901 
v 0.0212367 0.00101429 0.0245264 
v 0.0213012 0.000859183 0.024657 
v 0.0213627 0.000698114 0.0247817 
v 0.0214212 0.000531364 0.0249002 
v 0.0214765 0.000359225 0.0250124 
v 0.0215287 0.000182 0.025118 
v 0.0181525 0.00253554 0.022201 
v 0.0182391 0.00252218 0.0223949 
v 0.0183253 0.00249994 0.0225881 
v 0.0184111 0.00246886 0.0227803 
v 0.0184963 0.00242899 0.0229712 
v 0.0185808 0.0023804 0.0231604 
v 0.0186643 0.00232318 0.0233475 
v 0.0187468 0.00225743 0.0235323 
v 0.0188281 0.00218326 0.0237144 
v 0.018908 0.00210081 0.0238935 
v 0.0189865 0.00201022 0.0240693 
v 0.0190633 0.00191164 0.0242415 
v 0.0191384 0.00180525 0.0244098 
v 0.0192117 0.00169124 0.0245738 
v 0.0192829 0.00156981 0.0247334 
v 0.019352 0.00144116 0.0248881 
v 0.0194188 0.00130553 0.0250379 
v 0.0194832 0.00116316 0.0251823 
v 0.0195452 0.00101429 0.0253211 
v 0.0196046 0.000859183 0.0254541 
v 0.0196612 0.000698114 0.025581 
v 0.0197151 0.000531364 0.0257017 
v 0.0197661 0.000359225 0.0258159 
v 0.0198141 0.000182 0.0259235 
v 0.016564 0.00253554 0.0228733 
v 0.016643 0.00252218 0.0230705 
v 0.0167216 0.00249994 0.0232669 
v 0.0167999 0.00246886 0.0234623 
v 0.0168775 0.00242899 0.0236563 
v 0.0169546 0.0023804 0.0238487 
v 0.0170307 0.00232318 0.0240389 
v 0.017106 0.00225743 0.0242268 
v 0.0171801 0.00218326 0.0244119 
v 0.017253 0.00210081 0.024594 
v 0.0173246 0.00201022 0.0247727 
v 0.0173947 0.00191164 0.0249478 
v 0.0174632 0.00180525 0.0251188 
v 0.0175299 0.00169124 0.0252856 
v 0.0175949 0.00156981 0.0254478 
v 0.0176579 0.00144116 0.0256052 
v 0.0177188 0.00130553 0.0257574 
v 0.0177776 0.00116316 0.0259042 
v 0.0178341 0.00101429 0.0260453 
v 0.0178883 0.000859183 0.0261805 
v 0.0179399 0.000698114 0.0263096 
v 0.0179891 0.000531364 0.0264323 
v 0.0180356 0.000359225 0.0265484 
v 0.0180793 0.000182 0.0266577 
v 0.0152861 0.00253554 0.023362 
v 0.0153588 0.00252218 0.0235615 
v 0.0154313 0.00249994 0.0237603 
v 0.0155034 0.00246886 0.0239581 
v 0.0155749 0.00242899 0.0241544 
v 0.0156459 0.0023804 0.0243491 
v 0.0157161 0.00232318 0.0245416 
v 0.0157854 0.00225743 0.0247317 
v 0.0158537 0.00218326 0.0249191 
v 0.0159208 0.00210081 0.0251034 
v 0.0159868 0.00201022 0.0252843 
v 0.0160513 0.00191164 0.0254614 
v 0.0161144 0.00180525 0.0256346 
v 0.0161759 0.00169124 0.0258034 
v 0.0162358 0.00156981 0.0259675 
v 0.0162938 0.00144116 0.0261268 
v 0.01635 0.00130553 0.0262808 
v 0.0164041 0.00116316 0.0264293 
v 0.0164562 0.00101429 0.0265722 
v 0.016506 0.000859183 0.026709 
v 0.0165537 0.000698114 0.0268397 
v 0.0165989 0.000531364 0.0269638 
v 0.0166417 0.000359225 0.0270813 
v 0.0166821 0.000182 0.027192 
v 0.0137665 0.00253554 0.023884 
v 0.0138317 0.00252218 0.0240861 
v 0.0138967 0.00249994 0.0242875 
v 0.0139613 0.00246886 0.0244878 
v 0.0140255 0.00242899 0.0246867 
v 0.0140891 0.0023804 0.0248838 
v 0.014152 0.00232318 0.0250789 
v 0.0142142 0.00225743 0.0252715 
v 0.0142754 0.00218326 0.0254612 
v 0.0143356 0.00210081 0.0256479 
v 0.0143948 0.00201022 0.0258311 
v 0.0144527 0.00191164 0.0260106 
v 0.0145093 0.00180525 0.026186 
v 0.0145644 0.00169124 0.0263569 
v 0.0146181 0.00156981 0.0265232 
v 0.0146701 0.00144116 0.0266845 
v 0.0147205 0.00130553 0.0268405 
v 0.014769 0.00116316 0.026991 
v 0.0148157 0.00101429 0.0271357 
v 0.0148605 0.000859183 0.0272743 
v 0.0149031 0.000698114 0.0274066 
v 0.0149437 0.000531364 0.0275324 
v 0.0149821 0.000359225 0.0276514 
v 0.0150183 0.000182 0.0277635 
v 0.0122566 0.00253554 0.0243403 
v 0.0123143 0.00252218 0.0245447 
v 0.0123717 0.00249994 0.0247484 
v 0.0124288 0.00246886 0.024951 
v 0.0124855 0.00242899 0.0251521 
v 0.0125417 0.0023804 0.0253515 
v 0.0125973 0.00232318 0.0255488 
v 0.0126522 0.00225743 0.0257435 
v 0.0127064 0.00218326 0.0259355 
v 0.0127596 0.00210081 0.0261243 
v 0.0128118 0.00201022 0.0263096 
v 0.012863 0.00191164 0.0264911 
v 0.012913 0.00180525 0.0266684 
v 0.0129617 0.00169124 0.0268413 
v 0.0130091 0.00156981 0.0270095 
v 0.0130551 0.00144116 0.0271726 
v 0.0130996 0.00130553 0.0273304 
v 0.0131425 0.00116316 0.0274826 
v 0.0131838 0.00101429 0.0276289 
v 0.0132233 0.000859183 0.0277691 
v 0.013261 0.000698114 0.0279029 
v 0.0132969 0.000531364 0.0280301 
v 0.0133308 0.000359225 0.0281505 
v 0.0133628 0.000182 0.0282638 
v 0.0107568 0.00253554 0.0247331 
v 0.0108067 0.00252218 0.0249395 
v 0.0108565 0.00249994 0.0251452 
v 0.010906 0.00246886 0.0253498 
v 0.0109551 0.00242899 0.0255529 
v 0.0110039 0.0023804 0.0257543 
v 0.011052 0.00232318 0.0259535 
v 0.0110996 0.00225743 0.0261502 
v 0.0111465 0.00218326 0.026344 
v 0.0111927 0.00210081 0.0265347 
v 0.0112379 0.00201022 0.0267218 
v 0.0112823 0.00191164 0.026905 
v 0.0113256 0.00180525 0.0270841 
v 0.0113679 0.00169124 0.0272588 
v 0.011409 0.00156981 0.0274286 
v 0.0114488 0.00144116 0.0275933 
v 0.0114874 0.00130553 0.0277527 
v 0.0115246 0.00116316 0.0279063 
v 0.0115603 0.00101429 0.0280541 
v 0.0115946 0.000859183 0.0281957 
v 0.0116273 0.000698114 0.0283308 
v 0.0116584 0.000531364 0.0284593 
v 0.0116878 0.000359225 0.0285808 
v 0.0117155 0.000182 0.0286953 
v 0.00926678 0.00253554 0.0250643 
v 0.00930895 0.00252218 0.0252724 
v 0.00935097 0.00249994 0.0254798 
v 0.00939277 0.00246886 0.0256861 
v 0.00943427 0.00242899 0.025891 
v 0.00947541 0.0023804 0.026094 
v 0.00951611 0.00232318 0.0262949 
v 0.00955629 0.00225743 0.0264932 
v 0.0095959 0.00218326 0.0266887 
v 0.00963485 0.00210081 0.0268809 
v 0.00967308 0.00201022 0.0270696 
v 0.00971052 0.00191164 0.0272544 
v 0.00974712 0.00180525 0.027435 
v 0.00978279 0.00169124 0.0276111 
v 0.00981749 0.00156981 0.0277823 
v 0.00985114 0.00144116 0.0279484 
v 0.0098837 0.00130553 0.0281091 
v 0.0099151 0.00116316 0.0282641 
v 0.00994529 0.00101429 0.0284131 
v 0.00997421 0.000859183 0.0285558 
v 0.0100018 0.000698114 0.0286921 
v 0.0100281 0.000531364 0.0288216 
v 0.0100529 0.000359225 0.0289442 
v 0.0100763 0.000182 0.0290596 
v 0.00778651 0.00253554 0.0253354 
v 0.00782081 0.00252218 0.025545 
v 0.007855 0.00249994 0.0257538 
v 0.007889 0.00246886 0.0259616 
v 0.00792277 0.00242899 0.0261678 
v 0.00795623 0.0023804 0.0263722 
v 0.00798934 0.00232318 0.0265745 
v 0.00802203 0.00225743 0.0267742 
v 0.00805424 0.00218326 0.026971 
v 0.00808593 0.00210081 0.0271646 
v 0.00811703 0.00201022 0.0273546 
v 0.00814749 0.00191164 0.0275407 
v 0.00817726 0.00180525 0.0277225 
v 0.00820628 0.00169124 0.0278998 
v 0.0082345 0.00156981 0.0280722 
v 0.00826188 0.00144116 0.0282395 
v 0.00828837 0.00130553 0.0284013 
v 0.00831391 0.00116316 0.0285573 
v 0.00833847 0.00101429 0.0287073 
v 0.008362 0.000859183 0.0288511 
v 0.00838446 0.000698114 0.0289883 
v 0.00840581 0.000531364 0.0291187 
v 0.00842601 0.000359225 0.0292421 
v 0.00844503 0.000182 0.0293583 
v 0.00631568 0.00253554 0.0255478 
v 0.00634202 0.00252218 0.0257585 
v 0.00636827 0.00249994 0.0259685 
v 0.00639439 0.00246886 0.0261773 
v 0.00642032 0.00242899 0.0263847 
v 0.00644602 0.0023804 0.0265903 
v 0.00647144 0.00232318 0.0267936 
v 0.00649655 0.00225743 0.0269944 
v 0.00652129 0.00218326 0.0271923 
v 0.00654562 0.00210081 0.0273869 
v 0.0065695 0.00201022 0.027578 
v 0.0065929 0.00191164 0.0277651 
v 0.00661576 0.00180525 0.0279479 
v 0.00663804 0.00169124 0.0281262 
v 0.00665972 0.00156981 0.0282996 
v 0.00668075 0.00144116 0.0284677 
v 0.00670108 0.00130553 0.0286304 
v 0.0067207 0.00116316 0.0287873 
v 0.00673956 0.00101429 0.0289382 
v 0.00675763 0.000859183 0.0290827 
v 0.00677488 0.000698114 0.0292207 
v 0.00679127 0.000531364 0.0293518 
v 0.00680679 0.000359225 0.0294759 
v 0.0068214 0.000182 0.0295927 
v 0.00485388 0.00253554 0.0257024 
v 0.00487217 0.00252218 0.0259139 
v 0.00489039 0.00249994 0.0261248 
v 0.00490852 0.00246886 0.0263345 
v 0.00492653 0.00242899 0.0265427 
v 0.00494437 0.0023804 0.0267491 
v 0.00496202 0.00232318 0.0269532 
v 0.00497945 0.00225743 0.0271549 
v 0.00499663 0.00218326 0.0273535 
v 0.00501352 0.00210081 0.027549 
v 0.00503011 0.00201022 0.0277408 
v 0.00504635 0.00191164 0.0279286 
v 0.00506222 0.00180525 0.0281122 
v 0.00507769 0.00169124 0.0282912 
v 0.00509274 0.00156981 0.0284653 
v 0.00510734 0.00144116 0.0286341 
v 0.00512146 0.00130553 0.0287975 
v 0.00513508 0.00116316 0.028955 
v 0.00514818 0.00101429 0.0291065 
v 0.00516072 0.000859183 0.0292516 
v 0.0051727 0.000698114 0.0293901 
v 0.00518408 0.000531364 0.0295218 
v 0.00519485 0.000359225 0.0296464 
v 0.00520499 0.000182 0.0297637 
v 0.00340058 0.00253554 0.0258 
v 0.00341073 0.00252218 0.0260121 
v 0.00342084 0.00249994 0.0262235 
v 0.0034309 0.00246886 0.0264337 
v 0.00344088 0.00242899 0.0266425 
v 0.00345078 0.0023804 0.0268494 
v 0.00346057 0.00232318 0.0270541 
v 0.00347024 0.00225743 0.0272562 
v 0.00347977 0.00218326 0.0274554 
v 0.00348914 0.00210081 0.0276514 
v 0.00349834 0.00201022 0.0278437 
v 0.00350735 0.00191164 0.028032 
v 0.00351615 0.00180525 0.0282161 
v 0.00352474 0.00169124 0.0283955 
v 0.00353308 0.00156981 0.02857 
v 0.00354118 0.00144116 0.0287393 
v 0.00354901 0.00130553 0.0289031 
v 0.00355657 0.00116316 0.029061 
v 0.00356383 0.00101429 0.0292129 
v 0.00357079 0.000859183 0.0293584 
v 0.00357743 0.000698114 0.0294972 
v 0.00358375 0.000531364 0.0296292 
v 0.00358972 0.000359225 0.0297542 
v 0.00359535 0.000182 0.0298718 
v 0.00195517 0.00253554 0.0258411 
v 0.00195708 0.00252218 0.0260535 
v 0.00195899 0.00249994 0.0262651 
v 0.00196089 0.00246886 0.0264756 
v 0.00196277 0.00242899 0.0266846 
v 0.00196464 0.0023804 0.0268917 
v 0.00196649 0.00232318 0.0270966 
v 0.00196831 0.00225743 0.027299 
v 0.00197011 0.00218326 0.0274984 
v 0.00197188 0.00210081 0.0276945 
v 0.00197361 0.00201022 0.0278871 
v 0.00197531 0.00191164 0.0280756 
v 0.00197697 0.00180525 0.0282599 
v 0.00197859 0.00169124 0.0284395 
v 0.00198017 0.00156981 0.0286142 
v 0.00198169 0.00144116 0.0287837 
v 0.00198317 0.00130553 0.0289476 
v 0.0019846 0.00116316 0.0291058 
v 0.00198597 0.00101429 0.0292578 
v 0.00198728 0.000859183 0.0294034 
v 0.00198853 0.000698114 0.0295425 
v 0.00198973 0.000531364 0.0296746 
v 0.00199085 0.000359225 0.0297997 
v 0.00199191 0.000182 0.0299174 
v 0.000516888 0.00253554 0.025826 
v 0.000510489 0.00252218 0.0260383 
v 0.000504113 0.00249994 0.0262498 
v 0.000497771 0.00246886 0.0264602 
v 0.000491473 0.00242899 0.0266691 
v 0.000485231 0.0023804 0.0268761 
v 0.000479056 0.00232318 0.027081 
v 0.000472959 0.00225743 0.0272833 
v 0.00046695 0.00218326 0.0274826 
v 0.000461039 0.00210081 0.0276787 
v 0.000455238 0.00201022 0.0278711 
v 0.000449557 0.00191164 0.0280596 
v 0.000444004 0.00180525 0.0282438 
v 0.000438591 0.00169124 0.0284233 
v 0.000433327 0.00156981 0.028598 
v 0.00042822 0.00144116 0.0287674 
v 0.00042328 0.00130553 0.0289312 
v 0.000418515 0.00116316 0.0290893 
v 0.000413935 0.00101429 0.0292412 
v 0.000409546 0.000859183 0.0293868 
v 0.000405357 0.000698114 0.0295258 
v 0.000401374 0.000531364 0.0296579 
v 0.000397606 0.000359225 0.0297829 
v 0.000394058 0.000182 0.0299006 
v 8.28084e-05 0.00253554 0.0258103 
v 7.38787e-05 0.00252218 0.0260225 
v 6.49803e-05 0.00249994 0.0262339 
v 5.61289e-05 0.00246886 0.0264442 
v 4.73399e-05 0.00242899 0.026653 
v 3.86289e-05 0.0023804 0.02686 
v 3.00111e-05 0.00232318 0.0270648 
v 2.15017e-05 0.00225743 0.027267 
v 1.31154e-05 0.00218326 0.0274662 
v 4.86714e-06 0.00210081 0.0276622 
v -3.22871e-06 0.00201022 0.0278545 
v -1.11579e-05 0.00191164 0.0280429 
v -1.89066e-05 0.00180525 0.028227 
v -2.64612e-05 0.00169124 0.0284065 
v -3.38083e-05 0.00156981 0.0285811 
v -4.09352e-05 0.00144116 0.0287504 
v -4.78293e-05 0.00130553 0.0289142 
v -5.44785e-05 0.00116316 0.0290722 
v -6.08712e-05 0.00101429 0.0292241 
v -6.69961e-05 0.000859183 0.0293696 
v -7.28425e-05 0.000698114 0.0295085 
v -7.84001e-05 0.000531364 0.0296406 
v -8.36593e-05 0.000359225 0.0297655 
v -8.86107e-05 0.000182 0.0298832 
v -0.00135255 0.00253554 0.0257213 
v -0.00136992 0.00252218 0.025933 
v -0.00138723 0.00249994 0.0261439 
v -0.00140444 0.00246886 0.0263537 
v -0.00142153 0.00242899 0.026562 
v -0.00143847 0.0023804 0.0267684 
v -0.00145523 0.00232318 0.0269727 
v -0.00147178 0.00225743 0.0271744 
v -0.00148809 0.00218326 0.0273731 
v -0.00150414 0.00210081 0.0275686 
v -0.00151988 0.00201022 0.0277605 
v -0.0015353 0.00191164 0.0279484 
v -0.00155037 0.00180525 0.0281321 
v -0.00156506 0.00169124 0.0283111 
v -0.00157935 0.00156981 0.0284853 
v -0.00159321 0.00144116 0.0286542 
v -0.00160662 0.00130553 0.0288176 
v -0.00161955 0.00116316 0.0289752 
v -0.00163198 0.00101429 0.0291267 
v -0.0016439 0.000859183 0.0292718 
v -0.00165527 0.000698114 0.0294104 
v -0.00166607 0.000531364 0.0295421 
v -0.0016763 0.000359225 0.0296668 
v -0.00168593 0.000182 0.0297841 
v -0.00276627 0.00253554 0.025577 
v -0.00279204 0.00252218 0.0257878 
v -0.00281772 0.00249994 0.0259979 
v -0.00284326 0.00246886 0.0262068 
v -0.00286861 0.00242899 0.0264142 
v -0.00289375 0.0023804 0.0266199 
v -0.00291862 0.00232318 0.0268233 
v -0.00294317 0.00225743 0.0270242 
v -0.00296737 0.00218326 0.0272221 
v -0.00299117 0.00210081 0.0274168 
v -0.00301453 0.00201022 0.0276079 
v -0.0030374 0.00191164 0.0277951 
v -0.00305976 0.00180525 0.027978 
v -0.00308156 0.00169124 0.0281563 
v -0.00310276 0.00156981 0.0283297 
v -0.00312332 0.00144116 0.028498 
v -0.00314322 0.00130553 0.0286607 
v -0.0031624 0.00116316 0.0288177 
v -0.00318085 0.00101429 0.0289686 
v -0.00319852 0.000859183 0.0291131 
v -0.00321539 0.000698114 0.0292511 
v -0.00323143 0.000531364 0.0293823 
v -0.0032466 0.000359225 0.0295065 
v -0.00326089 0.000182 0.0296234 
v -0.0041599 0.00253554 0.0253785 
v -0.00419402 0.00252218 0.0255881 
v -0.00422801 0.00249994 0.025797 
v -0.00426183 0.00246886 0.0260048 
v -0.00429541 0.00242899 0.026211 
v -0.00432869 0.0023804 0.0264155 
v -0.00436161 0.00232318 0.0266178 
v -0.00439412 0.00225743 0.0268175 
v -0.00442616 0.00218326 0.0270144 
v -0.00445768 0.00210081 0.027208 
v -0.00448861 0.00201022 0.027398 
v -0.0045189 0.00191164 0.0275841 
v -0.0045485 0.00180525 0.027766 
v -0.00457736 0.00169124 0.0279433 
v -0.00460543 0.00156981 0.0281157 
v -0.00463266 0.00144116 0.028283 
v -0.004659 0.00130553 0.0284448 
v -0.0046844 0.00116316 0.0286009 
v -0.00470883 0.00101429 0.0287509 
v -0.00473223 0.000859183 0.0288947 
v -0.00475456 0.000698114 0.0290319 
v -0.0047758 0.000531364 0.0291624 
v -0.00479589 0.000359225 0.0292858 
v -0.00481481 0.000182 0.029402 
v -0.00553494 0.00253554 0.0251266 
v -0.00557734 0.00252218 0.0253347 
v -0.0056196 0.00249994 0.0255421 
v -0.00566163 0.00246886 0.0257483 
v -0.00570336 0.00242899 0.0259531 
v -0.00574473 0.0023804 0.0261561 
v -0.00578565 0.00232318 0.0263569 
v -0.00582606 0.00225743 0.0265552 
v -0.00586588 0.00218326 0.0267506 
v -0.00590505 0.00210081 0.0269428 
v -0.0059435 0.00201022 0.0271315 
v -0.00598115 0.00191164 0.0273162 
v -0.00601795 0.00180525 0.0274968 
v -0.00605382 0.00169124 0.0276728 
v -0.00608871 0.00156981 0.027844 
v -0.00612255 0.00144116 0.0280101 
v -0.00615529 0.00130553 0.0281707 
v -0.00618686 0.00116316 0.0283257 
v -0.00621722 0.00101429 0.0284746 
v -0.00624631 0.000859183 0.0286173 
v -0.00627407 0.000698114 0.0287536 
v -0.00630046 0.000531364 0.0288831 
v -0.00632543 0.000359225 0.0290056 
v -0.00634895 0.000182 0.029121 
v -0.00689283 0.00253554 0.0248218 
v -0.00694345 0.00252218 0.025028 
v -0.00699389 0.00249994 0.0252335 
v -0.00704406 0.00246886 0.0254379 
v -0.00709388 0.00242899 0.0256409 
v -0.00714326 0.0023804 0.0258421 
v -0.00719211 0.00232318 0.0260411 
v -0.00724034 0.00225743 0.0262377 
v -0.00728788 0.00218326 0.0264314 
v -0.00733463 0.00210081 0.0266218 
v -0.00738052 0.00201022 0.0268088 
v -0.00742547 0.00191164 0.0269919 
v -0.00746939 0.00180525 0.0271709 
v -0.00751222 0.00169124 0.0273454 
v -0.00755386 0.00156981 0.0275151 
v -0.00759426 0.00144116 0.0276797 
v -0.00763334 0.00130553 0.0278389 
v -0.00767103 0.00116316 0.0279924 
v -0.00770726 0.00101429 0.0281401 
v -0.00774198 0.000859183 0.0282815 
v -0.00777512 0.000698114 0.0284166 
v -0.00780663 0.000531364 0.0285449 
v -0.00783644 0.000359225 0.0286664 
v -0.0078645 0.000182 0.0287807 
v -0.00823501 0.00253554 0.024464 
v -0.00829375 0.00252218 0.0246681 
v -0.00835228 0.00249994 0.0248715 
v -0.00841051 0.00246886 0.0250737 
v -0.00846832 0.00242899 0.0252746 
v -0.00852562 0.0023804 0.0254737 
v -0.00858231 0.00232318 0.0256706 
v -0.00863829 0.00225743 0.0258651 
v -0.00869345 0.00218326 0.0260567 
v -0.00874771 0.00210081 0.0262452 
v -0.00880097 0.00201022 0.0264302 
v -0.00885313 0.00191164 0.0266114 
v -0.0089041 0.00180525 0.0267885 
v -0.00895379 0.00169124 0.0269612 
v -0.00900212 0.00156981 0.0271291 
v -0.009049 0.00144116 0.0272919 
v -0.00909435 0.00130553 0.0274495 
v -0.00913809 0.00116316 0.0276014 
v -0.00918014 0.00101429 0.0277475 
v -0.00922043 0.000859183 0.0278875 
v -0.00925889 0.000698114 0.0280211 
v -0.00929545 0.000531364 0.0281481 
v -0.00933005 0.000359225 0.0282683 
v -0.00956285 0.00253554 0.0240532 
v -0.00962961 0.00252218 0.0242548 
v -0.00969614 0.00249994 0.0244557 
v -0.00976231 0.00246886 0.0246555 
v -0.00982802 0.00242899 0.0248539 
v -0.00989314 0.0023804 0.0250506 
v -0.00995757 0.00232318 0.0252451 
v -0.0100212 0.00225743 0.0254372 
v -0.0100839 0.00218326 0.0256265 
v -0.0101455 0.00210081 0.0258127 
v -0.0102061 0.00201022 0.0259955 
v -0.0102653 0.00191164 0.0261745 
v -0.0103233 0.00180525 0.0263494 
v -0.0103798 0.00169124 0.02652 
v -0.0104347 0.00156981 0.0266858 
v -0.010488 0.00144116 0.0268467 
v -0.0105395 0.00130553 0.0270024 
v -0.0105892 0.00116316 0.0271525 
v -0.010637 0.00101429 0.0272968 
v -0.0106828 0.000859183 0.0274351 
v -0.0107265 0.000698114 0.027567 
v -0.0107681 0.000531364 0.0276925 
v -0.00936262 0.000182 0.0283814 
v -0.0108074 0.000359225 0.0278112 
v -0.0108777 0.00253554 0.0235888 
v -0.0109524 0.00252218 0.0237876 
v -0.0110268 0.00249994 0.0239857 
v -0.0111008 0.00246886 0.0241827 
v -0.0111743 0.00242899 0.0243784 
v -0.0112471 0.0023804 0.0245723 
v -0.0113192 0.00232318 0.0247642 
v -0.0113903 0.00225743 0.0249536 
v -0.0114604 0.00218326 0.0251403 
v -0.0115294 0.00210081 0.0253239 
v -0.0115971 0.00201022 0.0255042 
v -0.0116634 0.00191164 0.0256807 
v -0.0117282 0.00180525 0.0258532 
v -0.0117913 0.00169124 0.0260214 
v -0.0118527 0.00156981 0.0261849 
v -0.0119123 0.00144116 0.0263436 
v -0.01197 0.00130553 0.0264971 
v -0.0120256 0.00116316 0.0266451 
v -0.012079 0.00101429 0.0267874 
v -0.0121302 0.000859183 0.0269238 
v -0.0121791 0.000698114 0.0270539 
v -0.0122256 0.000531364 0.0271777 
v -0.0108444 0.000182 0.027923 
v -0.0122695 0.000359225 0.0272948 
v -0.0121812 0.00253554 0.0230697 
v -0.0122636 0.00252218 0.0232654 
v -0.0123457 0.00249994 0.0234604 
v -0.0124274 0.00246886 0.0236544 
v -0.0125086 0.00242899 0.023847 
v -0.012589 0.0023804 0.024038 
v -0.0126685 0.00232318 0.0242268 
v -0.0127471 0.00225743 0.0244133 
v -0.0128245 0.00218326 0.0245971 
v -0.0129006 0.00210081 0.0247779 
v -0.0129753 0.00201022 0.0249553 
v -0.0130485 0.00191164 0.0251291 
v -0.0131201 0.00180525 0.0252989 
v -0.0131898 0.00169124 0.0254645 
v -0.0132576 0.00156981 0.0256255 
v -0.0133234 0.00144116 0.0257817 
v -0.013387 0.00130553 0.0259328 
v -0.0134484 0.00116316 0.0260785 
v -0.0135074 0.00101429 0.0262186 
v -0.0135639 0.000859183 0.0263528 
v -0.0136179 0.000698114 0.026481 
v -0.0136692 0.000531364 0.0266028 
v -0.0123109 0.000182 0.027405 
v -0.0137178 0.000359225 0.026718 
v -0.012924 0.00253554 0.022747 
v -0.0130108 0.00252218 0.0229408 
v -0.0130973 0.00249994 0.0231339 
v -0.0131833 0.00246886 0.023326 
v -0.0132687 0.00242899 0.0235168 
v -0.0133534 0.0023804 0.0237058 
v -0.0134372 0.00232318 0.0238928 
v -0.0135199 0.00225743 0.0240775 
v -0.0136014 0.00218326 0.0242595 
v -0.0136816 0.00210081 0.0244385 
v -0.0137603 0.00201022 0.0246143 
v -0.0138374 0.00191164 0.0247863 
v -0.0139127 0.00180525 0.0249545 
v -0.0139861 0.00169124 0.0251185 
v -0.0140575 0.00156981 0.0252779 
v -0.0141268 0.00144116 0.0254326 
v -0.0141938 0.00130553 0.0255822 
v -0.0142585 0.00116316 0.0257265 
v -0.0143206 0.00101429 0.0258653 
v -0.0143802 0.000859183 0.0259982 
v -0.014437 0.000698114 0.0261251 
v -0.014491 0.000531364 0.0262457 
v -0.0137635 0.000182 0.0268266 
v -0.0145421 0.000359225 0.0263599 
v -0.0142849 0.00253554 0.0221042 
v -0.0143794 0.00252218 0.0222944 
v -0.0144735 0.00249994 0.022484 
v -0.0145671 0.00246886 0.0226725 
v -0.01466 0.00242899 0.0228597 
v -0.0147522 0.0023804 0.0230452 
v -0.0148433 0.00232318 0.0232288 
v -0.0149333 0.00225743 0.02341 
v -0.015022 0.00218326 0.0235887 
v -0.0151092 0.00210081 0.0237644 
v -0.0151948 0.00201022 0.0239368 
v -0.0152787 0.00191164 0.0241057 
v -0.0153606 0.00180525 0.0242707 
v -0.0154405 0.00169124 0.0244316 
v -0.0155182 0.00156981 0.0245881 
v -0.0155936 0.00144116 0.0247399 
v -0.0156665 0.00130553 0.0248868 
v -0.0157368 0.00116316 0.0250284 
v -0.0158044 0.00101429 0.0251646 
v -0.0158692 0.000859183 0.025295 
v -0.015931 0.000698114 0.0254196 
v -0.0159898 0.000531364 0.0255379 
v -0.0145903 0.000182 0.0264673 
v -0.0160454 0.000359225 0.02565 
v -0.0157158 0.00253554 0.0213576 
v -0.0158177 0.00252218 0.0215439 
v -0.0159193 0.00249994 0.0217296 
v -0.0160203 0.00246886 0.0219143 
v -0.0161206 0.00242899 0.0220976 
v -0.01622 0.0023804 0.0222794 
v -0.0163183 0.00232318 0.0224592 
v -0.0164154 0.00225743 0.0226367 
v -0.0165111 0.00218326 0.0228117 
v -0.0166053 0.00210081 0.0229838 
v -0.0166976 0.00201022 0.0231527 
v -0.0167881 0.00191164 0.0233181 
v -0.0168766 0.00180525 0.0234798 
v -0.0169628 0.00169124 0.0236374 
v -0.0170466 0.00156981 0.0237907 
v -0.0171279 0.00144116 0.0239394 
v -0.0172066 0.00130553 0.0240832 
v -0.0172825 0.00116316 0.024222 
v -0.0173554 0.00101429 0.0243553 
v -0.0174253 0.000859183 0.0244831 
v -0.017492 0.000698114 0.0246051 
v -0.0175555 0.000531364 0.0247211 
v -0.0160978 0.000182 0.0257554 
v -0.0176155 0.000359225 0.0248308 
v -0.0172183 0.00253554 0.0204963 
v -0.0173275 0.00252218 0.0206785 
v -0.0174363 0.00249994 0.02086 
v -0.0175445 0.00246886 0.0210405 
v -0.017652 0.00242899 0.0212198 
v -0.0177585 0.0023804 0.0213974 
v -0.0178639 0.00232318 0.0215732 
v -0.0179679 0.00225743 0.0217468 
v -0.0180705 0.00218326 0.0219178 
v -0.0181713 0.00210081 0.022086 
v -0.0182703 0.00201022 0.0222512 
v -0.0183673 0.00191164 0.0224129 
v -0.018462 0.00180525 0.0225709 
v -0.0185544 0.00169124 0.022725 
v -0.0186443 0.00156981 0.0228749 
v -0.0187314 0.00144116 0.0230202 
v -0.0188157 0.00130553 0.0231608 
v -0.018897 0.00116316 0.0232965 
v -0.0189752 0.00101429 0.0234268 
v -0.0190501 0.000859183 0.0235518 
v -0.0191216 0.000698114 0.023671 
v -0.0191895 0.000531364 0.0237844 
v -0.017672 0.000182 0.0249341 
v -0.0192538 0.000359225 0.0238916 
v -0.0187927 0.00253554 0.0195092 
v -0.018909 0.00252218 0.0196869 
v -0.0190248 0.00249994 0.019864 
v -0.0191401 0.00246886 0.0200401 
v -0.0192546 0.00242899 0.020215 
v -0.019368 0.0023804 0.0203883 
v -0.0194802 0.00232318 0.0205598 
v -0.0195911 0.00225743 0.0207291 
v -0.0197003 0.00218326 0.020896 
v -0.0198077 0.00210081 0.0210601 
v -0.0199131 0.00201022 0.0212212 
v -0.0200164 0.00191164 0.021379 
v -0.0201173 0.00180525 0.0215331 
v -0.0202157 0.00169124 0.0216835 
v -0.0203113 0.00156981 0.0218297 
v -0.0204042 0.00144116 0.0219715 
v -0.0204939 0.00130553 0.0221086 
v -0.0205805 0.00116316 0.0222409 
v -0.0206638 0.00101429 0.0223681 
v -0.0207435 0.000859183 0.02249 
v -0.0208197 0.000698114 0.0226064 
v -0.0208921 0.000531364 0.0227169 
v -0.0193144 0.000182 0.0239926 
v -0.0209606 0.000359225 0.0228216 
v -0.0205828 0.00253554 0.0182814 
v -0.0207066 0.00252218 0.018454 
v -0.0208299 0.00249994 0.0186259 
v -0.0209526 0.00246886 0.0187969 
v -0.0210744 0.00242899 0.0189667 
v -0.0211952 0.0023804 0.0191351 
v -0.0213147 0.00232318 0.0193016 
v -0.0214326 0.00225743 0.019466 
v -0.0215489 0.00218326 0.019628 
v -0.0216632 0.00210081 0.0197874 
v -0.0217754 0.00201022 0.0199439 
v -0.0218854 0.00191164 0.0200971 
v -0.0219928 0.00180525 0.0202468 
v -0.0220975 0.00169124 0.0203928 
v -0.0221993 0.00156981 0.0205347 
v -0.0222981 0.00144116 0.0206724 
v -0.0223937 0.00130553 0.0208056 
v -0.0224859 0.00116316 0.0209341 
v -0.0225745 0.00101429 0.0210576 
v -0.0226594 0.000859183 0.021176 
v -0.0227405 0.000698114 0.021289 
v -0.0228175 0.000531364 0.0213963 
v -0.021025 0.000182 0.0229201 
v -0.0228904 0.000359225 0.021498 
v -0.0223661 0.00253554 0.0169453 
v -0.0224969 0.00252218 0.0171127 
v -0.0226271 0.00249994 0.0172794 
v -0.0227567 0.00246886 0.0174453 
v -0.0228854 0.00242899 0.01761 
v -0.0230129 0.0023804 0.0177733 
v -0.0231391 0.00232318 0.0179348 
v -0.0232636 0.00225743 0.0180942 
v -0.0233864 0.00218326 0.0182514 
v -0.0235072 0.00210081 0.018406 
v -0.0236257 0.00201022 0.0185577 
v -0.0237418 0.00191164 0.0187063 
v -0.0238552 0.00180525 0.0188515 
v -0.0239658 0.00169124 0.0189931 
v -0.0240734 0.00156981 0.0191307 
v -0.0241777 0.00144116 0.0192643 
v -0.0242786 0.00130553 0.0193935 
v -0.024376 0.00116316 0.0195181 
v -0.0244696 0.00101429 0.0196379 
v -0.0245592 0.000859183 0.0197527 
v -0.0246448 0.000698114 0.0198623 
v -0.0247262 0.000531364 0.0199664 
v -0.022959 0.000182 0.0215936 
v -0.0248032 0.000359225 0.020065 
v -0.0241389 0.00253554 0.015503 
v -0.0242761 0.00252218 0.0156651 
v -0.0244128 0.00249994 0.0158266 
v -0.0245488 0.00246886 0.0159872 
v -0.0246838 0.00242899 0.0161468 
v -0.0248176 0.0023804 0.0163049 
v -0.02495 0.00232318 0.0164613 
v -0.0250808 0.00225743 0.0166158 
v -0.0252096 0.00218326 0.016768 
v -0.0253364 0.00210081 0.0169177 
v -0.0254607 0.00201022 0.0170646 
v -0.0255826 0.00191164 0.0172086 
v -0.0257016 0.00180525 0.0173492 
v -0.0258177 0.00169124 0.0174863 
v -0.0259306 0.00156981 0.0176197 
v -0.0260401 0.00144116 0.0177491 
v -0.026146 0.00130553 0.0178742 
v -0.0262481 0.00116316 0.0179949 
v -0.0263464 0.00101429 0.0181109 
v -0.0264405 0.000859183 0.0182221 
v -0.0265303 0.000698114 0.0183282 
v -0.0266157 0.000531364 0.0184291 
v -0.0248757 0.000182 0.0201577 
v -0.0266965 0.000359225 0.0185246 
v -0.0258391 0.00253554 0.0140089 
v -0.0259821 0.00252218 0.0141658 
v -0.0261247 0.00249994 0.0143222 
v -0.0262665 0.00246886 0.0144778 
v -0.0264073 0.00242899 0.0146322 
v -0.0265469 0.0023804 0.0147853 
v -0.0266849 0.00232318 0.0149368 
v -0.0268212 0.00225743 0.0150863 
v -0.0269556 0.00218326 0.0152337 
v -0.0270877 0.00210081 0.0153787 
v -0.0272174 0.00201022 0.0155209 
v -0.0273445 0.00191164 0.0156603 
v -0.0274686 0.00180525 0.0157965 
v -0.0275896 0.00169124 0.0159292 
v -0.0277073 0.00156981 0.0160584 
v -0.0278215 0.00144116 0.0161836 
v -0.027932 0.00130553 0.0163048 
v -0.0280385 0.00116316 0.0164216 
v -0.0281409 0.00101429 0.016534 
v -0.028239 0.000859183 0.0166416 
v -0.0283327 0.000698114 0.0167444 
v -0.0284217 0.000531364 0.0168421 
v -0.0267725 0.000182 0.0186144 
v -0.028506 0.000359225 0.0169345 
v -0.0276277 0.00253554 0.0123144 
v -0.0277766 0.00252218 0.0124658 
v -0.0279251 0.00249994 0.0126166 
v -0.0280727 0.00246886 0.0127667 
v -0.0282193 0.00242899 0.0129156 
v -0.0283646 0.0023804 0.0130633 
v -0.0285083 0.00232318 0.0132094 
v -0.0286502 0.00225743 0.0133536 
v -0.0287901 0.00218326 0.0134958 
v -0.0289277 0.00210081 0.0136356 
v -0.0290627 0.00201022 0.0137728 
v -0.0291949 0.00191164 0.0139072 
v -0.0293242 0.00180525 0.0140386 
v -0.0294502 0.00169124 0.0141666 
v -0.0295727 0.00156981 0.0142912 
v -0.0296916 0.00144116 0.014412 
v -0.0298066 0.00130553 0.0145289 
v -0.0299175 0.00116316 0.0146416 
v -0.0300241 0.00101429 0.0147499 
v -0.0301263 0.000859183 0.0148538 
v -0.0302238 0.000698114 0.0149529 
v -0.0303165 0.000531364 0.0150471 
v -0.0285853 0.000182 0.0170215 
v -0.0304042 0.000359225 0.0151362 
v -0.0293426 0.00253554 0.010564 
v -0.0294969 0.00252218 0.0107099 
v -0.0296508 0.00249994 0.0108552 
v -0.0298038 0.00246886 0.0109997 
v -0.0299557 0.00242899 0.0111433 
v -0.0301063 0.0023804 0.0112855 
v -0.0302552 0.00232318 0.0114263 
v -0.0304023 0.00225743 0.0115653 
v -0.0305473 0.00218326 0.0117022 
v -0.0306899 0.00210081 0.0118369 
v -0.0308298 0.00201022 0.0119691 
v -0.0309669 0.00191164 0.0120986 
v -0.0311008 0.00180525 0.0122252 
v -0.0312314 0.00169124 0.0123486 
v -0.0313584 0.00156981 0.0124686 
v -0.0314816 0.00144116 0.0125849 
v -0.0316008 0.00130553 0.0126975 
v -0.0317157 0.00116316 0.0128061 
v -0.0318262 0.00101429 0.0129105 
v -0.0319321 0.000859183 0.0130106 
v -0.0320331 0.000698114 0.013106 
v -0.0321292 0.000531364 0.0131968 
v -0.0304868 0.000182 0.0152201 
v -0.0322201 0.000359225 0.0132827 
v -0.0309842 0.00253554 0.00876359 
v -0.0311436 0.00252218 0.00890388 
v -0.0313025 0.00249994 0.00904369 
v -0.0314605 0.00246886 0.00918275 
v -0.0316174 0.00242899 0.00932083 
v -0.0317729 0.0023804 0.00945769 
v -0.0319268 0.00232318 0.00959309 
v -0.0320787 0.00225743 0.00972678 
v -0.0322284 0.00218326 0.00985854 
v -0.0323756 0.00210081 0.00998813 
v -0.0325201 0.00201022 0.0101153 
v -0.0326617 0.00191164 0.0102399 
v -0.0328 0.00180525 0.0103616 
v -0.0329349 0.00169124 0.0104803 
v -0.033066 0.00156981 0.0105958 
v -0.0331933 0.00144116 0.0107077 
v -0.0333163 0.00130553 0.010816 
v -0.033435 0.00116316 0.0109205 
v -0.0335492 0.00101429 0.0110209 
v -0.0336585 0.000859183 0.0111172 
v -0.0337629 0.000698114 0.011209 
v -0.0338621 0.000531364 0.0112963 
v -0.0323057 0.000182 0.0133636 
v -0.033956 0.000359225 0.011379 
v -0.0325524 0.00253554 0.00691836 
v -0.0327165 0.00252218 0.00705306 
v -0.0328801 0.00249994 0.00718729 
v -0.0330428 0.00246886 0.00732081 
v -0.0332044 0.00242899 0.00745339 
v -0.0333646 0.0023804 0.00758479 
v -0.033523 0.00232318 0.00771479 
v -0.0336794 0.00225743 0.00784315 
v -0.0338336 0.00218326 0.00796965 
v -0.0339852 0.00210081 0.00809407 
v -0.0341341 0.00201022 0.0082162 
v -0.0342798 0.00191164 0.00833581 
v -0.0344223 0.00180525 0.00845269 
v -0.0345612 0.00169124 0.00856665 
v -0.0346962 0.00156981 0.00867748 
v -0.0348273 0.00144116 0.00878499 
v -0.034954 0.00130553 0.00888898 
v -0.0350762 0.00116316 0.00898928 
v -0.0351938 0.00101429 0.00908571 
v -0.0353064 0.000859183 0.0091781 
v -0.0354138 0.000698114 0.0092663 
v -0.035516 0.000531364 0.00935013 
v -0.0340443 0.000182 0.0114568 
v -0.0356127 0.000359225 0.00942946 
v -0.0340461 0.00253554 0.00503305 
v -0.0342147 0.00252218 0.00516205 
v -0.0343828 0.00249994 0.0052906 
v -0.03455 0.00246886 0.00541847 
v -0.0347161 0.00242899 0.00554544 
v -0.0348806 0.0023804 0.00567128 
v -0.0350434 0.00232318 0.00579578 
v -0.0352041 0.00225743 0.00591871 
v -0.0353625 0.00218326 0.00603986 
v -0.0355184 0.00210081 0.00615902 
v -0.0356713 0.00201022 0.00627597 
v -0.0358211 0.00191164 0.00639052 
v -0.0359674 0.00180525 0.00650246 
v -0.0361101 0.00169124 0.0066116 
v -0.0362489 0.00156981 0.00671774 
v -0.0363835 0.00144116 0.00682069 
v -0.0365138 0.00130553 0.00692029 
v -0.0366394 0.00116316 0.00701634 
v -0.0367601 0.00101429 0.0071087 
v -0.0368758 0.000859183 0.00719718 
v -0.0369863 0.000698114 0.00728164 
v -0.0370913 0.000531364 0.00736193 
v -0.0357037 0.000182 0.00950415 
v -0.0371906 0.000359225 0.0074379 
v -0.0372841 0.000182 0.00750943 
v -0.0354639 0.00253554 0.00311185 
v -0.0356369 0.00252218 0.00323499 
v -0.0358093 0.00249994 0.00335769 
v -0.0359808 0.00246886 0.00347975 
v -0.0361511 0.00242899 0.00360095 
v -0.0363199 0.0023804 0.00372107 
v -0.0364868 0.00232318 0.00383991 
v -0.0366517 0.00225743 0.00395725 
v -0.0368142 0.00218326 0.00407289 
v -0.036974 0.00210081 0.00418663 
v -0.0371308 0.00201022 0.00429827 
v -0.0372844 0.00191164 0.00440761 
v -0.0374346 0.00180525 0.00451446 
v -0.0375809 0.00169124 0.00461864 
v -0.0377233 0.00156981 0.00471995 
v -0.0378614 0.00144116 0.00481823 
v -0.0379949 0.00130553 0.00491329 
v -0.0381237 0.00116316 0.00500499 
v -0.0382476 0.00101429 0.00509314 
v -0.0383663 0.000859183 0.0051776 
v -0.0384795 0.000698114 0.00525822 
v -0.0385872 0.000531364 0.00533486 
v -0.0386891 0.000359225 0.00540738 
v -0.038785 0.000182 0.00547566 
v -0.0368038 0.00253554 0.00115854 
v -0.036981 0.00252218 0.00127558 
v -0.0371575 0.00249994 0.00139221 
v -0.0373332 0.00246886 0.00150822 
v -0.0375076 0.00242899 0.00162341 
v -0.0376804 0.0023804 0.00173758 
v -0.0378514 0.00232318 0.00185053 
v -0.0380203 0.00225743 0.00196206 
v -0.0381867 0.00218326 0.00207197 
v -0.0383504 0.00210081 0.00218008 
v -0.038511 0.00201022 0.00228619 
v -0.0386683 0.00191164 0.00239011 
v -0.0388221 0.00180525 0.00249167 
v -0.038972 0.00169124 0.00259069 
v -0.0391178 0.00156981 0.00268698 
v -0.0392592 0.00144116 0.00278039 
v -0.039396 0.00130553 0.00287075 
v -0.0395279 0.00116316 0.00295789 
v -0.0396548 0.00101429 0.00304168 
v -0.0397763 0.000859183 0.00312196 
v -0.0398923 0.000698114 0.00319858 
v -0.0400026 0.000531364 0.00327142 
v -0.040107 0.000359225 0.00334035 
v -0.0402052 0.000182 0.00340525 
v -0.0380629 0.00253554 -0.000823507 
v -0.0382442 0.00252218 -0.000712889 
v -0.0384248 0.00249994 -0.000602659 
v -0.0386045 0.00246886 -0.000493011 
v -0.0387829 0.00242899 -0.000384137 
v -0.0389597 0.0023804 -0.000276228 
v -0.0391347 0.00232318 -0.000169474 
v -0.0393074 0.00225743 -6.40621e-05 
v -0.0394777 0.00218326 3.98234e-05 
v -0.0396451 0.00210081 0.000142 
v -0.0398094 0.00201022 0.000242288 
v -0.0399704 0.00191164 0.000340512 
v -0.0401277 0.00180525 0.0004365 
v -0.040281 0.00169124 0.000530083 
v -0.0404302 0.00156981 0.000621097 
v -0.0405748 0.00144116 0.000709382 
v -0.0407148 0.00130553 0.000794783 
v -0.0408498 0.00116316 0.000877151 
v -0.0409795 0.00101429 0.000956341 
v -0.0411039 0.000859183 0.00103221 
v -0.0412225 0.000698114 0.00110464 
v -0.0413354 0.000531364 0.00117348 
v -0.0414421 0.000359225 0.00123863 
v -0.0415426 0.000182 0.00129997 
v -0.0392378 0.00253554 -0.0028313 
v -0.0394231 0.00252218 -0.00272753 
v -0.0396077 0.00249994 -0.00262412 
v -0.0397913 0.00246886 -0.00252125 
v -0.0399737 0.00242899 -0.00241912 
v -0.0401544 0.0023804 -0.00231788 
v -0.0403332 0.00232318 -0.00221773 
v -0.0405098 0.00225743 -0.00211884 
v -0.0406838 0.00218326 -0.00202138 
v -0.0408549 0.00210081 -0.00192553 
v -0.0410229 0.00201022 -0.00183144 
v -0.0411874 0.00191164 -0.0017393 
v -0.0413481 0.00180525 -0.00164925 
v -0.0415049 0.00169124 -0.00156145 
v -0.0416573 0.00156981 -0.00147607 
v -0.0418052 0.00144116 -0.00139325 
v -0.0419482 0.00130553 -0.00131313 
v -0.0420862 0.00116316 -0.00123585 
v -0.0422188 0.00101429 -0.00116156 
v -0.0423459 0.000859183 -0.00109038 
v -0.0424672 0.000698114 -0.00102244 
v -0.0425825 0.000531364 -0.000957854 
v -0.0426916 0.000359225 -0.000896736 
v -0.0427943 0.000182 -0.000839194 
v -0.0399344 0.00253554 -0.00411145 
v -0.0401222 0.00252218 -0.00401228 
v -0.0403093 0.00249994 -0.00391345 
v -0.0404954 0.00246886 -0.00381514 
v -0.0406802 0.00242899 -0.00371753 
v -0.0408634 0.0023804 -0.00362078 
v -0.0410446 0.00232318 -0.00352507 
v -0.0412236 0.00225743 -0.00343056 
v -0.0413999 0.00218326 -0.00333742 
v -0.0415733 0.00210081 -0.00324581 
v -0.0417436 0.00201022 -0.0031559 
v -0.0419103 0.00191164 -0.00306783 
v -0.0420733 0.00180525 -0.00298177 
v -0.0422321 0.00169124 -0.00289787 
v -0.0423866 0.00156981 -0.00281627 
v -0.0425365 0.00144116 -0.00273712 
v -0.0426814 0.00130553 -0.00266055 
v -0.0428213 0.00116316 -0.0025867 
v -0.0429557 0.00101429 -0.0025157 
v -0.0430845 0.000859183 -0.00244768 
v -0.0432074 0.000698114 -0.00238274 
v -0.0433243 0.000531364 -0.00232102 
v -0.0434349 0.000359225 -0.00226261 
v -0.043539 0.000182 -0.00220762 
v -0.0407954 0.00253554 -0.00581037 
v -0.0409865 0.00252218 -0.00571766 
v -0.0411768 0.00249994 -0.00562527 
v -0.0413662 0.00246886 -0.00553337 
v -0.0415542 0.00242899 -0.00544212 
v -0.0417406 0.0023804 -0.00535168 
v -0.041925 0.00232318 -0.0052622 
v -0.042107 0.00225743 -0.00517385 
v -0.0422865 0.00218326 -0.00508678 
v -0.0424629 0.00210081 -0.00500115 
v -0.0426361 0.00201022 -0.00491709 
v -0.0428058 0.00191164 -0.00483476 
v -0.0429716 0.00180525 -0.00475431 
v -0.0431332 0.00169124 -0.00467588 
v -0.0432904 0.00156981 -0.0045996 
v -0.0434428 0.00144116 -0.0045256 
v -0.0435903 0.00130553 -0.00445403 
v -0.0437326 0.00116316 -0.00438499 
v -0.0438694 0.00101429 -0.00431862 
v -0.0440004 0.000859183 -0.00425503 
v -0.0441255 0.000698114 -0.00419433 
v -0.0442444 0.000531364 -0.00413662 
v -0.0443569 0.000359225 -0.00408202 
v -0.0444628 0.000182 -0.00403061 
v -0.041562 0.00253554 -0.00746246 
v -0.0417562 0.00252218 -0.00737652 
v -0.0419497 0.00249994 -0.00729089 
v -0.0421422 0.00246886 -0.0072057 
v -0.0423333 0.00242899 -0.00712112 
v -0.0425228 0.0023804 -0.00703729 
v -0.0427102 0.00232318 -0.00695436 
v -0.0428952 0.00225743 -0.00687246 
v -0.0430776 0.00218326 -0.00679176 
v -0.043257 0.00210081 -0.00671238 
v -0.043433 0.00201022 -0.00663447 
v -0.0436055 0.00191164 -0.00655816 
v -0.043774 0.00180525 -0.00648359 
v -0.0439382 0.00169124 -0.00641089 
v -0.044098 0.00156981 -0.00634018 
v -0.044253 0.00144116 -0.0062716 
v -0.0444029 0.00130553 -0.00620525 
v -0.0445475 0.00116316 -0.00614126 
v -0.0446865 0.00101429 -0.00607974 
v -0.0448197 0.000859183 -0.0060208 
v -0.0449469 0.000698114 -0.00596453 
v -0.0450677 0.000531364 -0.00591105 
v -0.0451821 0.000359225 -0.00586044 
v -0.0452898 0.000182 -0.00581278 
v -0.0422367 0.00253554 -0.00906438 
v -0.0424339 0.00252218 -0.00898559 
v -0.0426304 0.00249994 -0.00890709 
v -0.0428259 0.00246886 -0.008829 
v -0.04302 0.00242899 -0.00875146 
v -0.0432124 0.0023804 -0.0086746 
v -0.0434027 0.00232318 -0.00859857 
v -0.0435906 0.00225743 -0.0085235 
v -0.0437758 0.00218326 -0.00844951 
v -0.0439579 0.00210081 -0.00837674 
v -0.0441367 0.00201022 -0.00830532 
v -0.0443118 0.00191164 -0.00823536 
v -0.0444829 0.00180525 -0.008167 
v -0.0446498 0.00169124 -0.00810035 
v -0.044812 0.00156981 -0.00803553 
v -0.0449694 0.00144116 -0.00797265 
v -0.0451217 0.00130553 -0.00791183 
v -0.0452685 0.00116316 -0.00785316 
v -0.0454097 0.00101429 -0.00779677 
v -0.0455449 0.000859183 -0.00774273 
v -0.045674 0.000698114 -0.00769115 
v -0.0457968 0.000531364 -0.00764212 
v -0.0459129 0.000359225 -0.00759572 
v -0.0460223 0.000182 -0.00755203 
v -0.042822 0.00253554 -0.0106134 
v -0.0430221 0.00252218 -0.0105423 
v -0.0432215 0.00249994 -0.0104713 
v -0.0434198 0.00246886 -0.0104008 
v -0.0436167 0.00242899 -0.0103307 
v -0.0438119 0.0023804 -0.0102613 
v -0.0440049 0.00232318 -0.0101926 
v -0.0441956 0.00225743 -0.0101248 
v -0.0443835 0.00218326 -0.0100579 
v -0.0445683 0.00210081 -0.00999219 
v -0.0447497 0.00201022 -0.00992766 
v -0.0449273 0.00191164 -0.00986445 
v -0.0451009 0.00180525 -0.00980269 
v -0.0452702 0.00169124 -0.00974248 
v -0.0454348 0.00156981 -0.00968391 
v -0.0455945 0.00144116 -0.00962711 
v -0.045749 0.00130553 -0.00957215 
v -0.0458979 0.00116316 -0.00951915 
v -0.0460412 0.00101429 -0.0094682 
v -0.0461784 0.000859183 -0.00941938 
v -0.0463094 0.000698114 -0.00937278 
v -0.0464339 0.000531364 -0.00932848 
v -0.0465517 0.000359225 -0.00928656 
v -0.0466627 0.000182 -0.00924709 
v -0.0430753 0.00253554 -0.0113477 
v -0.0432767 0.00252218 -0.0112804 
v -0.0434774 0.00249994 -0.0112134 
v -0.0436771 0.00246886 -0.0111467 
v -0.0438753 0.00242899 -0.0110804 
v -0.0440718 0.0023804 -0.0110148 
v -0.0442662 0.00232318 -0.0109499 
v -0.0444581 0.00225743 -0.0108857 
v -0.0446473 0.00218326 -0.0108225 
v -0.0448333 0.00210081 -0.0107604 
v -0.0450159 0.00201022 -0.0106994 
v -0.0451947 0.00191164 -0.0106396 
v -0.0453695 0.00180525 -0.0105813 
v -0.0455399 0.00169124 -0.0105243 
v -0.0457056 0.00156981 -0.010469 
v -0.0458664 0.00144116 -0.0104153 
v -0.0460219 0.00130553 -0.0103633 
v -0.0461719 0.00116316 -0.0103132 
v -0.046316 0.00101429 -0.010265 
v -0.0464542 0.000859183 -0.0102189 
v -0.0465861 0.000698114 -0.0101748 
v -0.0467114 0.000531364 -0.010133 
v -0.04683 0.000359225 -0.0100933 
v -0.0469417 0.000182 -0.010056 
v -0.0433999 0.00253554 -0.0123666 
v -0.0436031 0.00252218 -0.0123051 
v -0.0438057 0.00249994 -0.0122438 
v -0.0440071 0.00246886 -0.0121828 
v -0.0442072 0.00242899 -0.0121222 
v -0.0444054 0.0023804 -0.0120622 
v -0.0446016 0.00232318 -0.0120028 
v -0.0447953 0.00225743 -0.0119442 
v -0.0449861 0.00218326 -0.0118864 
v -0.0451739 0.00210081 -0.0118296 
v -0.0453581 0.00201022 -0.0117738 
v -0.0455386 0.00191164 -0.0117192 
v -0.045715 0.00180525 -0.0116658 
v -0.0458869 0.00169124 -0.0116137 
v -0.0460541 0.00156981 -0.0115631 
v -0.0462164 0.00144116 -0.011514 
v -0.0463733 0.00130553 -0.0114665 
v -0.0465246 0.00116316 -0.0114207 
v -0.0466701 0.00101429 -0.0113766 
v -0.0468095 0.000859183 -0.0113344 
v -0.0469426 0.000698114 -0.0112942 
v -0.0470691 0.000531364 -0.0112559 
v -0.0471888 0.000359225 -0.0112196 
v -0.0473015 0.000182 -0.0111855 
v -0.0436809 0.00253554 -0.013346 
v -0.0438859 0.00252218 -0.0132905 
v -0.0440902 0.00249994 -0.0132351 
v -0.0442933 0.00246886 -0.0131801 
v -0.0444951 0.00242899 -0.0131254 
v -0.044695 0.0023804 -0.0130713 
v -0.0448928 0.00232318 -0.0130177 
v -0.0450881 0.00225743 -0.0129647 
v -0.0452806 0.00218326 -0.0129126 
v -0.0454699 0.00210081 -0.0128613 
v -0.0456558 0.00201022 -0.0128109 
v -0.0458378 0.00191164 -0.0127616 
v -0.0460156 0.00180525 -0.0127134 
v -0.046189 0.00169124 -0.0126664 
v -0.0463577 0.00156981 -0.0126208 
v -0.0465212 0.00144116 -0.0125764 
v -0.0466795 0.00130553 -0.0125336 
v -0.0468321 0.00116316 -0.0124922 
v -0.0469788 0.00101429 -0.0124524 
v -0.0471194 0.000859183 -0.0124143 
v -0.0472536 0.000698114 -0.012378 
v -0.0473812 0.000531364 -0.0123434 
v -0.0475019 0.000359225 -0.0123107 
v -0.0476155 0.000182 -0.0122799 
v -0.0439208 0.00253554 -0.0142868 
v -0.0441273 0.00252218 -0.0142375 
v -0.0443332 0.00249994 -0.0141884 
v -0.0445379 0.00246886 -0.0141395 
v -0.0447412 0.00242899 -0.014091 
v -0.0449427 0.0023804 -0.014043 
v -0.0451421 0.00232318 -0.0139954 
v -0.0453389 0.00225743 -0.0139484 
v -0.0455329 0.00218326 -0.0139022 
v -0.0457237 0.00210081 -0.0138566 
v -0.0459109 0.00201022 -0.013812 
v -0.0460944 0.00191164 -0.0137682 
v -0.0462736 0.00180525 -0.0137254 
v -0.0464483 0.00169124 -0.0136837 
v -0.0466183 0.00156981 -0.0136432 
v -0.0467831 0.00144116 -0.0136039 
v -0.0469426 0.00130553 -0.0135658 
v -0.0470964 0.00116316 -0.0135291 
v -0.0472443 0.00101429 -0.0134938 
v -0.047386 0.000859183 -0.01346 
v -0.0475212 0.000698114 -0.0134278 
v -0.0476498 0.000531364 -0.0133971 
v -0.0477714 0.000359225 -0.0133681 
v -0.0478859 0.000182 -0.0133407 
v -0.0441215 0.00253554 -0.0151901 
v -0.0443295 0.00252218 -0.0151473 
v -0.0445368 0.00249994 -0.0151047 
v -0.044743 0.00246886 -0.0150624 
v -0.0449477 0.00242899 -0.0150203 
v -0.0451506 0.0023804 -0.0149786 
v -0.0453514 0.00232318 -0.0149374 
v -0.0455496 0.00225743 -0.0148966 
v -0.0457449 0.00218326 -0.0148565 
v -0.0459371 0.00210081 -0.014817 
v -0.0461257 0.00201022 -0.0147783 
v -0.0463104 0.00191164 -0.0147403 
v -0.0464909 0.00180525 -0.0147033 
v -0.0466668 0.00169124 -0.0146671 
v -0.046838 0.00156981 -0.0146319 
v -0.047004 0.00144116 -0.0145978 
v -0.0471646 0.00130553 -0.0145648 
v -0.0473195 0.00116316 -0.014533 
v -0.0474684 0.00101429 -0.0145024 
v -0.0476111 0.000859183 -0.0144731 
v -0.0477472 0.000698114 -0.0144451 
v -0.0478767 0.000531364 -0.0144185 
v -0.0479992 0.000359225 -0.0143934 
v -0.0481145 0.000182 -0.0143697 
v -0.044285 0.00253554 -0.0160572 
v -0.0444943 0.00252218 -0.0160213 
v -0.0447029 0.00249994 -0.0159856 
v -0.0449104 0.00246886 -0.01595 
v -0.0451164 0.00242899 -0.0159147 
v -0.0453206 0.0023804 -0.0158797 
v -0.0455226 0.00232318 -0.0158451 
v -0.045722 0.00225743 -0.0158109 
v -0.0459186 0.00218326 -0.0157773 
v -0.0461119 0.00210081 -0.0157441 
v -0.0463017 0.00201022 -0.0157116 
v -0.0464875 0.00191164 -0.0156798 
v -0.0466691 0.00180525 -0.0156487 
v -0.0468462 0.00169124 -0.0156183 
v -0.0470184 0.00156981 -0.0155888 
v -0.0471855 0.00144116 -0.0155602 
v -0.0473471 0.00130553 -0.0155325 
v -0.0475029 0.00116316 -0.0155058 
v -0.0476528 0.00101429 -0.0154801 
v -0.0477963 0.000859183 -0.0154555 
v -0.0479334 0.000698114 -0.015432 
v -0.0480636 0.000531364 -0.0154097 
v -0.0481869 0.000359225 -0.0153886 
v -0.0483029 0.000182 -0.0153687 
v -0.0444132 0.00253554 -0.0168899 
v -0.0446236 0.00252218 -0.0168613 
v -0.0448333 0.00249994 -0.0168328 
v -0.0450419 0.00246886 -0.0168044 
v -0.045249 0.00242899 -0.0167762 
v -0.0454542 0.0023804 -0.0167483 
v -0.0456573 0.00232318 -0.0167207 
v -0.0458578 0.00225743 -0.0166934 
v -0.0460554 0.00218326 -0.0166665 
v -0.0462498 0.00210081 -0.0166401 
v -0.0464406 0.00201022 -0.0166142 
v -0.0466274 0.00191164 -0.0165887 
v -0.04681 0.00180525 -0.0165639 
v -0.046988 0.00169124 -0.0165397 
v -0.0471611 0.00156981 -0.0165162 
v -0.0473291 0.00144116 -0.0164933 
v -0.0474915 0.00130553 -0.0164712 
v -0.0476482 0.00116316 -0.0164499 
v -0.0477988 0.00101429 -0.0164294 
v -0.0479432 0.000859183 -0.0164098 
v -0.0480809 0.000698114 -0.0163911 
v -0.0482119 0.000531364 -0.0163732 
v -0.0483358 0.000359225 -0.0163564 
v -0.0484525 0.000182 -0.0163405 
v -0.0445076 0.00253554 -0.017691 
v -0.0447189 0.00252218 -0.01767 
v -0.0449295 0.00249994 -0.0176491 
v -0.045139 0.00246886 -0.0176284 
v -0.0453469 0.00242899 -0.0176078 
v -0.0455531 0.0023804 -0.0175873 
v -0.045757 0.00232318 -0.0175671 
v -0.0459584 0.00225743 -0.0175472 
v -0.0461569 0.00218326 -0.0175275 
v -0.046352 0.00210081 -0.0175082 
v -0.0465436 0.00201022 -0.0174892 
v -0.0467313 0.00191164 -0.0174706 
v -0.0469146 0.00180525 -0.0174524 
v -0.0470934 0.00169124 -0.0174347 
v -0.0472673 0.00156981 -0.0174175 
v -0.0474359 0.00144116 -0.0174008 
v -0.0475991 0.00130553 -0.0173846 
v -0.0477564 0.00116316 -0.017369 
v -0.0479077 0.00101429 -0.017354 
v -0.0480527 0.000859183 -0.0173396 
v -0.048191 0.000698114 -0.0173259 
v -0.0483225 0.000531364 -0.0173129 
v -0.048447 0.000359225 -0.0173006 
v -0.0485642 0.000182 -0.0172889 
v -0.0445696 0.00253554 -0.0184657 
v -0.0447816 0.00252218 -0.0184529 
v -0.0449928 0.00249994 -0.01844 
v -0.0452029 0.00246886 -0.0184273 
v -0.0454115 0.00242899 -0.0184146 
v -0.0456183 0.0023804 -0.0184021 
v -0.0458229 0.00232318 -0.0183896 
v -0.0460249 0.00225743 -0.0183774 
v -0.0462239 0.00218326 -0.0183653 
v -0.0464197 0.00210081 -0.0183534 
v -0.0466119 0.00201022 -0.0183417 
v -0.0468001 0.00191164 -0.0183303 
v -0.046984 0.00180525 -0.0183191 
v -0.0471634 0.00169124 -0.0183083 
v -0.0473378 0.00156981 -0.0182977 
v -0.0475069 0.00144116 -0.0182874 
v -0.0476706 0.00130553 -0.0182775 
v -0.0478284 0.00116316 -0.0182679 
v -0.0479801 0.00101429 -0.0182587 
v -0.0481255 0.000859183 -0.0182498 
v -0.0482643 0.000698114 -0.0182414 
v -0.0483962 0.000531364 -0.0182334 
v -0.0485211 0.000359225 -0.0182258 
v -0.0486386 0.000182 -0.0182187 
v -0.0445993 0.00253554 -0.0191607 
v -0.0448116 0.00252218 -0.0191555 
v -0.0450232 0.00249994 -0.0191503 
v -0.0452336 0.00246886 -0.0191451 
v -0.0454426 0.00242899 -0.01914 
v -0.0456496 0.0023804 -0.0191349 
v -0.0458545 0.00232318 -0.0191299 
v -0.0460568 0.00225743 -0.0191249 
v -0.0462562 0.00218326 -0.01912 
v -0.0464523 0.00210081 -0.0191152 
v -0.0466448 0.00201022 -0.0191105 
v -0.0468333 0.00191164 -0.0191059 
v -0.0470175 0.00180525 -0.0191014 
v -0.0471971 0.00169124 -0.019097 
v -0.0473717 0.00156981 -0.0190927 
v -0.0475412 0.00144116 -0.0190885 
v -0.0477051 0.00130553 -0.0190845 
v -0.0478631 0.00116316 -0.0190806 
v -0.0480151 0.00101429 -0.0190769 
v -0.0481607 0.000859183 -0.0190733 
v -0.0482997 0.000698114 -0.0190699 
v -0.0484318 0.000531364 -0.0190667 
v -0.0485569 0.000359225 -0.0190636 
v -0.0486746 0.000182 -0.0190607 
v -0.0446041 0.00253554 -0.0197866 
v -0.0448164 0.00252218 -0.0197886 
v -0.045028 0.00249994 -0.0197907 
v -0.0452385 0.00246886 -0.0197927 
v -0.0454475 0.00242899 -0.0197948 
v -0.0456546 0.0023804 -0.0197968 
v -0.0458596 0.00232318 -0.0197988 
v -0.0460619 0.00225743 -0.0198007 
v -0.0462613 0.00218326 -0.0198027 
v -0.0464575 0.00210081 -0.0198046 
v -0.04665 0.00201022 -0.0198064 
v -0.0468385 0.00191164 -0.0198083 
v -0.0470228 0.00180525 -0.01981 
v -0.0472024 0.00169124 -0.0198118 
v -0.0473772 0.00156981 -0.0198135 
v -0.0475466 0.00144116 -0.0198151 
v -0.0477106 0.00130553 -0.0198167 
v -0.0478687 0.00116316 -0.0198182 
v -0.0480207 0.00101429 -0.0198197 
v -0.0481664 0.000859183 -0.0198211 
v -0.0483054 0.000698114 -0.0198225 
v -0.0484375 0.000531364 -0.0198238 
v -0.0485626 0.000359225 -0.019825 
v -0.0486803 0.000182 -0.0198261 
v -0.0445876 0.00253554 -0.0203949 
v -0.0447998 0.00252218 -0.0204043 
v -0.0450112 0.00249994 -0.0204138 
v -0.0452215 0.00246886 -0.0204232 
v -0.0454303 0.00242899 -0.0204325 
v -0.0456372 0.0023804 -0.0204417 
v -0.0458419 0.00232318 -0.0204508 
v -0.0460441 0.00225743 -0.0204599 
v -0.0462433 0.00218326 -0.0204688 
v -0.0464393 0.00210081 -0.0204775 
v -0.0466316 0.00201022 -0.0204861 
v -0.04682 0.00191164 -0.0204945 
v -0.0470041 0.00180525 -0.0205027 
v -0.0471836 0.00169124 -0.0205107 
v -0.0473581 0.00156981 -0.0205185 
v -0.0475274 0.00144116 -0.0205261 
v -0.0476912 0.00130553 -0.0205334 
v -0.0478492 0.00116316 -0.0205404 
v -0.048001 0.00101429 -0.0205472 
v -0.0481465 0.000859183 -0.0205537 
v -0.0482854 0.000698114 -0.0205599 
v -0.0484175 0.000531364 -0.0205658 
v -0.0485424 0.000359225 -0.0205713 
v -0.04866 0.000182 -0.0205766 
v -0.0445508 0.00253554 -0.0209863 
v -0.0447624 0.00252218 -0.0210033 
v -0.0449734 0.00249994 -0.0210203 
v -0.0451832 0.00246886 -0.0210371 
v -0.0453915 0.00242899 -0.0210539 
v -0.045598 0.0023804 -0.0210705 
v -0.0458023 0.00232318 -0.0210869 
v -0.046004 0.00225743 -0.0211031 
v -0.0462028 0.00218326 -0.0211191 
v -0.0463983 0.00210081 -0.0211348 
v -0.0465902 0.00201022 -0.0211502 
v -0.0467782 0.00191164 -0.0211653 
v -0.0469618 0.00180525 -0.0211801 
v -0.0471409 0.00169124 -0.0211945 
v -0.0473151 0.00156981 -0.0212084 
v -0.047484 0.00144116 -0.021222 
v -0.0476474 0.00130553 -0.0212352 
v -0.047805 0.00116316 -0.0212478 
v -0.0479566 0.00101429 -0.02126 
v -0.0481018 0.000859183 -0.0212717 
v -0.0482404 0.000698114 -0.0212828 
v -0.0483721 0.000531364 -0.0212934 
v -0.0484968 0.000359225 -0.0213034 
v -0.0486141 0.000182 -0.0213128 
v -0.0444941 0.00253554 -0.0215616 
v -0.044705 0.00252218 -0.0215863 
v -0.0449152 0.00249994 -0.0216109 
v -0.0451242 0.00246886 -0.0216354 
v -0.0453318 0.00242899 -0.0216597 
v -0.0455376 0.0023804 -0.0216838 
v -0.0457411 0.00232318 -0.0217076 
v -0.0459421 0.00225743 -0.0217311 
v -0.0461402 0.00218326 -0.0217543 
v -0.046335 0.00210081 -0.0217771 
v -0.0465262 0.00201022 -0.0217995 
v -0.0467135 0.00191164 -0.0218214 
v -0.0468965 0.00180525 -0.0218428 
v -0.047075 0.00169124 -0.0218637 
v -0.0472485 0.00156981 -0.021884 
v -0.0474168 0.00144116 -0.0219037 
v -0.0475797 0.00130553 -0.0219227 
v -0.0477367 0.00116316 -0.0219411 
v -0.0478877 0.00101429 -0.0219588 
v -0.0480324 0.000859183 -0.0219757 
v -0.0481705 0.000698114 -0.0219919 
v -0.0483017 0.000531364 -0.0220072 
v -0.048426 0.000359225 -0.0220218 
v -0.0485429 0.000182 -0.0220355 
v -0.0444181 0.00253554 -0.0221216 
v -0.0446279 0.00252218 -0.0221541 
v -0.0448371 0.00249994 -0.0221865 
v -0.0450451 0.00246886 -0.0222187 
v -0.0452516 0.00242899 -0.0222506 
v -0.0454563 0.0023804 -0.0222823 
v -0.0456589 0.00232318 -0.0223136 
v -0.0458588 0.00225743 -0.0223446 
v -0.0460559 0.00218326 -0.0223751 
v -0.0462498 0.00210081 -0.0224051 
v -0.04644 0.00201022 -0.0224345 
v -0.0466264 0.00191164 -0.0224634 
v -0.0468085 0.00180525 -0.0224916 
v -0.046986 0.00169124 -0.022519 
v -0.0471587 0.00156981 -0.0225458 
v -0.0473262 0.00144116 -0.0225717 
v -0.0474882 0.00130553 -0.0225967 
v -0.0476444 0.00116316 -0.0226209 
v -0.0477947 0.00101429 -0.0226442 
v -0.0479386 0.000859183 -0.0226665 
v -0.048076 0.000698114 -0.0226877 
v -0.0482066 0.000531364 -0.0227079 
v -0.0483302 0.000359225 -0.0227271 
v -0.0484466 0.000182 -0.0227451 
v -0.0443232 0.00253554 -0.0226669 
v -0.0445317 0.00252218 -0.0227073 
v -0.0447394 0.00249994 -0.0227476 
v -0.0449461 0.00246886 -0.0227876 
v -0.0451513 0.00242899 -0.0228273 
v -0.0453546 0.0023804 -0.0228667 
v -0.0455558 0.00232318 -0.0229057 
v -0.0457545 0.00225743 -0.0229442 
v -0.0459503 0.00218326 -0.0229821 
v -0.0461428 0.00210081 -0.0230194 
v -0.0463319 0.00201022 -0.023056 
v -0.046517 0.00191164 -0.0230919 
v -0.0466979 0.00180525 -0.0231269 
v -0.0468743 0.00169124 -0.0231611 
v -0.0470458 0.00156981 -0.0231943 
v -0.0472122 0.00144116 -0.0232265 
v -0.0473731 0.00130553 -0.0232577 
v -0.0475284 0.00116316 -0.0232878 
v -0.0476776 0.00101429 -0.0233167 
v -0.0478206 0.000859183 -0.0233444 
v -0.0479571 0.000698114 -0.0233708 
v -0.0480869 0.000531364 -0.023396 
v -0.0482096 0.000359225 -0.0234198 
v -0.0483252 0.000182 -0.0234422 
v -0.0442097 0.00253554 -0.0231983 
v -0.0444164 0.00252218 -0.0232467 
v -0.0446225 0.00249994 -0.0232949 
v -0.0448274 0.00246886 -0.0233428 
v -0.0450309 0.00242899 -0.0233905 
v -0.0452326 0.0023804 -0.0234377 
v -0.0454322 0.00232318 -0.0234844 
v -0.0456292 0.00225743 -0.0235305 
v -0.0458234 0.00218326 -0.0235759 
v -0.0460144 0.00210081 -0.0236206 
v -0.0462018 0.00201022 -0.0236645 
v -0.0463854 0.00191164 -0.0237075 
v -0.0465649 0.00180525 -0.0237495 
v -0.0467398 0.00169124 -0.0237904 
v -0.0469099 0.00156981 -0.0238302 
v -0.0470749 0.00144116 -0.0238688 
v -0.0472346 0.00130553 -0.0239062 
v -0.0473885 0.00116316 -0.0239422 
v -0.0475365 0.00101429 -0.0239769 
v -0.0476784 0.000859183 -0.0240101 
v -0.0478137 0.000698114 -0.0240417 
v -0.0479424 0.000531364 -0.0240719 
v -0.0480642 0.000359225 -0.0241004 
v -0.0481789 0.000182 -0.0241272 
v -0.0440902 0.00253554 -0.0236707 
v -0.0442951 0.00252218 -0.0237265 
v -0.0444993 0.00249994 -0.023782 
v -0.0447024 0.00246886 -0.0238373 
v -0.044904 0.00242899 -0.0238922 
v -0.0451039 0.0023804 -0.0239466 
v -0.0453017 0.00232318 -0.0240004 
v -0.0454969 0.00225743 -0.0240535 
v -0.0456894 0.00218326 -0.0241059 
v -0.0458786 0.00210081 -0.0241574 
v -0.0460644 0.00201022 -0.024208 
v -0.0462463 0.00191164 -0.0242575 
v -0.0464241 0.00180525 -0.0243059 
v -0.0465975 0.00169124 -0.0243531 
v -0.0467661 0.00156981 -0.0243989 
v -0.0469296 0.00144116 -0.0244434 
v -0.0470878 0.00130553 -0.0244865 
v -0.0472404 0.00116316 -0.024528 
v -0.0473871 0.00101429 -0.0245679 
v -0.0475276 0.000859183 -0.0246062 
v -0.0476618 0.000698114 -0.0246427 
v -0.0477893 0.000531364 -0.0246774 
v -0.04791 0.000359225 -0.0247102 
v -0.0480236 0.000182 -0.0247411 
v -0.0439536 0.00253554 -0.0241384 
v -0.0441563 0.00252218 -0.0242017 
v -0.0443583 0.00249994 -0.0242648 
v -0.0445592 0.00246886 -0.0243275 
v -0.0447588 0.00242899 -0.0243898 
v -0.0449565 0.0023804 -0.0244515 
v -0.0451521 0.00232318 -0.0245126 
v -0.0453453 0.00225743 -0.0245729 
v -0.0455356 0.00218326 -0.0246323 
v -0.0457229 0.00210081 -0.0246908 
v -0.0459067 0.00201022 -0.0247482 
v -0.0460867 0.00191164 -0.0248044 
v -0.0462625 0.00180525 -0.0248593 
v -0.046434 0.00169124 -0.0249128 
v -0.0466008 0.00156981 -0.0249649 
v -0.0467626 0.00144116 -0.0250154 
v -0.0469191 0.00130553 -0.0250643 
v -0.04707 0.00116316 -0.0251114 
v -0.0472151 0.00101429 -0.0251567 
v -0.0473542 0.000859183 -0.0252001 
v -0.0474869 0.000698114 -0.0252416 
v -0.0476131 0.000531364 -0.0252809 
v -0.0477324 0.000359225 -0.0253182 
v -0.0478448 0.000182 -0.0253533 
v -0.0438027 0.00253554 -0.0245919 
v -0.044003 0.00252218 -0.0246627 
v -0.0442025 0.00249994 -0.0247332 
v -0.0444009 0.00246886 -0.0248034 
v -0.044598 0.00242899 -0.0248731 
v -0.0447933 0.0023804 -0.0249422 
v -0.0449865 0.00232318 -0.0250105 
v -0.0451773 0.00225743 -0.025078 
v -0.0453653 0.00218326 -0.0251444 
v -0.0455502 0.00210081 -0.0252098 
v -0.0457317 0.00201022 -0.025274 
v -0.0459095 0.00191164 -0.0253369 
v -0.0460832 0.00180525 -0.0253983 
v -0.0462526 0.00169124 -0.0254582 
v -0.0464173 0.00156981 -0.0255165 
v -0.0465771 0.00144116 -0.025573 
v -0.0467317 0.00130553 -0.0256276 
v -0.0468807 0.00116316 -0.0256803 
v -0.0470241 0.00101429 -0.025731 
v -0.0471614 0.000859183 -0.0257796 
v -0.0472925 0.000698114 -0.0258259 
v -0.0474171 0.000531364 -0.02587 
v -0.047535 0.000359225 -0.0259117 
v -0.047646 0.000182 -0.0259509 
v -0.0436378 0.00253554 -0.0250319 
v -0.0438352 0.00252218 -0.0251102 
v -0.0440319 0.00249994 -0.0251882 
v -0.0442276 0.00246886 -0.0252658 
v -0.0444219 0.00242899 -0.0253428 
v -0.0446145 0.0023804 -0.0254192 
v -0.044805 0.00232318 -0.0254947 
v -0.0449931 0.00225743 -0.0255693 
v -0.0451785 0.00218326 -0.0256428 
v -0.0453608 0.00210081 -0.0257151 
v -0.0455398 0.00201022 -0.025786 
v -0.0457151 0.00191164 -0.0258555 
v -0.0458864 0.00180525 -0.0259235 
v -0.0460534 0.00169124 -0.0259897 
v -0.0462158 0.00156981 -0.0260541 
v -0.0463733 0.00144116 -0.0261165 
v -0.0465257 0.00130553 -0.026177 
v -0.0466727 0.00116316 -0.0262353 
v -0.0468141 0.00101429 -0.0262913 
v -0.0469495 0.000859183 -0.026345 
v -0.0470787 0.000698114 -0.0263962 
v -0.0472016 0.000531364 -0.0264449 
v -0.0473178 0.000359225 -0.026491 
v -0.0474273 0.000182 -0.0265344 
v -0.043459 0.00253554 -0.0254591 
v -0.0436533 0.00252218 -0.0255448 
v -0.0438469 0.00249994 -0.0256302 
v -0.0440395 0.00246886 -0.0257151 
v -0.0442308 0.00242899 -0.0257995 
v -0.0444203 0.0023804 -0.0258831 
v -0.0446078 0.00232318 -0.0259658 
v -0.044793 0.00225743 -0.0260474 
v -0.0449754 0.00218326 -0.0261279 
v -0.0451549 0.00210081 -0.0262071 
v -0.0453311 0.00201022 -0.0262848 
v -0.0455036 0.00191164 -0.0263609 
v -0.0456722 0.00180525 -0.0264352 
v -0.0458366 0.00169124 -0.0265077 
v -0.0459964 0.00156981 -0.0265782 
v -0.0461515 0.00144116 -0.0266466 
v -0.0463015 0.00130553 -0.0267128 
v -0.0464462 0.00116316 -0.0267766 
v -0.0465853 0.00101429 -0.0268379 
v -0.0467185 0.000859183 -0.0268967 
v -0.0468457 0.000698114 -0.0269528 
v -0.0469667 0.000531364 -0.0270062 
v -0.0470811 0.000359225 -0.0270566 
v -0.0471888 0.000182 -0.0271042 
v -0.0432665 0.00253554 -0.0258741 
v -0.0434574 0.00252218 -0.0259672 
v -0.0436476 0.00249994 -0.0260599 
v -0.0438368 0.00246886 -0.0261521 
v -0.0440246 0.00242899 -0.0262437 
v -0.0442108 0.0023804 -0.0263345 
v -0.0443951 0.00232318 -0.0264243 
v -0.044577 0.00225743 -0.026513 
v -0.0447562 0.00218326 -0.0266003 
v -0.0449325 0.00210081 -0.0266863 
v -0.0451056 0.00201022 -0.0267707 
v -0.0452751 0.00191164 -0.0268533 
v -0.0454407 0.00180525 -0.026934 
v -0.0456022 0.00169124 -0.0270128 
v -0.0457593 0.00156981 -0.0270893 
v -0.0459116 0.00144116 -0.0271636 
v -0.046059 0.00130553 -0.0272354 
v -0.0462011 0.00116316 -0.0273047 
v -0.0463378 0.00101429 -0.0273713 
v -0.0464687 0.000859183 -0.0274352 
v -0.0465937 0.000698114 -0.0274961 
v -0.0467125 0.000531364 -0.027554 
v -0.0468249 0.000359225 -0.0276088 
v -0.0469307 0.000182 -0.0276604 
v -0.0430601 0.00253554 -0.0262775 
v -0.0432473 0.00252218 -0.0263778 
v -0.0434338 0.00249994 -0.0264778 
v -0.0436193 0.00246886 -0.0265772 
v -0.0438035 0.00242899 -0.026676 
v -0.0439861 0.0023804 -0.0267739 
v -0.0441667 0.00232318 -0.0268707 
v -0.0443451 0.00225743 -0.0269663 
v -0.0445209 0.00218326 -0.0270605 
v -0.0446938 0.00210081 -0.0271532 
v -0.0448634 0.00201022 -0.0272441 
v -0.0450296 0.00191164 -0.0273332 
v -0.045192 0.00180525 -0.0274203 
v -0.0453504 0.00169124 -0.0275051 
v -0.0455044 0.00156981 -0.0275877 
v -0.0456537 0.00144116 -0.0276678 
v -0.0457982 0.00130553 -0.0277452 
v -0.0459376 0.00116316 -0.0278199 
v -0.0460716 0.00101429 -0.0278917 
v -0.0462 0.000859183 -0.0279605 
v -0.0463225 0.000698114 -0.0280262 
v -0.046439 0.000531364 -0.0280887 
v -0.0465492 0.000359225 -0.0281478 
v -0.046653 0.000182 -0.0282034 
v -0.04284 0.00253554 -0.0266698 
v -0.0430231 0.00252218 -0.0267773 
v -0.0432056 0.00249994 -0.0268844 
v -0.0433872 0.00246886 -0.026991 
v -0.0435674 0.00242899 -0.0270968 
v -0.0437461 0.0023804 -0.0272016 
v -0.0439228 0.00232318 -0.0273054 
v -0.0440973 0.00225743 -0.0274078 
v -0.0442693 0.00218326 -0.0275088 
v -0.0444385 0.00210081 -0.027608 
v -0.0446045 0.00201022 -0.0277055 
v -0.0447671 0.00191164 -0.0278009 
v -0.0449261 0.00180525 -0.0278942 
v -0.045081 0.00169124 -0.0279852 
v -0.0452317 0.00156981 -0.0280736 
v -0.0453778 0.00144116 -0.0281594 
v -0.0455192 0.00130553 -0.0282424 
v -0.0456556 0.00116316 -0.0283224 
v -0.0457867 0.00101429 -0.0283994 
v -0.0459123 0.000859183 -0.0284731 
v -0.0460322 0.000698114 -0.0285435 
v -0.0461462 0.000531364 -0.0286104 
v -0.0462541 0.000359225 -0.0286737 
v -0.0463556 0.000182 -0.0287333 
v -0.0426059 0.00253554 -0.0270516 
v -0.0427847 0.00252218 -0.0271661 
v -0.0429629 0.00249994 -0.0272802 
v -0.0431401 0.00246886 -0.0273938 
v -0.0433161 0.00242899 -0.0275065 
v -0.0434905 0.0023804 -0.0276182 
v -0.0436631 0.00232318 -0.0277287 
v -0.0438335 0.00225743 -0.0278379 
v -0.0440015 0.00218326 -0.0279455 
v -0.0441666 0.00210081 -0.0280513 
v -0.0443288 0.00201022 -0.0281551 
v -0.0444875 0.00191164 -0.0282568 
v -0.0446427 0.00180525 -0.0283562 
v -0.044794 0.00169124 -0.0284531 
v -0.0449411 0.00156981 -0.0285473 
v -0.0450838 0.00144116 -0.0286387 
v -0.0452219 0.00130553 -0.0287272 
v -0.045355 0.00116316 -0.0288124 
v -0.045483 0.00101429 -0.0288944 
v -0.0456057 0.000859183 -0.028973 
v -0.0457228 0.000698114 -0.029048 
v -0.0458341 0.000531364 -0.0291193 
v -0.0459394 0.000359225 -0.0291867 
v -0.0460385 0.000182 -0.0292502 
v -0.0423575 0.00253554 -0.0274231 
v -0.0425317 0.00252218 -0.0275446 
v -0.0427053 0.00249994 -0.0276656 
v -0.042878 0.00246886 -0.0277859 
v -0.0430494 0.00242899 -0.0279055 
v -0.0432194 0.0023804 -0.0280239 
v -0.0433875 0.00232318 -0.0281411 
v -0.0435535 0.00225743 -0.0282569 
v -0.0437171 0.00218326 -0.0283709 
v -0.043878 0.00210081 -0.0284831 
v -0.0440359 0.00201022 -0.0285932 
v -0.0441906 0.00191164 -0.028701 
v -0.0443418 0.00180525 -0.0288064 
v -0.0444892 0.00169124 -0.0289091 
v -0.0446325 0.00156981 -0.029009 
v -0.0447715 0.00144116 -0.029106 
v -0.044906 0.00130553 -0.0291997 
v -0.0450357 0.00116316 -0.0292901 
v -0.0451604 0.00101429 -0.0293771 
v -0.0452799 0.000859183 -0.0294604 
v -0.045394 0.000698114 -0.0295399 
v -0.0455024 0.000531364 -0.0296155 
v -0.045605 0.000359225 -0.029687 
v -0.0457016 0.000182 -0.0297543 
v -0.0420807 0.00253554 -0.0278032 
v -0.0422498 0.00252218 -0.0279317 
v -0.0424182 0.00249994 -0.0280598 
v -0.0425858 0.00246886 -0.0281872 
v -0.0427522 0.00242899 -0.0283137 
v -0.0429171 0.0023804 -0.0284391 
v -0.0430802 0.00232318 -0.0285631 
v -0.0432413 0.00225743 -0.0286856 
v -0.0434 0.00218326 -0.0288063 
v -0.0435562 0.00210081 -0.028925 
v -0.0437094 0.00201022 -0.0290415 
v -0.0438596 0.00191164 -0.0291556 
v -0.0440062 0.00180525 -0.0292671 
v -0.0441493 0.00169124 -0.0293759 
v -0.0442883 0.00156981 -0.0294816 
v -0.0444233 0.00144116 -0.0295842 
v -0.0445538 0.00130553 -0.0296834 
v -0.0446796 0.00116316 -0.0297791 
v -0.0448007 0.00101429 -0.0298711 
v -0.0449166 0.000859183 -0.0299593 
v -0.0450273 0.000698114 -0.0300434 
v -0.0451325 0.000531364 -0.0301234 
v -0.045232 0.000359225 -0.0301991 
v -0.0453258 0.000182 -0.0302704 
v -0.0417826 0.00253554 -0.0281786 
v -0.0419461 0.00252218 -0.0283142 
v -0.042109 0.00249994 -0.0284492 
v -0.042271 0.00246886 -0.0285835 
v -0.042432 0.00242899 -0.0287169 
v -0.0425914 0.0023804 -0.0288491 
v -0.0427492 0.00232318 -0.0289799 
v -0.042905 0.00225743 -0.0291091 
v -0.0430585 0.00218326 -0.0292363 
v -0.0432096 0.00210081 -0.0293615 
v -0.0433578 0.00201022 -0.0294844 
v -0.043503 0.00191164 -0.0296047 
v -0.0436448 0.00180525 -0.0297223 
v -0.0437831 0.00169124 -0.029837 
v -0.0439176 0.00156981 -0.0299485 
v -0.0440481 0.00144116 -0.0300566 
v -0.0441743 0.00130553 -0.0301613 
v -0.0442961 0.00116316 -0.0302622 
v -0.0444131 0.00101429 -0.0303592 
v -0.0445253 0.000859183 -0.0304521 
v -0.0446323 0.000698114 -0.0305409 
v -0.0447341 0.000531364 -0.0306252 
v -0.0448303 0.000359225 -0.030705 
v -0.04147 0.00253554 -0.02854 
v -0.0416277 0.00252218 -0.0286823 
v -0.0417849 0.00249994 -0.028824 
v -0.0419412 0.00246886 -0.028965 
v -0.0420964 0.00242899 -0.029105 
v -0.0422502 0.0023804 -0.0292437 
v -0.0424024 0.00232318 -0.029381 
v -0.0425527 0.00225743 -0.0295165 
v -0.0427007 0.00218326 -0.0296501 
v -0.0428464 0.00210081 -0.0297814 
v -0.0429894 0.00201022 -0.0299104 
v -0.0431294 0.00191164 -0.0300367 
v -0.0432662 0.00180525 -0.0301601 
v -0.0433996 0.00169124 -0.0302804 
v -0.0435294 0.00156981 -0.0303974 
v -0.0436552 0.00144116 -0.030511 
v -0.043777 0.00130553 -0.0306208 
v -0.0438944 0.00116316 -0.0307267 
v -0.0440073 0.00101429 -0.0308285 
v -0.0441154 0.000859183 -0.030926 
v -0.0442187 0.000698114 -0.0310192 
v -0.0443168 0.000531364 -0.0311077 
v -0.044921 0.000182 -0.0307802 
v -0.0444097 0.000359225 -0.0311914 
v -0.0411429 0.00253554 -0.0288879 
v -0.0412946 0.00252218 -0.0290366 
v -0.0414457 0.00249994 -0.0291847 
v -0.041596 0.00246886 -0.029332 
v -0.0417453 0.00242899 -0.0294783 
v -0.0418933 0.0023804 -0.0296233 
v -0.0420396 0.00232318 -0.0297667 
v -0.0421842 0.00225743 -0.0299084 
v -0.0423266 0.00218326 -0.030048 
v -0.0424667 0.00210081 -0.0301853 
v -0.0426042 0.00201022 -0.03032 
v -0.0427389 0.00191164 -0.030452 
v -0.0428705 0.00180525 -0.030581 
v -0.0429988 0.00169124 -0.0307067 
v -0.0431236 0.00156981 -0.030829 
v -0.0432446 0.00144116 -0.0309476 
v -0.0433617 0.00130553 -0.0310624 
v -0.0434746 0.00116316 -0.0311731 
v -0.0435832 0.00101429 -0.0312795 
v -0.0436872 0.000859183 -0.0313814 
v -0.0437865 0.000698114 -0.0314787 
v -0.0438809 0.000531364 -0.0315713 
v -0.0444971 0.000182 -0.0312703 
v -0.0439702 0.000359225 -0.0316588 
v -0.0408009 0.00253554 -0.0292228 
v -0.0409464 0.00252218 -0.0293776 
v -0.0410913 0.00249994 -0.0295318 
v -0.0412354 0.00246886 -0.0296851 
v -0.0413786 0.00242899 -0.0298374 
v -0.0415205 0.0023804 -0.0299884 
v -0.0416608 0.00232318 -0.0301377 
v -0.0417994 0.00225743 -0.0302852 
v -0.041936 0.00218326 -0.0304305 
v -0.0420703 0.00210081 -0.0305734 
v -0.0422022 0.00201022 -0.0307137 
v -0.0423313 0.00191164 -0.0308511 
v -0.0424575 0.00180525 -0.0309854 
v -0.0425806 0.00169124 -0.0311163 
v -0.0427002 0.00156981 -0.0312436 
v -0.0428163 0.00144116 -0.0313671 
v -0.0429286 0.00130553 -0.0314865 
v -0.0430369 0.00116316 -0.0316017 
v -0.043141 0.00101429 -0.0317125 
v -0.0432408 0.000859183 -0.0318186 
v -0.043336 0.000698114 -0.03192 
v -0.0434265 0.000531364 -0.0320163 
v -0.0440543 0.000182 -0.0317412 
v -0.0435121 0.000359225 -0.0321074 
v -0.0404437 0.00253554 -0.0295451 
v -0.0405827 0.00252218 -0.0297056 
v -0.0407213 0.00249994 -0.0298656 
v -0.0408591 0.00246886 -0.0300247 
v -0.0409959 0.00242899 -0.0301827 
v -0.0411315 0.0023804 -0.0303393 
v -0.0412657 0.00232318 -0.0304942 
v -0.0413982 0.00225743 -0.0306471 
v -0.0415288 0.00218326 -0.0307979 
v -0.0416572 0.00210081 -0.0309462 
v -0.0417832 0.00201022 -0.0310917 
v -0.0419067 0.00191164 -0.0312342 
v -0.0420273 0.00180525 -0.0313735 
v -0.0421449 0.00169124 -0.0315093 
v -0.0422593 0.00156981 -0.0316414 
v -0.0423703 0.00144116 -0.0317695 
v -0.0424776 0.00130553 -0.0318934 
v -0.0425811 0.00116316 -0.032013 
v -0.0426807 0.00101429 -0.0321279 
v -0.042776 0.000859183 -0.032238 
v -0.042867 0.000698114 -0.0323431 
v -0.0429536 0.000531364 -0.032443 
v -0.0435928 0.000182 -0.0321932 
v -0.0430354 0.000359225 -0.0325375 
v -0.0400709 0.00253554 -0.0298551 
v -0.0402034 0.00252218 -0.030021 
v -0.0403353 0.00249994 -0.0301864 
v -0.0404666 0.00246886 -0.030351 
v -0.040597 0.00242899 -0.0305143 
v -0.0407262 0.0023804 -0.0306763 
v -0.040854 0.00232318 -0.0308364 
v -0.0409803 0.00225743 -0.0309946 
v -0.0411046 0.00218326 -0.0311505 
v -0.041227 0.00210081 -0.0313038 
v -0.0413471 0.00201022 -0.0314543 
v -0.0414647 0.00191164 -0.0316017 
v -0.0415796 0.00180525 -0.0317457 
v -0.0416917 0.00169124 -0.0318861 
v -0.0418006 0.00156981 -0.0320227 
v -0.0419064 0.00144116 -0.0321552 
v -0.0420086 0.00130553 -0.0322833 
v -0.0421072 0.00116316 -0.0324069 
v -0.0422021 0.00101429 -0.0325258 
v -0.0422929 0.000859183 -0.0326396 
v -0.0423796 0.000698114 -0.0327483 
v -0.0424621 0.000531364 -0.0328516 
v -0.0431125 0.000182 -0.0326265 
v -0.0425401 0.000359225 -0.0329493 
v -0.039682 0.00253554 -0.0301528 
v -0.0398077 0.00252218 -0.030324 
v -0.039933 0.00249994 -0.0304945 
v -0.0400577 0.00246886 -0.0306641 
v -0.0401814 0.00242899 -0.0308326 
v -0.0403041 0.0023804 -0.0309995 
v -0.0404254 0.00232318 -0.0311647 
v -0.0405452 0.00225743 -0.0313277 
v -0.0406633 0.00218326 -0.0314885 
v -0.0407795 0.00210081 -0.0316465 
v -0.0408934 0.00201022 -0.0318017 
v -0.0410051 0.00191164 -0.0319536 
v -0.0411142 0.00180525 -0.0321021 
v -0.0412206 0.00169124 -0.0322469 
v -0.041324 0.00156981 -0.0323877 
v -0.0414244 0.00144116 -0.0325243 
v -0.0415214 0.00130553 -0.0326564 
v -0.0416151 0.00116316 -0.0327838 
v -0.0417051 0.00101429 -0.0329063 
v -0.0417913 0.000859183 -0.0330237 
v -0.0418736 0.000698114 -0.0331358 
v -0.0419519 0.000531364 -0.0332423 
v -0.0426135 0.000182 -0.0330414 
v -0.0420259 0.000359225 -0.0333431 
v -0.0392765 0.00253554 -0.0304386 
v -0.0393954 0.00252218 -0.0306146 
v -0.0395139 0.00249994 -0.0307899 
v -0.0396317 0.00246886 -0.0309643 
v -0.0397487 0.00242899 -0.0311375 
v -0.0398647 0.0023804 -0.0313091 
v -0.0399794 0.00232318 -0.0314789 
v -0.0400927 0.00225743 -0.0316466 
v -0.0402044 0.00218326 -0.0318119 
v -0.0403142 0.00210081 -0.0319744 
v -0.040422 0.00201022 -0.0321339 
v -0.0405276 0.00191164 -0.0322901 
v -0.0406307 0.00180525 -0.0324428 
v -0.0407313 0.00169124 -0.0325917 
v -0.0408291 0.00156981 -0.0327365 
v -0.040924 0.00144116 -0.0328769 
v -0.0410158 0.00130553 -0.0330127 
v -0.0411043 0.00116316 -0.0331437 
v -0.0411894 0.00101429 -0.0332697 
v -0.041271 0.000859183 -0.0333904 
v -0.0413488 0.000698114 -0.0335056 
v -0.0414228 0.000531364 -0.0336151 
v -0.0420957 0.000182 -0.0334379 
v -0.0414928 0.000359225 -0.0337187 
v -0.0391075 0.00253554 -0.0305509 
v -0.0392235 0.00252218 -0.0307287 
v -0.0393392 0.00249994 -0.0309059 
v -0.0394543 0.00246886 -0.0310821 
v -0.0395685 0.00242899 -0.0312572 
v -0.0396818 0.0023804 -0.0314306 
v -0.0397938 0.00232318 -0.0316022 
v -0.0399044 0.00225743 -0.0317717 
v -0.0400135 0.00218326 -0.0319387 
v -0.0401207 0.00210081 -0.0321029 
v -0.0402259 0.00201022 -0.0322641 
v -0.040329 0.00191164 -0.032422 
v -0.0404297 0.00180525 -0.0325763 
v -0.0405279 0.00169124 -0.0327268 
v -0.0406235 0.00156981 -0.0328731 
v -0.0407161 0.00144116 -0.033015 
v -0.0408057 0.00130553 -0.0331523 
v -0.0408922 0.00116316 -0.0332847 
v -0.0409753 0.00101429 -0.033412 
v -0.0410549 0.000859183 -0.0335339 
v -0.0411309 0.000698114 -0.0336503 
v -0.0412031 0.000531364 -0.033761 
v -0.0415587 0.000182 -0.0338163 
v -0.0412715 0.000359225 -0.0338657 
v -0.0386714 0.00253554 -0.0308234 
v -0.0387804 0.00252218 -0.0310057 
v -0.038889 0.00249994 -0.0311873 
v -0.038997 0.00246886 -0.0313679 
v -0.0391043 0.00242899 -0.0315473 
v -0.0392106 0.0023804 -0.0317251 
v -0.0393158 0.00232318 -0.031901 
v -0.0394197 0.00225743 -0.0320747 
v -0.039522 0.00218326 -0.0322458 
v -0.0396227 0.00210081 -0.0324142 
v -0.0397215 0.00201022 -0.0325794 
v -0.0398183 0.00191164 -0.0327412 
v -0.0399129 0.00180525 -0.0328994 
v -0.0400051 0.00169124 -0.0330535 
v -0.0400947 0.00156981 -0.0332035 
v -0.0401817 0.00144116 -0.033349 
v -0.0402659 0.00130553 -0.0334897 
v -0.040347 0.00116316 -0.0336254 
v -0.0404251 0.00101429 -0.0337558 
v -0.0404998 0.000859183 -0.0338808 
v -0.0405712 0.000698114 -0.0340002 
v -0.040639 0.000531364 -0.0341136 
v -0.0413359 0.000182 -0.0339643 
v -0.0407032 0.000359225 -0.0342209 
v -0.0382117 0.00253554 -0.0310861 
v -0.0383135 0.00252218 -0.0312725 
v -0.0384148 0.00249994 -0.0314582 
v -0.0385157 0.00246886 -0.031643 
v -0.0386158 0.00242899 -0.0318265 
v -0.038715 0.0023804 -0.0320083 
v -0.0388132 0.00232318 -0.0321882 
v -0.0389102 0.00225743 -0.0323658 
v -0.0390057 0.00218326 -0.0325409 
v -0.0390997 0.00210081 -0.032713 
v -0.0391919 0.00201022 -0.032882 
v -0.0392822 0.00191164 -0.0330476 
v -0.0393705 0.00180525 -0.0332093 
v -0.0394566 0.00169124 -0.033367 
v -0.0395403 0.00156981 -0.0335204 
v -0.0396215 0.00144116 -0.0336691 
v -0.0397 0.00130553 -0.033813 
v -0.0397758 0.00116316 -0.0339518 
v -0.0398486 0.00101429 -0.0340853 
v -0.0399184 0.000859183 -0.0342131 
v -0.039985 0.000698114 -0.0343352 
v -0.0400483 0.000531364 -0.0344512 
v -0.0407636 0.000182 -0.034322 
v -0.0401082 0.000359225 -0.034561 
v -0.0377271 0.00253554 -0.0313383 
v -0.0378214 0.00252218 -0.0315285 
v -0.0379154 0.00249994 -0.0317181 
v -0.0380089 0.00246886 -0.0319067 
v -0.0381017 0.00242899 -0.032094 
v -0.0381937 0.0023804 -0.0322796 
v -0.0382847 0.00232318 -0.0324632 
v -0.0383746 0.00225743 -0.0326445 
v -0.0384632 0.00218326 -0.0328232 
v -0.0385503 0.00210081 -0.0329989 
v -0.0386358 0.00201022 -0.0331714 
v -0.0387196 0.00191164 -0.0333404 
v -0.0388014 0.00180525 -0.0335055 
v -0.0388812 0.00169124 -0.0336664 
v -0.0389588 0.00156981 -0.033823 
v -0.0390341 0.00144116 -0.0339748 
v -0.0391069 0.00130553 -0.0341217 
v -0.0391771 0.00116316 -0.0342634 
v -0.0392446 0.00101429 -0.0343996 
v -0.0393093 0.000859183 -0.0345301 
v -0.0393711 0.000698114 -0.0346546 
v -0.0394298 0.000531364 -0.034773 
v -0.0401646 0.000182 -0.0346643 
v -0.0394853 0.000359225 -0.0348851 
v -0.037216 0.00253554 -0.0315792 
v -0.0373027 0.00252218 -0.031773 
v -0.0373892 0.00249994 -0.0319661 
v -0.0374752 0.00246886 -0.0321583 
v -0.0375605 0.00242899 -0.032349 
v -0.0376452 0.0023804 -0.0325381 
v -0.0377289 0.00232318 -0.0327252 
v -0.0378116 0.00225743 -0.0329099 
v -0.037893 0.00218326 -0.0330919 
v -0.0379732 0.00210081 -0.0332709 
v -0.0380518 0.00201022 -0.0334466 
v -0.0381289 0.00191164 -0.0336188 
v -0.0382041 0.00180525 -0.0337869 
v -0.0382775 0.00169124 -0.0339509 
v -0.0383489 0.00156981 -0.0341104 
v -0.0384182 0.00144116 -0.0342651 
v -0.0384851 0.00130553 -0.0344147 
v -0.0385497 0.00116316 -0.0345591 
v -0.0386118 0.00101429 -0.0346978 
v -0.0386713 0.000859183 -0.0348308 
v -0.0387281 0.000698114 -0.0349577 
v -0.0387821 0.000531364 -0.0350783 
v -0.0395376 0.000182 -0.0349906 
v -0.0388332 0.000359225 -0.0351924 
v -0.0366767 0.00253554 -0.0318078 
v -0.0367558 0.00252218 -0.0320049 
v -0.0368345 0.00249994 -0.0322013 
v -0.0369129 0.00246886 -0.0323967 
v -0.0369907 0.00242899 -0.0325906 
v -0.0370679 0.0023804 -0.0327829 
v -0.0371442 0.00232318 -0.0329731 
v -0.0372195 0.00225743 -0.0331609 
v -0.0372937 0.00218326 -0.033346 
v -0.0373668 0.00210081 -0.0335281 
v -0.0374384 0.00201022 -0.0337067 
v -0.0375087 0.00191164 -0.0338818 
v -0.0375773 0.00180525 -0.0340528 
v -0.0376441 0.00169124 -0.0342195 
v -0.0377092 0.00156981 -0.0343817 
v -0.0377723 0.00144116 -0.034539 
v -0.0378333 0.00130553 -0.0346911 
v -0.0378922 0.00116316 -0.0348379 
v -0.0379488 0.00101429 -0.034979 
v -0.038003 0.000859183 -0.0351142 
v -0.0380548 0.000698114 -0.0352432 
v -0.038104 0.000531364 -0.0353659 
v -0.0388813 0.000182 -0.0352999 
v -0.0381506 0.000359225 -0.0354819 
v -0.0360491 0.00253554 -0.0320438 
v -0.0361196 0.00252218 -0.0322442 
v -0.0361898 0.00249994 -0.0324438 
v -0.0362596 0.00246886 -0.0326423 
v -0.036329 0.00242899 -0.0328395 
v -0.0363977 0.0023804 -0.0330349 
v -0.0364657 0.00232318 -0.0332282 
v -0.0365329 0.00225743 -0.0334191 
v -0.0365991 0.00218326 -0.0336073 
v -0.0366641 0.00210081 -0.0337923 
v -0.036728 0.00201022 -0.0339739 
v -0.0367906 0.00191164 -0.0341518 
v -0.0368517 0.00180525 -0.0343256 
v -0.0369113 0.00169124 -0.0344951 
v -0.0369693 0.00156981 -0.0346599 
v -0.0370256 0.00144116 -0.0348198 
v -0.03708 0.00130553 -0.0349745 
v -0.0371324 0.00116316 -0.0351236 
v -0.0371829 0.00101429 -0.035267 
v -0.0372312 0.000859183 -0.0354044 
v -0.0372773 0.000698114 -0.0355356 
v -0.0373212 0.000531364 -0.0356603 
v -0.0381944 0.000182 -0.0355912 
v -0.0373627 0.000359225 -0.0357783 
v -0.0353817 0.00253554 -0.0322628 
v -0.0354437 0.00252218 -0.0324659 
v -0.0355056 0.00249994 -0.0326682 
v -0.0355671 0.00246886 -0.0328695 
v -0.0356281 0.00242899 -0.0330694 
v -0.0356887 0.0023804 -0.0332675 
v -0.0357485 0.00232318 -0.0334635 
v -0.0358077 0.00225743 -0.0336571 
v -0.0358659 0.00218326 -0.0338478 
v -0.0359233 0.00210081 -0.0340354 
v -0.0359795 0.00201022 -0.0342195 
v -0.0360346 0.00191164 -0.0343998 
v -0.0360884 0.00180525 -0.0345761 
v -0.0361409 0.00169124 -0.0347479 
v -0.036192 0.00156981 -0.034915 
v -0.0362415 0.00144116 -0.0350771 
v -0.0362894 0.00130553 -0.0352338 
v -0.0363356 0.00116316 -0.0353851 
v -0.03638 0.00101429 -0.0355305 
v -0.0364226 0.000859183 -0.0356698 
v -0.0364632 0.000698114 -0.0358027 
v -0.0365018 0.000531364 -0.0359291 
v -0.0374018 0.000182 -0.0358893 
v -0.0365384 0.000359225 -0.0360487 
v -0.0365728 0.000182 -0.0361613 
vn 0 1 0 
vn -0.00889129 0.999123 -0.0409208 
vn -0.0105937 0.999123 -0.0405135 
vn 0 1 0 
vn -0.0211688 0.996493 -0.0809559 
vn -0.0317068 0.992115 -0.121256 
vn -0.017767 0.996493 -0.0817699 
vn -0.0421892 0.985996 -0.161344 
vn -0.0266115 0.992115 -0.122475 
vn -0.0525976 0.978148 -0.201149 
vn -0.0354093 0.985996 -0.162966 
vn -0.0629136 0.968583 -0.2406 
vn -0.044145 0.978148 -0.203171 
vn -0.0731194 0.957319 -0.27963 
vn -0.0528033 0.968583 -0.243019 
vn -0.0831968 0.944376 -0.318169 
vn -0.0613689 0.957319 -0.282442 
vn -0.0931283 0.929776 -0.35615 
vn -0.0698269 0.944376 -0.321368 
vn -0.102896 0.913545 -0.393506 
vn -0.0781624 0.929776 -0.359731 
vn -0.112484 0.895712 -0.430172 
vn -0.0863607 0.913545 -0.397463 
vn -0.121874 0.876307 -0.466083 
vn -0.0944076 0.895712 -0.434497 
vn -0.131051 0.855364 -0.501176 
vn -0.102289 0.876307 -0.470769 
vn -0.139997 0.832921 -0.535391 
vn -0.109991 0.855364 -0.506215 
vn -0.148698 0.809017 -0.568665 
vn -0.117499 0.832921 -0.540774 
vn -0.157138 0.783693 -0.600943 
vn -0.124802 0.809017 -0.574383 
vn -0.165303 0.756995 -0.632166 
vn -0.131886 0.783693 -0.606985 
vn -0.173177 0.728969 -0.66228 
vn -0.138738 0.756995 -0.638522 
vn -0.180748 0.699663 -0.691232 
vn -0.145347 0.728969 -0.668939 
vn -0.188001 0.669131 -0.718971 
vn -0.151701 0.699663 -0.698182 
vn -0.194925 0.637424 -0.74545 
vn -0.157789 0.669131 -0.7262 
vn -0.201506 0.604599 -0.77062 
vn -0.1636 0.637424 -0.752945 
vn -0.207735 0.570714 -0.794438 
vn -0.169124 0.604599 -0.778368 
vn -0.213598 0.535827 -0.816863 
vn -0.174351 0.570714 -0.802426 
vn -0.18388 0.5 -0.846279 
vn -0.219087 0.5 -0.837855 
vn -0.00718502 0.999123 -0.0412546 
vn 0 1 0 
vn -0.0143574 0.996493 -0.0824369 
vn -0.0215047 0.992115 -0.123475 
vn -0.0286142 0.985996 -0.164296 
vn -0.0356735 0.978148 -0.204828 
vn -0.0426702 0.968583 -0.245002 
vn -0.049592 0.957319 -0.284746 
vn -0.0564269 0.944376 -0.32399 
vn -0.0631628 0.929776 -0.362665 
vn -0.0697878 0.913545 -0.400705 
vn -0.0762904 0.895712 -0.438041 
vn -0.0826592 0.876307 -0.474609 
vn -0.088883 0.855364 -0.510345 
vn -0.0949508 0.832921 -0.545185 
vn -0.100852 0.809017 -0.579069 
vn -0.106576 0.783693 -0.611936 
vn -0.112114 0.756995 -0.643731 
vn -0.117454 0.728969 -0.674395 
vn -0.122589 0.699663 -0.703877 
vn -0.127509 0.669131 -0.732124 
vn -0.132205 0.637424 -0.759087 
vn -0.136668 0.604599 -0.784718 
vn -0.179273 0.535827 -0.825076 
vn -0.140893 0.570714 -0.808972 
vn -0.148593 0.5 -0.853182 
vn -0.00547891 0.999123 -0.0415157 
vn 0 1 0 
vn -0.0109482 0.996493 -0.0829585 
vn -0.0163983 0.992115 -0.124256 
vn -0.0218196 0.985996 -0.165335 
vn -0.0272027 0.978148 -0.206124 
vn -0.032538 0.968583 -0.246552 
vn -0.0378163 0.957319 -0.286547 
vn -0.0430282 0.944376 -0.32604 
vn -0.0481646 0.929776 -0.36496 
vn -0.0532165 0.913545 -0.40324 
vn -0.058175 0.895712 -0.440813 
vn -0.0630315 0.876307 -0.477612 
vn -0.0677775 0.855364 -0.513574 
vn -0.0724045 0.832921 -0.548634 
vn -0.0769045 0.809017 -0.582733 
vn -0.0812695 0.783693 -0.615808 
vn -0.085492 0.756995 -0.647804 
vn -0.0895646 0.728969 -0.678663 
vn -0.09348 0.699663 -0.708331 
vn -0.0972313 0.669131 -0.736757 
vn -0.100812 0.637424 -0.76389 
vn -0.104216 0.604599 -0.789683 
vn -0.14487 0.535827 -0.831807 
vn -0.107437 0.570714 -0.81409 
vn -0.113309 0.5 -0.858581 
vn -0.00377979 0.999123 -0.0417047 
vn 0 1 0 
vn -0.00755295 0.996493 -0.0833363 
vn -0.0113129 0.992115 -0.124822 
vn -0.0150529 0.985996 -0.166088 
vn -0.0187666 0.978148 -0.207063 
vn -0.0224473 0.968583 -0.247675 
vn -0.0260887 0.957319 -0.287852 
vn -0.0296842 0.944376 -0.327524 
vn -0.0332277 0.929776 -0.366622 
vn -0.036713 0.913545 -0.405076 
vn -0.0401338 0.895712 -0.44282 
vn -0.0434842 0.876307 -0.479787 
vn -0.0467583 0.855364 -0.515912 
vn -0.0499504 0.832921 -0.551133 
vn -0.0530548 0.809017 -0.585386 
vn -0.0560662 0.783693 -0.618612 
vn -0.0589792 0.756995 -0.650753 
vn -0.0617887 0.728969 -0.681753 
vn -0.0644899 0.699663 -0.711556 
vn -0.0670779 0.669131 -0.740111 
vn -0.0695482 0.637424 -0.767368 
vn -0.0718966 0.604599 -0.793279 
vn -0.11047 0.535827 -0.83707 
vn -0.0741188 0.570714 -0.817797 
vn -0.0781694 0.5 -0.86249 
vn -0.00209815 0.999123 -0.0418231 
vn 0 1 0 
vn -0.00419261 0.996493 -0.0835727 
vn -0.00627972 0.992115 -0.125176 
vn -0.00835582 0.985996 -0.166559 
vn -0.0104173 0.978148 -0.207651 
vn -0.0124604 0.968583 -0.248378 
vn -0.0144817 0.957319 -0.288669 
vn -0.0164776 0.944376 -0.328454 
vn -0.0184446 0.929776 -0.367662 
vn -0.0203792 0.913545 -0.406226 
vn -0.0222781 0.895712 -0.444077 
vn -0.0241379 0.876307 -0.481149 
vn -0.0259553 0.855364 -0.517376 
vn -0.0277273 0.832921 -0.552696 
vn -0.0294505 0.809017 -0.587047 
vn -0.0311221 0.783693 -0.620368 
vn -0.0327391 0.756995 -0.6526 
vn -0.0342987 0.728969 -0.683687 
vn -0.0357981 0.699663 -0.713575 
vn -0.0372347 0.669131 -0.742211 
vn -0.038606 0.637424 -0.769545 
vn -0.0399095 0.604599 -0.795529 
vn -0.0762109 0.535827 -0.840881 
vn -0.041143 0.570714 -0.820118 
vn -0.0433915 0.5 -0.864938 
vn -0.000465942 0.999123 -0.0418731 
vn 0 1 0 
vn -0.000931066 0.996493 -0.0836727 
vn -0.00139456 0.992115 -0.125325 
vn -0.0018556 0.985996 -0.166758 
vn -0.00231339 0.978148 -0.207899 
vn -0.00276712 0.968583 -0.248674 
vn -0.003216 0.957319 -0.289014 
vn -0.00365923 0.944376 -0.328846 
vn -0.00409605 0.929776 -0.368102 
vn -0.00452568 0.913545 -0.406711 
vn -0.00494736 0.895712 -0.444608 
vn -0.00536037 0.876307 -0.481724 
vn -0.00576398 0.855364 -0.517995 
vn -0.00615747 0.832921 -0.553357 
vn -0.00654017 0.809017 -0.587749 
vn -0.00691138 0.783693 -0.621109 
vn -0.00727048 0.756995 -0.65338 
vn -0.00761682 0.728969 -0.684505 
vn -0.00794979 0.699663 -0.714428 
vn -0.00826882 0.669131 -0.743099 
vn -0.00857334 0.637424 -0.770466 
vn -0.00886282 0.604599 -0.796481 
vn -0.0423044 0.535827 -0.843267 
vn -0.00913676 0.570714 -0.821098 
vn -0.00963609 0.5 -0.865972 
vn 0.000769872 0.999123 -0.0418686 
vn 0 1 0 
vn 0.00153839 0.996493 -0.0836637 
vn 0.00230422 0.992115 -0.125312 
vn 0.003066 0.985996 -0.166741 
vn 0.0038224 0.978148 -0.207877 
vn 0.00457209 0.968583 -0.248648 
vn 0.00531377 0.957319 -0.288983 
vn 0.00604612 0.944376 -0.328811 
vn 0.00676787 0.929776 -0.368062 
vn 0.00747774 0.913545 -0.406668 
vn 0.00817449 0.895712 -0.44456 
vn 0.00885691 0.876307 -0.481672 
vn 0.00952378 0.855364 -0.517939 
vn 0.0101739 0.832921 -0.553298 
vn 0.0108063 0.809017 -0.587686 
vn 0.0114196 0.783693 -0.621043 
vn 0.012013 0.756995 -0.65331 
vn 0.0125852 0.728969 -0.684431 
vn 0.0131354 0.699663 -0.714352 
vn 0.0136625 0.669131 -0.743019 
vn 0.0141657 0.637424 -0.770383 
vn 0.014644 0.604599 -0.796395 
vn -0.00939466 0.535827 -0.844276 
vn 0.0150966 0.570714 -0.82101 
vn 0.0159216 0.5 -0.865879 
vn 0.00102533 0.999123 -0.0418631 
vn 0 1 0 
vn 0.00204886 0.996493 -0.0836528 
vn 0.00306879 0.992115 -0.125296 
vn 0.00408335 0.985996 -0.166719 
vn 0.00509073 0.978148 -0.207849 
vn 0.00608919 0.968583 -0.248615 
vn 0.00707697 0.957319 -0.288945 
vn 0.00805233 0.944376 -0.328768 
vn 0.00901356 0.929776 -0.368014 
vn 0.00995898 0.913545 -0.406615 
vn 0.0108869 0.895712 -0.444502 
vn 0.0117958 0.876307 -0.481609 
vn 0.0126839 0.855364 -0.517872 
vn 0.0135498 0.832921 -0.553226 
vn 0.014392 0.809017 -0.587609 
vn 0.0152089 0.783693 -0.620962 
vn 0.0159991 0.756995 -0.653225 
vn 0.0167612 0.728969 -0.684342 
vn 0.0174939 0.699663 -0.714258 
vn 0.018196 0.669131 -0.742922 
vn 0.0188661 0.637424 -0.770282 
vn 0.0195031 0.604599 -0.796291 
vn 0.0155227 0.535827 -0.844185 
vn 0.0201059 0.570714 -0.820903 
vn 0.0212047 0.5 -0.865766 
vn 0.00153146 0.999123 -0.0418476 
vn 0 1 0 
vn 0.00306023 0.996493 -0.0836219 
vn 0.00458363 0.992115 -0.125249 
vn 0.00609899 0.985996 -0.166657 
vn 0.00760365 0.978148 -0.207773 
vn 0.00909497 0.968583 -0.248524 
vn 0.0105703 0.957319 -0.288838 
vn 0.0120272 0.944376 -0.328647 
vn 0.0134629 0.929776 -0.367878 
vn 0.014875 0.913545 -0.406465 
vn 0.016261 0.895712 -0.444338 
vn 0.0176185 0.876307 -0.481431 
vn 0.018945 0.855364 -0.51768 
vn 0.0202384 0.832921 -0.553021 
vn 0.0214962 0.809017 -0.587392 
vn 0.0227163 0.783693 -0.620732 
vn 0.0238966 0.756995 -0.652983 
vn 0.0250349 0.728969 -0.684089 
vn 0.0261294 0.699663 -0.713995 
vn 0.0271779 0.669131 -0.742648 
vn 0.0281788 0.637424 -0.769998 
vn 0.0291303 0.604599 -0.795997 
vn 0.0206734 0.535827 -0.844075 
vn 0.0300307 0.570714 -0.8206 
vn 0.0316719 0.5 -0.865446 
vn 0.00164743 0.999123 -0.0418432 
vn 0 1 0 
vn 0.00329198 0.996493 -0.0836131 
vn 0.00493075 0.992115 -0.125236 
vn 0.00656087 0.985996 -0.16664 
vn 0.00817948 0.978148 -0.207751 
vn 0.00978374 0.968583 -0.248497 
vn 0.0113708 0.957319 -0.288808 
vn 0.012938 0.944376 -0.328612 
vn 0.0144824 0.929776 -0.36784 
vn 0.0160015 0.913545 -0.406422 
vn 0.0174924 0.895712 -0.444291 
vn 0.0189527 0.876307 -0.481381 
vn 0.0203798 0.855364 -0.517626 
vn 0.021771 0.832921 -0.552963 
vn 0.0231241 0.809017 -0.58733 
vn 0.0244366 0.783693 -0.620667 
vn 0.0257063 0.756995 -0.652915 
vn 0.0269308 0.728969 -0.684017 
vn 0.0281081 0.699663 -0.71392 
vn 0.0292361 0.669131 -0.74257 
vn 0.0303128 0.637424 -0.769917 
vn 0.0313364 0.604599 -0.795913 
vn 0.0308784 0.535827 -0.843763 
vn 0.0323049 0.570714 -0.820514 
vn 0.0340704 0.5 -0.865355 
vn 0 1 0 
vn 0.00141616 0.999123 -0.0418517 
vn 0.00282983 0.996493 -0.08363 
vn 0.00423854 0.992115 -0.125262 
vn 0.00563981 0.985996 -0.166673 
vn 0.00703118 0.978148 -0.207793 
vn 0.00841023 0.968583 -0.248548 
vn 0.00977451 0.957319 -0.288866 
vn 0.0111217 0.944376 -0.328679 
vn 0.0124493 0.929776 -0.367914 
vn 0.0137551 0.913545 -0.406504 
vn 0.0150367 0.895712 -0.444381 
vn 0.016292 0.876307 -0.481478 
vn 0.0175187 0.855364 -0.517731 
vn 0.0187147 0.832921 -0.553075 
vn 0.0198778 0.809017 -0.587449 
vn 0.0210061 0.783693 -0.620792 
vn 0.0220975 0.756995 -0.653047 
vn 0.0231501 0.728969 -0.684156 
vn 0.0241621 0.699663 -0.714064 
vn 0.0251318 0.669131 -0.74272 
vn 0.0260573 0.637424 -0.770073 
vn 0.0269372 0.604599 -0.796074 
vn 0.0332168 0.535827 -0.843674 
vn 0.0277697 0.570714 -0.82068 
vn 0.0285536 0.535827 -0.843845 
vn 0.0292874 0.5 -0.86553 
vn 0 1 0 
vn 0.00085578 0.999123 -0.0418669 
vn 0.00171006 0.996493 -0.0836604 
vn 0.00256134 0.992115 -0.125307 
vn 0.00340812 0.985996 -0.166734 
vn 0.00424893 0.978148 -0.207868 
vn 0.00508228 0.968583 -0.248638 
vn 0.00590672 0.957319 -0.288971 
vn 0.00672079 0.944376 -0.328798 
vn 0.00752308 0.929776 -0.368048 
vn 0.00831216 0.913545 -0.406652 
vn 0.00908667 0.895712 -0.444542 
vn 0.00984523 0.876307 -0.481653 
vn 0.0105865 0.855364 -0.517919 
vn 0.0113092 0.832921 -0.553276 
vn 0.0120121 0.809017 -0.587662 
vn 0.0126939 0.783693 -0.621018 
vn 0.0133535 0.756995 -0.653284 
vn 0.0139896 0.728969 -0.684404 
vn 0.0146011 0.699663 -0.714323 
vn 0.0151871 0.669131 -0.74299 
vn 0.0157464 0.637424 -0.770352 
vn 0.0162781 0.604599 -0.796364 
vn 0.0167812 0.570714 -0.820978 
vn 0.0172549 0.535827 -0.844152 
vn 0.0176983 0.5 -0.865845 
vn 0 1 0 
vn -3.3386e-05 0.999123 -0.0418756 
vn -6.67134e-05 0.996493 -0.0836778 
vn -9.99238e-05 0.992115 -0.125333 
vn -0.000132959 0.985996 -0.166769 
vn -0.000165761 0.978148 -0.207912 
vn -0.000198272 0.968583 -0.24869 
vn -0.000230435 0.957319 -0.289032 
vn -0.000262194 0.944376 -0.328867 
vn -0.000293493 0.929776 -0.368124 
vn -0.000324277 0.913545 -0.406737 
vn -0.000354492 0.895712 -0.444635 
vn -0.000384085 0.876307 -0.481754 
vn -0.000413005 0.855364 -0.518027 
vn -0.0004412 0.832921 -0.553391 
vn -0.000468621 0.809017 -0.587785 
vn -0.000495219 0.783693 -0.621148 
vn -0.000520949 0.756995 -0.65342 
vn -0.000545766 0.728969 -0.684547 
vn -0.000569624 0.699663 -0.714472 
vn -0.000592483 0.669131 -0.743145 
vn -0.000614303 0.637424 -0.770513 
vn -0.000635046 0.604599 -0.79653 
vn -0.000654674 0.570714 -0.821149 
vn -0.000673153 0.535827 -0.844328 
vn -0.000690452 0.5 -0.866025 
vn 0 1 0 
vn -0.00120651 0.999123 -0.0418583 
vn -0.0024109 0.996493 -0.0836431 
vn -0.00361107 0.992115 -0.125281 
vn -0.0048049 0.985996 -0.1667 
vn -0.0059903 0.978148 -0.207825 
vn -0.00716519 0.968583 -0.248587 
vn -0.00832751 0.957319 -0.288912 
vn -0.00947522 0.944376 -0.32873 
vn -0.0106063 0.929776 -0.367972 
vn -0.0117188 0.913545 -0.406568 
vn -0.0128107 0.895712 -0.444451 
vn -0.0138802 0.876307 -0.481554 
vn -0.0149253 0.855364 -0.517812 
vn -0.0159442 0.832921 -0.553162 
vn -0.0169351 0.809017 -0.587541 
vn -0.0178963 0.783693 -0.62089 
vn -0.0188262 0.756995 -0.653149 
vn -0.019723 0.728969 -0.684263 
vn -0.0205852 0.699663 -0.714176 
vn -0.0214113 0.669131 -0.742836 
vn -0.0221998 0.637424 -0.770193 
vn -0.0229494 0.604599 -0.796199 
vn -0.0236587 0.570714 -0.820808 
vn -0.0243265 0.535827 -0.843977 
vn -0.0249517 0.5 -0.865666 
vn 0 1 0 
vn -0.00264709 0.999123 -0.0417919 
vn -0.00528954 0.996493 -0.0835105 
vn -0.00792271 0.992115 -0.125083 
vn -0.010542 0.985996 -0.166435 
vn -0.0131428 0.978148 -0.207496 
vn -0.0157205 0.968583 -0.248193 
vn -0.0182706 0.957319 -0.288454 
vn -0.0207887 0.944376 -0.328209 
vn -0.0232703 0.929776 -0.367388 
vn -0.0257111 0.913545 -0.405923 
vn -0.0281068 0.895712 -0.443746 
vn -0.0304532 0.876307 -0.48079 
vn -0.0327461 0.855364 -0.516991 
vn -0.0349816 0.832921 -0.552285 
vn -0.0371558 0.809017 -0.58661 
vn -0.0392647 0.783693 -0.619906 
vn -0.0413048 0.756995 -0.652114 
vn -0.0432724 0.728969 -0.683178 
vn -0.0451641 0.699663 -0.713044 
vn -0.0469765 0.669131 -0.741659 
vn -0.0487066 0.637424 -0.768972 
vn -0.0503512 0.604599 -0.794937 
vn -0.0519074 0.570714 -0.819507 
vn -0.0533726 0.535827 -0.842639 
vn -0.0547442 0.5 -0.864293 
vn 0 1 0 
vn -0.00437781 0.999123 -0.0416462 
vn -0.00874795 0.996493 -0.0832193 
vn -0.0131027 0.992115 -0.124646 
vn -0.0174345 0.985996 -0.165855 
vn -0.0217358 0.978148 -0.206772 
vn -0.0259988 0.968583 -0.247327 
vn -0.0302163 0.957319 -0.287448 
vn -0.0343808 0.944376 -0.327065 
vn -0.0384849 0.929776 -0.366107 
vn -0.0425216 0.913545 -0.404508 
vn -0.0464836 0.895712 -0.442199 
vn -0.0503641 0.876307 -0.479114 
vn -0.0541562 0.855364 -0.515188 
vn -0.0578533 0.832921 -0.550359 
vn -0.061449 0.809017 -0.584564 
vn -0.0649368 0.783693 -0.617744 
vn -0.0683107 0.756995 -0.64984 
vn -0.0715647 0.728969 -0.680796 
vn -0.0746933 0.699663 -0.710558 
vn -0.0776907 0.669131 -0.739073 
vn -0.0805519 0.637424 -0.766291 
vn -0.0832718 0.604599 -0.792165 
vn -0.0858456 0.570714 -0.81665 
vn -0.0882687 0.535827 -0.839701 
vn -0.0905371 0.5 -0.86128 
vn 0 1 0 
vn -0.00602096 0.999123 -0.0414405 
vn -0.0120314 0.996493 -0.0828084 
vn -0.0180206 0.992115 -0.124031 
vn -0.0239783 0.985996 -0.165036 
vn -0.0298939 0.978148 -0.205751 
vn -0.0357571 0.968583 -0.246106 
vn -0.0415575 0.957319 -0.286029 
vn -0.0472851 0.944376 -0.32545 
vn -0.0529296 0.929776 -0.3643 
vn -0.0584813 0.913545 -0.40251 
vn -0.0639305 0.895712 -0.440015 
vn -0.0692674 0.876307 -0.476748 
vn -0.0744829 0.855364 -0.512644 
vn -0.0795677 0.832921 -0.547641 
vn -0.0845128 0.809017 -0.581678 
vn -0.0893098 0.783693 -0.614694 
vn -0.09395 0.756995 -0.646631 
vn -0.0984254 0.728969 -0.677434 
vn -0.102728 0.699663 -0.707049 
vn -0.106851 0.669131 -0.735423 
vn -0.110786 0.637424 -0.762507 
vn -0.114527 0.604599 -0.788254 
vn -0.118066 0.570714 -0.812617 
vn -0.121399 0.535827 -0.835555 
vn -0.124519 0.5 -0.857027 
vn 0 1 0 
vn -0.00781336 0.999123 -0.0411403 
vn -0.015613 0.996493 -0.0822084 
vn -0.0233853 0.992115 -0.123132 
vn -0.0311165 0.985996 -0.16384 
vn -0.0387931 0.978148 -0.204261 
vn -0.0464017 0.968583 -0.244323 
vn -0.0539289 0.957319 -0.283956 
vn -0.0613615 0.944376 -0.323091 
vn -0.0686864 0.929776 -0.36166 
vn -0.0758908 0.913545 -0.399594 
vn -0.0829621 0.895712 -0.436827 
vn -0.0898879 0.876307 -0.473294 
vn -0.0966559 0.855364 -0.50893 
vn -0.103254 0.832921 -0.543673 
vn -0.109672 0.809017 -0.577463 
vn -0.115897 0.783693 -0.61024 
vn -0.121918 0.756995 -0.641946 
vn -0.127726 0.728969 -0.672526 
vn -0.13331 0.699663 -0.701926 
vn -0.138659 0.669131 -0.730094 
vn -0.143766 0.637424 -0.756982 
vn -0.14862 0.604599 -0.782542 
vn -0.153214 0.570714 -0.806729 
vn -0.157539 0.535827 -0.829501 
vn -0.161587 0.5 -0.850817 
vn 0 1 0 
vn -0.00937047 0.999123 -0.0408138 
vn -0.0187245 0.996493 -0.081556 
vn -0.0280457 0.992115 -0.122155 
vn -0.0373177 0.985996 -0.16254 
vn -0.0465242 0.978148 -0.20264 
vn -0.0556491 0.968583 -0.242384 
vn -0.0646763 0.957319 -0.281703 
vn -0.0735901 0.944376 -0.320527 
vn -0.0823748 0.929776 -0.35879 
vn -0.091015 0.913545 -0.396423 
vn -0.0994955 0.895712 -0.43336 
vn -0.107802 0.876307 -0.469537 
vn -0.115918 0.855364 -0.504891 
vn -0.123832 0.832921 -0.539359 
vn -0.131528 0.809017 -0.57288 
vn -0.138994 0.783693 -0.605397 
vn -0.146215 0.756995 -0.636851 
vn -0.15318 0.728969 -0.667189 
vn -0.159877 0.699663 -0.696355 
vn -0.166293 0.669131 -0.7243 
vn -0.172417 0.637424 -0.750975 
vn -0.178239 0.604599 -0.776332 
vn -0.183748 0.570714 -0.800327 
vn -0.188934 0.535827 -0.822918 
vn -0.19379 0.5 -0.844065 
vn 0 1 0 
vn -0.0104861 0.999123 -0.0405415 
vn -0.0209539 0.996493 -0.0810118 
vn -0.0313849 0.992115 -0.12134 
vn -0.0417608 0.985996 -0.161455 
vn -0.0520634 0.978148 -0.201288 
vn -0.0622748 0.968583 -0.240767 
vn -0.0723768 0.957319 -0.279823 
vn -0.0823519 0.944376 -0.318389 
vn -0.0921825 0.929776 -0.356396 
vn -0.101851 0.913545 -0.393778 
vn -0.111342 0.895712 -0.430469 
vn -0.120637 0.876307 -0.466405 
vn -0.12972 0.855364 -0.501522 
vn -0.138575 0.832921 -0.53576 
vn -0.147188 0.809017 -0.569058 
vn -0.155542 0.783693 -0.601358 
vn -0.163624 0.756995 -0.632602 
vn -0.171418 0.728969 -0.662737 
vn -0.178912 0.699663 -0.691709 
vn -0.186092 0.669131 -0.719468 
vn -0.192945 0.637424 -0.745964 
vn -0.19946 0.604599 -0.771152 
vn -0.205625 0.570714 -0.794987 
vn -0.211429 0.535827 -0.817427 
vn -0.216863 0.5 -0.838433 
vn 0 1 0 
vn -0.0105643 0.999123 -0.0405212 
vn -0.0211102 0.996493 -0.0809712 
vn -0.0316189 0.992115 -0.121279 
vn -0.0420722 0.985996 -0.161375 
vn -0.0524517 0.978148 -0.201187 
vn -0.0627392 0.968583 -0.240646 
vn -0.0729166 0.957319 -0.279683 
vn -0.0829661 0.944376 -0.318229 
vn -0.09287 0.929776 -0.356217 
vn -0.102611 0.913545 -0.393581 
vn -0.112172 0.895712 -0.430253 
vn -0.121536 0.876307 -0.466171 
vn -0.130687 0.855364 -0.501271 
vn -0.139609 0.832921 -0.535492 
vn -0.148286 0.809017 -0.568773 
vn -0.156702 0.783693 -0.601056 
vn -0.164844 0.756995 -0.632285 
vn -0.172697 0.728969 -0.662405 
vn -0.180246 0.699663 -0.691363 
vn -0.18748 0.669131 -0.719107 
vn -0.194384 0.637424 -0.745591 
vn -0.200948 0.604599 -0.770766 
vn -0.207159 0.570714 -0.794589 
vn -0.213006 0.535827 -0.817018 
vn -0.21848 0.5 -0.838013 
vn 0 1 0 
vn -0.0106691 0.999123 -0.0404937 
vn -0.0213196 0.996493 -0.0809164 
vn -0.0319326 0.992115 -0.121197 
vn -0.0424896 0.985996 -0.161265 
vn -0.052972 0.978148 -0.20105 
vn -0.0633615 0.968583 -0.240483 
vn -0.0736399 0.957319 -0.279493 
vn -0.0837891 0.944376 -0.318014 
vn -0.0937913 0.929776 -0.355976 
vn -0.103629 0.913545 -0.393314 
vn -0.113285 0.895712 -0.429962 
vn -0.122742 0.876307 -0.465855 
vn -0.131984 0.855364 -0.500931 
vn -0.140994 0.832921 -0.535129 
vn -0.149757 0.809017 -0.568388 
vn -0.158257 0.783693 -0.600649 
vn -0.166479 0.756995 -0.631857 
vn -0.17441 0.728969 -0.661956 
vn -0.182034 0.699663 -0.690894 
vn -0.189339 0.669131 -0.71862 
vn -0.196312 0.637424 -0.745085 
vn -0.202941 0.604599 -0.770243 
vn -0.209213 0.570714 -0.79405 
vn -0.215119 0.535827 -0.816464 
vn -0.220647 0.5 -0.837445 
vn 0 1 0 
vn -0.0102083 0.999123 -0.0406123 
vn -0.0203987 0.996493 -0.0811534 
vn -0.0305533 0.992115 -0.121552 
vn -0.0406543 0.985996 -0.161738 
vn -0.050684 0.978148 -0.201639 
vn -0.0606247 0.968583 -0.241187 
vn -0.0704592 0.957319 -0.280312 
vn -0.08017 0.944376 -0.318945 
vn -0.0897401 0.929776 -0.357019 
vn -0.0991528 0.913545 -0.394466 
vn -0.108392 0.895712 -0.431221 
vn -0.11744 0.876307 -0.46722 
vn -0.126283 0.855364 -0.502399 
vn -0.134904 0.832921 -0.536697 
vn -0.143288 0.809017 -0.570053 
vn -0.151421 0.783693 -0.602409 
vn -0.159289 0.756995 -0.633708 
vn -0.166876 0.728969 -0.663895 
vn -0.174172 0.699663 -0.692918 
vn -0.181161 0.669131 -0.720725 
vn -0.187833 0.637424 -0.747268 
vn -0.194175 0.604599 -0.7725 
vn -0.200177 0.570714 -0.796376 
vn -0.205827 0.535827 -0.818856 
vn 0 1 0 
vn -0.00929145 0.999123 -0.0408318 
vn -0.0185666 0.996493 -0.0815921 
vn -0.0278092 0.992115 -0.122209 
vn -0.037003 0.985996 -0.162612 
vn -0.0461318 0.978148 -0.202729 
vn -0.0551798 0.968583 -0.242491 
vn -0.0641309 0.957319 -0.281827 
vn -0.0729696 0.944376 -0.320669 
vn -0.0816802 0.929776 -0.358949 
vn -0.0902475 0.913545 -0.396598 
vn -0.0986565 0.895712 -0.433552 
vn -0.106892 0.876307 -0.469745 
vn -0.114941 0.855364 -0.505114 
vn -0.122788 0.832921 -0.539597 
vn -0.130419 0.809017 -0.573134 
vn -0.137821 0.783693 -0.605665 
vn -0.144982 0.756995 -0.637133 
vn -0.151889 0.728969 -0.667484 
vn -0.158529 0.699663 -0.696663 
vn -0.16489 0.669131 -0.724621 
vn -0.170963 0.637424 -0.751307 
vn -0.176736 0.604599 -0.776675 
vn -0.182198 0.570714 -0.800681 
vn -0.211117 0.5 -0.839899 
vn -0.187341 0.535827 -0.823282 
vn 0 1 0 
vn -0.00807454 0.999123 -0.0410898 
vn -0.0161349 0.996493 -0.0821075 
vn -0.024167 0.992115 -0.122981 
vn -0.0321566 0.985996 -0.163639 
vn -0.0400899 0.978148 -0.20401 
vn -0.0479528 0.968583 -0.244023 
vn -0.0557316 0.957319 -0.283608 
vn -0.0634126 0.944376 -0.322695 
vn -0.0709824 0.929776 -0.361216 
vn -0.0784277 0.913545 -0.399104 
vn -0.0857353 0.895712 -0.436291 
vn -0.0928926 0.876307 -0.472713 
vn -0.0998869 0.855364 -0.508306 
vn -0.106706 0.832921 -0.543006 
vn -0.113338 0.809017 -0.576755 
vn -0.119771 0.783693 -0.609491 
vn -0.125994 0.756995 -0.641158 
vn -0.131996 0.728969 -0.671701 
vn -0.137766 0.699663 -0.701065 
vn -0.143294 0.669131 -0.729199 
vn -0.148572 0.637424 -0.756054 
vn -0.153588 0.604599 -0.781582 
vn -0.158335 0.570714 -0.805739 
vn -0.192155 0.5 -0.844438 
vn -0.162805 0.535827 -0.828483 
vn 0 1 0 
vn -0.00662474 0.999123 -0.0413483 
vn -0.0132379 0.996493 -0.0826241 
vn -0.0198278 0.992115 -0.123755 
vn -0.0263829 0.985996 -0.164669 
vn -0.0328917 0.978148 -0.205293 
vn -0.0393428 0.968583 -0.245558 
vn -0.0457249 0.957319 -0.285392 
vn -0.0520268 0.944376 -0.324725 
vn -0.0582374 0.929776 -0.363489 
vn -0.0643459 0.913545 -0.401615 
vn -0.0703414 0.895712 -0.439036 
vn -0.0762136 0.876307 -0.475687 
vn -0.081952 0.855364 -0.511504 
vn -0.0875467 0.832921 -0.546423 
vn -0.0929878 0.809017 -0.580383 
vn -0.0982658 0.783693 -0.613326 
vn -0.103371 0.756995 -0.645192 
vn -0.108296 0.728969 -0.675927 
vn -0.11303 0.699663 -0.705475 
vn -0.117566 0.669131 -0.733786 
vn -0.121895 0.637424 -0.76081 
vn -0.126011 0.604599 -0.786499 
vn -0.129906 0.570714 -0.810809 
vn -0.166989 0.5 -0.849773 
vn -0.133573 0.535827 -0.833695 
vn 0 1 0 
vn -0.00511473 0.999123 -0.0415621 
vn -0.0102205 0.996493 -0.0830513 
vn -0.0153083 0.992115 -0.124395 
vn -0.0203693 0.985996 -0.16552 
vn -0.0253945 0.978148 -0.206355 
vn -0.0303752 0.968583 -0.246828 
vn -0.0353026 0.957319 -0.286868 
vn -0.0401681 0.944376 -0.326404 
vn -0.0449631 0.929776 -0.365368 
vn -0.0496792 0.913545 -0.403691 
vn -0.0543082 0.895712 -0.441306 
vn -0.0588419 0.876307 -0.478147 
vn -0.0632723 0.855364 -0.514148 
vn -0.0675918 0.832921 -0.549248 
vn -0.0717927 0.809017 -0.583384 
vn -0.0758676 0.783693 -0.616497 
vn -0.0798095 0.756995 -0.648528 
vn -0.0836113 0.728969 -0.679422 
vn -0.0872664 0.699663 -0.709123 
vn -0.0907685 0.669131 -0.737581 
vn -0.0941113 0.637424 -0.764744 
vn -0.097289 0.604599 -0.790566 
vn -0.100296 0.570714 -0.815001 
vn -0.137006 0.5 -0.85512 
vn -0.103127 0.535827 -0.838006 
vn 0 1 0 
vn -0.00391077 0.999123 -0.0416926 
vn -0.00781467 0.996493 -0.0833121 
vn -0.0117049 0.992115 -0.124785 
vn -0.0155745 0.985996 -0.16604 
vn -0.0194169 0.978148 -0.207003 
vn -0.0232251 0.968583 -0.247603 
vn -0.0269927 0.957319 -0.287769 
vn -0.0307128 0.944376 -0.327429 
vn -0.0343791 0.929776 -0.366516 
vn -0.0379851 0.913545 -0.404959 
vn -0.0415245 0.895712 -0.442692 
vn -0.044991 0.876307 -0.479648 
vn -0.0483785 0.855364 -0.515763 
vn -0.0516812 0.832921 -0.550973 
vn -0.0548932 0.809017 -0.585216 
vn -0.058009 0.783693 -0.618433 
vn -0.0610229 0.756995 -0.650565 
vn -0.0639298 0.728969 -0.681555 
vn -0.0667246 0.699663 -0.71135 
vn -0.0694023 0.669131 -0.739897 
vn -0.0719582 0.637424 -0.767146 
vn -0.0743879 0.604599 -0.793049 
vn -0.0766871 0.570714 -0.81756 
vn -0.105777 0.5 -0.859541 
vn -0.0788517 0.535827 -0.840638 
vn 0 1 0 
vn -0.00261768 0.999123 -0.0417938 
vn -0.00523077 0.996493 -0.0835142 
vn -0.00783468 0.992115 -0.125088 
vn -0.0104248 0.985996 -0.166443 
vn -0.0129967 0.978148 -0.207505 
vn -0.0155458 0.968583 -0.248204 
vn -0.0180676 0.957319 -0.288467 
vn -0.0205577 0.944376 -0.328223 
vn -0.0230118 0.929776 -0.367405 
vn -0.0254254 0.913545 -0.405941 
vn -0.0277945 0.895712 -0.443766 
vn -0.0301148 0.876307 -0.480812 
vn -0.0323823 0.855364 -0.517014 
vn -0.0345929 0.832921 -0.552309 
vn -0.0367429 0.809017 -0.586636 
vn -0.0388284 0.783693 -0.619933 
vn -0.0408458 0.756995 -0.652143 
vn -0.0427916 0.728969 -0.683208 
vn -0.0446623 0.699663 -0.713075 
vn -0.0464546 0.669131 -0.741691 
vn -0.0481654 0.637424 -0.769006 
vn -0.0497917 0.604599 -0.794972 
vn -0.0513307 0.570714 -0.819543 
vn -0.0808781 0.5 -0.862241 
vn -0.0527796 0.535827 -0.842677 
vn 0 1 0 
vn -0.00124384 0.999123 -0.0418572 
vn -0.00248551 0.996493 -0.0836409 
vn -0.00372281 0.992115 -0.125278 
vn -0.00495358 0.985996 -0.166695 
vn -0.00617566 0.978148 -0.20782 
vn -0.00738691 0.968583 -0.24858 
vn -0.00858519 0.957319 -0.288904 
vn -0.00976842 0.944376 -0.328722 
vn -0.0109345 0.929776 -0.367962 
vn -0.0120814 0.913545 -0.406557 
vn -0.0132071 0.895712 -0.444439 
vn -0.0143097 0.876307 -0.481541 
vn -0.0153871 0.855364 -0.517798 
vn -0.0164375 0.832921 -0.553147 
vn -0.0174592 0.809017 -0.587526 
vn -0.0184501 0.783693 -0.620874 
vn -0.0194087 0.756995 -0.653132 
vn -0.0203333 0.728969 -0.684245 
vn -0.0212222 0.699663 -0.714157 
vn -0.0220738 0.669131 -0.742817 
vn -0.0228868 0.637424 -0.770173 
vn -0.0236596 0.604599 -0.796178 
vn -0.0243908 0.570714 -0.820787 
vn -0.0541359 0.5 -0.864332 
vn -0.0250793 0.535827 -0.843955 
vn 0 1 0 
vn 0.000201166 0.999123 -0.0418752 
vn 0.000401979 0.996493 -0.0836769 
vn 0.000602086 0.992115 -0.125332 
vn 0.000801138 0.985996 -0.166767 
vn 0.000998784 0.978148 -0.207909 
vn 0.00119468 0.968583 -0.248687 
vn 0.00138848 0.957319 -0.289028 
vn 0.00157984 0.944376 -0.328863 
vn 0.00176843 0.929776 -0.36812 
vn 0.00195392 0.913545 -0.406732 
vn 0.00213598 0.895712 -0.44463 
vn 0.00231429 0.876307 -0.481748 
vn 0.00248854 0.855364 -0.518021 
vn 0.00265843 0.832921 -0.553385 
vn 0.00282365 0.809017 -0.587778 
vn 0.00298392 0.783693 -0.621141 
vn 0.00313896 0.756995 -0.653413 
vn 0.00328849 0.728969 -0.684539 
vn 0.00343224 0.699663 -0.714464 
vn 0.00356998 0.669131 -0.743136 
vn 0.00370146 0.637424 -0.770504 
vn 0.00382644 0.604599 -0.796521 
vn 0.00394471 0.570714 -0.82114 
vn -0.0257238 0.5 -0.865643 
vn 0.00405605 0.535827 -0.844318 
vn 0 1 0 
vn 0.00170643 0.999123 -0.0418409 
vn 0.00340986 0.996493 -0.0836083 
vn 0.00510731 0.992115 -0.125229 
vn 0.00679581 0.985996 -0.16663 
vn 0.00847238 0.978148 -0.207739 
vn 0.0101341 0.968583 -0.248483 
vn 0.011778 0.957319 -0.288792 
vn 0.0134013 0.944376 -0.328593 
vn 0.015001 0.929776 -0.367819 
vn 0.0165745 0.913545 -0.406399 
vn 0.0181188 0.895712 -0.444266 
vn 0.0196314 0.876307 -0.481354 
vn 0.0211095 0.855364 -0.517597 
vn 0.0225506 0.832921 -0.552932 
vn 0.0239522 0.809017 -0.587297 
vn 0.0253117 0.783693 -0.620632 
vn 0.0266268 0.756995 -0.652878 
vn 0.0278952 0.728969 -0.683979 
vn 0.0291147 0.699663 -0.713879 
vn 0.0302831 0.669131 -0.742528 
vn 0.0313983 0.637424 -0.769873 
vn 0.0324585 0.604599 -0.795868 
vn 0.0334617 0.570714 -0.820467 
vn 0.00416029 0.5 -0.866015 
vn 0.0344063 0.535827 -0.843627 
vn 0 1 0 
vn 0.0032597 0.999123 -0.0417486 
vn 0.00651369 0.996493 -0.0834239 
vn 0.00975625 0.992115 -0.124953 
vn 0.0129817 0.985996 -0.166263 
vn 0.0161844 0.978148 -0.207281 
vn 0.0193586 0.968583 -0.247935 
vn 0.022499 0.957319 -0.288155 
vn 0.0255998 0.944376 -0.327869 
vn 0.0286557 0.929776 -0.367008 
vn 0.0316614 0.913545 -0.405502 
vn 0.0346115 0.895712 -0.443286 
vn 0.0375009 0.876307 -0.480292 
vn 0.0403245 0.855364 -0.516455 
vn 0.0430774 0.832921 -0.551712 
vn 0.0457547 0.809017 -0.586002 
vn 0.0483517 0.783693 -0.619263 
vn 0.0508639 0.756995 -0.651438 
vn 0.0532868 0.728969 -0.68247 
vn 0.0556163 0.699663 -0.712305 
vn 0.0578482 0.669131 -0.74089 
vn 0.0599787 0.637424 -0.768175 
vn 0.0620039 0.604599 -0.794113 
vn 0.0639203 0.570714 -0.818658 
vn 0.0352904 0.5 -0.865306 
vn 0.0657246 0.535827 -0.841766 
vn 0 1 0 
vn 0.00484766 0.999123 -0.0415941 
vn 0.00968681 0.996493 -0.0831153 
vn 0.014509 0.992115 -0.124491 
vn 0.0193057 0.985996 -0.165648 
vn 0.0240685 0.978148 -0.206514 
vn 0.0287891 0.968583 -0.247018 
vn 0.0334592 0.957319 -0.287089 
vn 0.0380706 0.944376 -0.326656 
vn 0.0426152 0.929776 -0.36565 
vn 0.0470851 0.913545 -0.404002 
vn 0.0514723 0.895712 -0.441646 
vn 0.0557693 0.876307 -0.478515 
vn 0.0599684 0.855364 -0.514544 
vn 0.0640623 0.832921 -0.549671 
vn 0.0680438 0.809017 -0.583833 
vn 0.071906 0.783693 -0.616972 
vn 0.075642 0.756995 -0.649028 
vn 0.0792453 0.728969 -0.679945 
vn 0.0827096 0.699663 -0.709669 
vn 0.0860287 0.669131 -0.738149 
vn 0.089197 0.637424 -0.765333 
vn 0.0922088 0.604599 -0.791175 
vn 0.0950588 0.570714 -0.815629 
vn 0.0674136 0.5 -0.863398 
vn 0.097742 0.535827 -0.838651 
vn 0 1 0 
vn 0.00645623 0.999123 -0.041375 
vn 0.0129011 0.996493 -0.0826773 
vn 0.0193234 0.992115 -0.123835 
vn 0.0257118 0.985996 -0.164775 
vn 0.032055 0.978148 -0.205426 
vn 0.0383421 0.968583 -0.245716 
vn 0.0445618 0.957319 -0.285576 
vn 0.0507034 0.944376 -0.324935 
vn 0.056756 0.929776 -0.363723 
vn 0.0627091 0.913545 -0.401873 
vn 0.0685521 0.895712 -0.439319 
vn 0.0742749 0.876307 -0.475994 
vn 0.0798674 0.855364 -0.511833 
vn 0.0853198 0.832921 -0.546775 
vn 0.0906225 0.809017 -0.580757 
vn 0.0957662 0.783693 -0.613721 
vn 0.100742 0.756995 -0.645608 
vn 0.105541 0.728969 -0.676362 
vn 0.110155 0.699663 -0.70593 
vn 0.114575 0.669131 -0.734259 
vn 0.118795 0.637424 -0.761301 
vn 0.122806 0.604599 -0.787006 
vn 0.126602 0.570714 -0.811331 
vn 0.100254 0.5 -0.860203 
vn 0.130175 0.535827 -0.834233 
vn 0 1 0 
vn 0.00807121 0.999123 -0.0410905 
vn 0.0161283 0.996493 -0.0821088 
vn 0.024157 0.992115 -0.122983 
vn 0.0321434 0.985996 -0.163642 
vn 0.0400734 0.978148 -0.204013 
vn 0.0479331 0.968583 -0.244027 
vn 0.0557086 0.957319 -0.283612 
vn 0.0633865 0.944376 -0.3227 
vn 0.0709532 0.929776 -0.361222 
vn 0.0783953 0.913545 -0.39911 
vn 0.0857 0.895712 -0.436298 
vn 0.0928543 0.876307 -0.472721 
vn 0.0998457 0.855364 -0.508314 
vn 0.106662 0.832921 -0.543015 
vn 0.113291 0.809017 -0.576764 
vn 0.119721 0.783693 -0.609501 
vn 0.125942 0.756995 -0.641169 
vn 0.131941 0.728969 -0.671711 
vn 0.137709 0.699663 -0.701076 
vn 0.143235 0.669131 -0.72921 
vn 0.14851 0.637424 -0.756066 
vn 0.153525 0.604599 -0.781595 
vn 0.15827 0.570714 -0.805752 
vn 0.13352 0.5 -0.855671 
vn 0.162738 0.535827 -0.828496 
vn 0.00934704 0.999123 -0.0408192 
vn 0.0186777 0.996493 -0.0815667 
vn 0.0279756 0.992115 -0.122171 
vn 0.0372244 0.985996 -0.162561 
vn 0.0464079 0.978148 -0.202666 
vn 0.0555099 0.968583 -0.242416 
vn 0.0645146 0.957319 -0.28174 
vn 0.0734061 0.944376 -0.32057 
vn 0.0821689 0.929776 -0.358837 
vn 0.0907875 0.913545 -0.396475 
vn 0.0992468 0.895712 -0.433417 
vn 0.107532 0.876307 -0.469599 
vn 0.115629 0.855364 -0.504957 
vn 0.123522 0.832921 -0.53943 
vn 0.131199 0.809017 -0.572956 
vn 0.138646 0.783693 -0.605477 
vn 0.14585 0.756995 -0.636935 
vn 0.152797 0.728969 -0.667276 
vn 0.159477 0.699663 -0.696447 
vn 0.165877 0.669131 -0.724396 
vn 0.171986 0.637424 -0.751074 
vn 0.177793 0.604599 -0.776434 
vn 0.183288 0.570714 -0.800432 
vn 0.193305 0.5 -0.844176 
vn 0.16692 0.5 -0.849787 
vn 0.0109653 0.999123 -0.0404145 
vn 0 1 0 
vn 0.0219113 0.996493 -0.0807581 
vn 0.0328189 0.992115 -0.12096 
vn 0.0436689 0.985996 -0.16095 
vn 0.0544423 0.978148 -0.200657 
vn 0.0651202 0.968583 -0.240013 
vn 0.0756838 0.957319 -0.278947 
vn 0.0861147 0.944376 -0.317392 
vn 0.0963945 0.929776 -0.35528 
vn 0.106505 0.913545 -0.392545 
vn 0.116429 0.895712 -0.429121 
vn 0.126149 0.876307 -0.464944 
vn 0.135647 0.855364 -0.499952 
vn 0.144907 0.832921 -0.534083 
vn 0.153913 0.809017 -0.567276 
vn 0.162649 0.783693 -0.599475 
vn 0.1711 0.756995 -0.630621 
vn 0.179251 0.728969 -0.660662 
vn 0.187087 0.699663 -0.689543 
vn 0.194595 0.669131 -0.717215 
vn 0.201761 0.637424 -0.743628 
vn 0.208574 0.604599 -0.768737 
vn 0.188462 0.535827 -0.823026 
vn 0.21502 0.570714 -0.792498 
vn 0.226771 0.5 -0.835808 
vn 0.0125609 0.999123 -0.0399474 
vn 0 1 0 
vn 0.0250998 0.996493 -0.0798247 
vn 0.0375947 0.992115 -0.119562 
vn 0.0500236 0.985996 -0.159089 
vn 0.0623648 0.978148 -0.198338 
vn 0.0745965 0.968583 -0.237238 
vn 0.0866974 0.957319 -0.275723 
vn 0.0986462 0.944376 -0.313723 
vn 0.110422 0.929776 -0.351173 
vn 0.122004 0.913545 -0.388007 
vn 0.133372 0.895712 -0.424161 
vn 0.144506 0.876307 -0.45957 
vn 0.155386 0.855364 -0.494173 
vn 0.165994 0.832921 -0.527909 
vn 0.176311 0.809017 -0.560719 
vn 0.186318 0.783693 -0.592545 
vn 0.195999 0.756995 -0.623332 
vn 0.205335 0.728969 -0.653025 
vn 0.214312 0.699663 -0.681573 
vn 0.222912 0.669131 -0.708925 
vn 0.231122 0.637424 -0.735033 
vn 0.238926 0.604599 -0.759852 
vn 0.22109 0.535827 -0.814867 
vn 0.24631 0.570714 -0.783337 
vn 0.259771 0.5 -0.826147 
vn 0.0141323 0.999123 -0.0394189 
vn 0 1 0 
vn 0.0282398 0.996493 -0.0787686 
vn 0.0422978 0.992115 -0.11798 
vn 0.0562815 0.985996 -0.156985 
vn 0.0701666 0.978148 -0.195714 
vn 0.0839285 0.968583 -0.2341 
vn 0.0975432 0.957319 -0.272075 
vn 0.110987 0.944376 -0.309573 
vn 0.124236 0.929776 -0.346527 
vn 0.137266 0.913545 -0.382874 
vn 0.150057 0.895712 -0.418549 
vn 0.162583 0.876307 -0.45349 
vn 0.174825 0.855364 -0.487635 
vn 0.18676 0.832921 -0.520925 
vn 0.198367 0.809017 -0.553301 
vn 0.209626 0.783693 -0.584706 
vn 0.220518 0.756995 -0.615086 
vn 0.231023 0.728969 -0.644386 
vn 0.241122 0.699663 -0.672556 
vn 0.250798 0.669131 -0.699546 
vn 0.260035 0.637424 -0.725309 
vn 0.268815 0.604599 -0.749799 
vn 0.253263 0.535827 -0.805449 
vn 0.277123 0.570714 -0.772974 
vn 0.292268 0.5 -0.815217 
vn 0.0156776 0.999123 -0.0388302 
vn 0 1 0 
vn 0.0313278 0.996493 -0.0775922 
vn 0.0469229 0.992115 -0.116218 
vn 0.0624358 0.985996 -0.15464 
vn 0.0778391 0.978148 -0.192791 
vn 0.0931058 0.968583 -0.230603 
vn 0.108209 0.957319 -0.268011 
vn 0.123123 0.944376 -0.304949 
vn 0.13782 0.929776 -0.341352 
vn 0.152276 0.913545 -0.377156 
vn 0.166465 0.895712 -0.412298 
vn 0.180361 0.876307 -0.446717 
vn 0.193942 0.855364 -0.480353 
vn 0.207182 0.832921 -0.513145 
vn 0.220058 0.809017 -0.545038 
vn 0.232549 0.783693 -0.575974 
vn 0.244631 0.756995 -0.605899 
vn 0.256284 0.728969 -0.634762 
vn 0.267488 0.699663 -0.662511 
vn 0.278222 0.669131 -0.689098 
vn 0.288469 0.637424 -0.714476 
vn 0.298209 0.604599 -0.738601 
vn 0.284946 0.535827 -0.794793 
vn 0.307426 0.570714 -0.76143 
vn 0.324227 0.5 -0.803042 
vn 0.0173321 0.999123 -0.0381204 
vn 0 1 0 
vn 0.0346338 0.996493 -0.076174 
vn 0.0518748 0.992115 -0.114094 
vn 0.0690248 0.985996 -0.151814 
vn 0.0860536 0.978148 -0.189267 
vn 0.102932 0.968583 -0.226389 
vn 0.119629 0.957319 -0.263113 
vn 0.136116 0.944376 -0.299375 
vn 0.152365 0.929776 -0.335113 
vn 0.168346 0.913545 -0.370262 
vn 0.184032 0.895712 -0.404762 
vn 0.199395 0.876307 -0.438552 
vn 0.214409 0.855364 -0.471573 
vn 0.229046 0.832921 -0.503766 
vn 0.243281 0.809017 -0.535075 
vn 0.25709 0.783693 -0.565446 
vn 0.270448 0.756995 -0.594825 
vn 0.283331 0.728969 -0.62316 
vn 0.295717 0.699663 -0.650402 
vn 0.307584 0.669131 -0.676503 
vn 0.318912 0.637424 -0.701417 
vn 0.32968 0.604599 -0.725101 
vn 0.316104 0.535827 -0.782923 
vn 0.33987 0.570714 -0.747512 
vn 0.358444 0.5 -0.788364 
vn 0.0188865 0.999123 -0.0373747 
vn 0 1 0 
vn 0.03774 0.996493 -0.0746838 
vn 0.0565272 0.992115 -0.111862 
vn 0.0752152 0.985996 -0.148844 
vn 0.0937713 0.978148 -0.185565 
vn 0.112163 0.968583 -0.22196 
vn 0.130358 0.957319 -0.257966 
vn 0.148324 0.944376 -0.293519 
vn 0.16603 0.929776 -0.328557 
vn 0.183444 0.913545 -0.363019 
vn 0.200537 0.895712 -0.396844 
vn 0.217278 0.876307 -0.429973 
vn 0.233638 0.855364 -0.462348 
vn 0.249588 0.832921 -0.493911 
vn 0.2651 0.809017 -0.524608 
vn 0.280147 0.783693 -0.554385 
vn 0.294702 0.756995 -0.583189 
vn 0.308741 0.728969 -0.61097 
vn 0.322238 0.699663 -0.637679 
vn 0.335169 0.669131 -0.663269 
vn 0.347513 0.637424 -0.687696 
vn 0.359247 0.604599 -0.710916 
vn 0.349463 0.535827 -0.768612 
vn 0.370351 0.570714 -0.732889 
vn 0.39059 0.5 -0.772942 
vn 0.020355 0.999123 -0.0365957 
vn 0 1 0 
vn 0.0406743 0.996493 -0.0731272 
vn 0.0609222 0.992115 -0.10953 
vn 0.0810632 0.985996 -0.145741 
vn 0.101062 0.978148 -0.181697 
vn 0.120884 0.968583 -0.217333 
vn 0.140493 0.957319 -0.252589 
vn 0.159856 0.944376 -0.287401 
vn 0.178939 0.929776 -0.321709 
vn 0.197707 0.913545 -0.355453 
vn 0.216129 0.895712 -0.388573 
vn 0.234172 0.876307 -0.421011 
vn 0.251803 0.855364 -0.452711 
vn 0.268993 0.832921 -0.483616 
vn 0.285712 0.809017 -0.513673 
vn 0.301929 0.783693 -0.542829 
vn 0.317616 0.756995 -0.571033 
vn 0.332746 0.728969 -0.598235 
vn 0.347292 0.699663 -0.624387 
vn 0.361229 0.669131 -0.649444 
vn 0.374532 0.637424 -0.673362 
vn 0.387179 0.604599 -0.696098 
vn 0.380805 0.535827 -0.753577 
vn 0.399146 0.570714 -0.717613 
vn 0.420959 0.5 -0.756831 
vn 0.0208379 0.999123 -0.0363229 
vn 0 1 0 
vn 0.0416393 0.996493 -0.072582 
vn 0.0623676 0.992115 -0.108714 
vn 0.0829865 0.985996 -0.144655 
vn 0.10346 0.978148 -0.180342 
vn 0.123752 0.968583 -0.215713 
vn 0.143826 0.957319 -0.250706 
vn 0.163649 0.944376 -0.285258 
vn 0.183184 0.929776 -0.319311 
vn 0.202398 0.913545 -0.352803 
vn 0.221257 0.895712 -0.385676 
vn 0.239728 0.876307 -0.417872 
vn 0.257778 0.855364 -0.449336 
vn 0.275376 0.832921 -0.480011 
vn 0.29249 0.809017 -0.509844 
vn 0.309092 0.783693 -0.538783 
vn 0.325152 0.756995 -0.566776 
vn 0.34064 0.728969 -0.593775 
vn 0.355532 0.699663 -0.619732 
vn 0.3698 0.669131 -0.644603 
vn 0.383418 0.637424 -0.668342 
vn 0.396365 0.604599 -0.690909 
vn 0.410412 0.535827 -0.737869 
vn 0.408616 0.570714 -0.712263 
vn 0.430947 0.5 -0.751189 
vn 0.0222559 0.999123 -0.0354718 
vn 0 1 0 
vn 0.0444727 0.996493 -0.0708813 
vn 0.0666115 0.992115 -0.106167 
vn 0.0886335 0.985996 -0.141265 
vn 0.1105 0.978148 -0.176117 
vn 0.132173 0.968583 -0.210659 
vn 0.153613 0.957319 -0.244831 
vn 0.174784 0.944376 -0.278574 
vn 0.195649 0.929776 -0.311829 
vn 0.21617 0.913545 -0.344536 
vn 0.236313 0.895712 -0.376639 
vn 0.25604 0.876307 -0.408081 
vn 0.275319 0.855364 -0.438807 
vn 0.294114 0.832921 -0.468764 
vn 0.312393 0.809017 -0.497898 
vn 0.330125 0.783693 -0.526158 
vn 0.347277 0.756995 -0.553496 
vn 0.36382 0.728969 -0.579862 
vn 0.379725 0.699663 -0.605211 
vn 0.394963 0.669131 -0.629499 
vn 0.409509 0.637424 -0.652682 
vn 0.423336 0.604599 -0.67472 
vn 0.42015 0.535827 -0.732369 
vn 0.43642 0.570714 -0.695574 
vn 0.460271 0.5 -0.733587 
vn 0.0236361 0.999123 -0.0345674 
vn 0 1 0 
vn 0.0472307 0.996493 -0.0690742 
vn 0.0707425 0.992115 -0.10346 
vn 0.0941301 0.985996 -0.137664 
vn 0.117353 0.978148 -0.171626 
vn 0.140369 0.968583 -0.205288 
vn 0.16314 0.957319 -0.238589 
vn 0.185624 0.944376 -0.271472 
vn 0.207782 0.929776 -0.303878 
vn 0.229576 0.913545 -0.335752 
vn 0.250968 0.895712 -0.367036 
vn 0.271919 0.876307 -0.397677 
vn 0.292393 0.855364 -0.42762 
vn 0.312354 0.832921 -0.456812 
vn 0.331767 0.809017 -0.485203 
vn 0.350598 0.783693 -0.512743 
vn 0.368814 0.756995 -0.539384 
vn 0.386382 0.728969 -0.565078 
vn 0.403274 0.699663 -0.589781 
vn 0.419457 0.669131 -0.613449 
vn 0.434905 0.637424 -0.636041 
vn 0.449589 0.604599 -0.657517 
vn 0.448739 0.535827 -0.715208 
vn 0.463485 0.570714 -0.67784 
vn 0.488815 0.5 -0.714884 
vn 0.0250868 0.999123 -0.0335294 
vn 0 1 0 
vn 0.0501296 0.996493 -0.067 
vn 0.0750845 0.992115 -0.100353 
vn 0.0999076 0.985996 -0.13353 
vn 0.124555 0.978148 -0.166473 
vn 0.148985 0.968583 -0.199124 
vn 0.173153 0.957319 -0.231425 
vn 0.197017 0.944376 -0.26332 
vn 0.220536 0.929776 -0.294754 
vn 0.243667 0.913545 -0.32567 
vn 0.266371 0.895712 -0.356015 
vn 0.288608 0.876307 -0.385735 
vn 0.310339 0.855364 -0.414779 
vn 0.331525 0.832921 -0.443095 
vn 0.35213 0.809017 -0.470634 
vn 0.372116 0.783693 -0.497347 
vn 0.39145 0.756995 -0.523187 
vn 0.410098 0.728969 -0.54811 
vn 0.428025 0.699663 -0.572071 
vn 0.445202 0.669131 -0.595029 
vn 0.461598 0.637424 -0.616942 
vn 0.477184 0.604599 -0.637774 
vn 0.476568 0.535827 -0.696974 
vn 0.491933 0.570714 -0.657486 
vn 0.518817 0.5 -0.693418 
vn 0.0264459 0.999123 -0.0324682 
vn 0 1 0 
vn 0.0528453 0.996493 -0.0648795 
vn 0.0791521 0.992115 -0.097177 
vn 0.10532 0.985996 -0.129304 
vn 0.131303 0.978148 -0.161204 
vn 0.157056 0.968583 -0.192821 
vn 0.182533 0.957319 -0.2241 
vn 0.20769 0.944376 -0.254986 
vn 0.232483 0.929776 -0.285425 
vn 0.256868 0.913545 -0.315363 
vn 0.280802 0.895712 -0.344747 
vn 0.304244 0.876307 -0.373527 
vn 0.327151 0.855364 -0.401652 
vn 0.349485 0.832921 -0.429071 
vn 0.371206 0.809017 -0.455739 
vn 0.392276 0.783693 -0.481606 
vn 0.412657 0.756995 -0.506629 
vn 0.432314 0.728969 -0.530763 
vn 0.451213 0.699663 -0.553965 
vn 0.469321 0.669131 -0.576196 
vn 0.486605 0.637424 -0.597416 
vn 0.503035 0.604599 -0.617588 
vn 0.505819 0.535827 -0.676045 
vn 0.518583 0.570714 -0.636677 
vn 0.546924 0.5 -0.671472 
vn 0.0277287 0.999123 -0.0313798 
vn 0 1 0 
vn 0.0554088 0.996493 -0.0627045 
vn 0.0829916 0.992115 -0.0939192 
vn 0.110429 0.985996 -0.124969 
vn 0.137672 0.978148 -0.1558 
vn 0.164674 0.968583 -0.186357 
vn 0.191387 0.957319 -0.216588 
vn 0.217765 0.944376 -0.246438 
vn 0.24376 0.929776 -0.275856 
vn 0.269328 0.913545 -0.30479 
vn 0.294423 0.895712 -0.33319 
vn 0.319002 0.876307 -0.361005 
vn 0.343021 0.855364 -0.388187 
vn 0.366438 0.832921 -0.414687 
vn 0.389212 0.809017 -0.44046 
vn 0.411304 0.783693 -0.465461 
vn 0.432674 0.756995 -0.489645 
vn 0.453285 0.728969 -0.512969 
vn 0.473101 0.699663 -0.535394 
vn 0.492086 0.669131 -0.55688 
vn 0.510209 0.637424 -0.577389 
vn 0.527436 0.604599 -0.596884 
vn 0.533221 0.535827 -0.654649 
vn 0.543738 0.570714 -0.615333 
vn 0.573454 0.5 -0.648961 
vn 0.0289476 0.999123 -0.030259 
vn 0 1 0 
vn 0.0578444 0.996493 -0.0604649 
vn 0.0866398 0.992115 -0.0905647 
vn 0.115283 0.985996 -0.120506 
vn 0.143724 0.978148 -0.150235 
vn 0.171913 0.968583 -0.179701 
vn 0.199801 0.957319 -0.208852 
vn 0.227337 0.944376 -0.237636 
vn 0.254475 0.929776 -0.266004 
vn 0.281167 0.913545 -0.293904 
vn 0.307365 0.895712 -0.32129 
vn 0.333024 0.876307 -0.348111 
vn 0.358099 0.855364 -0.374322 
vn 0.382546 0.832921 -0.399876 
vn 0.406322 0.809017 -0.424729 
vn 0.429384 0.783693 -0.448836 
vn 0.451694 0.756995 -0.472156 
vn 0.473211 0.728969 -0.494648 
vn 0.493897 0.699663 -0.516272 
vn 0.513718 0.669131 -0.53699 
vn 0.532637 0.637424 -0.556766 
vn 0.550622 0.604599 -0.575566 
vn 0.559087 0.535827 -0.632702 
vn 0.56764 0.570714 -0.593355 
vn 0.598662 0.5 -0.625782 
vn 0.0301125 0.999123 -0.0291 
vn 0 1 0 
vn 0.0601721 0.996493 -0.058149 
vn 0.0901262 0.992115 -0.0870959 
vn 0.119922 0.985996 -0.11589 
vn 0.149508 0.978148 -0.144481 
vn 0.178831 0.968583 -0.172818 
vn 0.207841 0.957319 -0.200852 
vn 0.236485 0.944376 -0.228534 
vn 0.264716 0.929776 -0.255815 
vn 0.292481 0.913545 -0.282647 
vn 0.319734 0.895712 -0.308983 
vn 0.346425 0.876307 -0.334778 
vn 0.372509 0.855364 -0.359985 
vn 0.39794 0.832921 -0.38456 
vn 0.422672 0.809017 -0.408461 
vn 0.446663 0.783693 -0.431645 
vn 0.46987 0.756995 -0.454071 
vn 0.492253 0.728969 -0.475702 
vn 0.513772 0.699663 -0.496497 
vn 0.53439 0.669131 -0.516422 
vn 0.55407 0.637424 -0.535441 
vn 0.572779 0.604599 -0.55352 
vn 0.583663 0.535827 -0.610104 
vn 0.590482 0.570714 -0.570629 
vn 0.622752 0.5 -0.601814 
vn 0 1 0 
vn 0.0312311 0.999123 -0.0278961 
vn 0.0624073 0.996493 -0.0557432 
vn 0.0934741 0.992115 -0.0834926 
vn 0.124377 0.985996 -0.111095 
vn 0.155062 0.978148 -0.138503 
vn 0.185474 0.968583 -0.165668 
vn 0.215561 0.957319 -0.192543 
vn 0.24527 0.944376 -0.219079 
vn 0.274549 0.929776 -0.245232 
vn 0.303346 0.913545 -0.270954 
vn 0.331611 0.895712 -0.2962 
vn 0.359294 0.876307 -0.320927 
vn 0.386347 0.855364 -0.345091 
vn 0.412722 0.832921 -0.36865 
vn 0.438373 0.809017 -0.391562 
vn 0.463255 0.783693 -0.413787 
vn 0.487324 0.756995 -0.435286 
vn 0.510539 0.728969 -0.456021 
vn 0.532857 0.699663 -0.475956 
vn 0.554241 0.669131 -0.495057 
vn 0.574652 0.637424 -0.513289 
vn 0.594056 0.604599 -0.53062 
vn 0.60715 0.535827 -0.586736 
vn 0.612417 0.570714 -0.54702 
vn 0.629704 0.535827 -0.562461 
vn 0 1 0 
vn 0.0313642 0.999123 -0.0277463 
vn 0.0626734 0.996493 -0.0554439 
vn 0.0938726 0.992115 -0.0830443 
vn 0.124907 0.985996 -0.110499 
vn 0.155723 0.978148 -0.13776 
vn 0.186265 0.968583 -0.164779 
vn 0.21648 0.957319 -0.191509 
vn 0.246316 0.944376 -0.217903 
vn 0.275719 0.929776 -0.243915 
vn 0.304639 0.913545 -0.269499 
vn 0.333025 0.895712 -0.29461 
vn 0.360826 0.876307 -0.319204 
vn 0.387994 0.855364 -0.343239 
vn 0.414481 0.832921 -0.366671 
vn 0.440242 0.809017 -0.38946 
vn 0.46523 0.783693 -0.411565 
vn 0.489402 0.756995 -0.432949 
vn 0.512715 0.728969 -0.453573 
vn 0.535129 0.699663 -0.473401 
vn 0.556604 0.669131 -0.492399 
vn 0.577102 0.637424 -0.510533 
vn 0.596588 0.604599 -0.527771 
vn 0.615028 0.570714 -0.544084 
vn 0.645886 0.5 -0.576915 
vn 0.632388 0.535827 -0.559442 
vn 0 1 0 
vn 0.0323454 0.999123 -0.026596 
vn 0.064634 0.996493 -0.0531454 
vn 0.0968092 0.992115 -0.0796015 
vn 0.128815 0.985996 -0.105918 
vn 0.160594 0.978148 -0.132049 
vn 0.192092 0.968583 -0.157948 
vn 0.223252 0.957319 -0.18357 
vn 0.254021 0.944376 -0.208869 
vn 0.284345 0.929776 -0.233803 
vn 0.314169 0.913545 -0.258326 
vn 0.343443 0.895712 -0.282396 
vn 0.372114 0.876307 -0.305971 
vn 0.400132 0.855364 -0.329009 
vn 0.427448 0.832921 -0.351469 
vn 0.454014 0.809017 -0.373313 
vn 0.479784 0.783693 -0.394503 
vn 0.504712 0.756995 -0.415 
vn 0.528754 0.728969 -0.434769 
vn 0.551869 0.699663 -0.453775 
vn 0.574016 0.669131 -0.471985 
vn 0.595156 0.637424 -0.489367 
vn 0.615251 0.604599 -0.505891 
vn 0.634268 0.570714 -0.521527 
vn 0.648639 0.5 -0.573818 
vn 0.652171 0.535827 -0.536248 
vn 0 1 0 
vn 0.0332774 0.999123 -0.0254202 
vn 0.0664963 0.996493 -0.0507959 
vn 0.0995987 0.992115 -0.0760824 
vn 0.132526 0.985996 -0.101235 
vn 0.165221 0.978148 -0.126211 
vn 0.197627 0.968583 -0.150965 
vn 0.229685 0.957319 -0.175454 
vn 0.261341 0.944376 -0.199635 
vn 0.292538 0.929776 -0.223467 
vn 0.323222 0.913545 -0.246906 
vn 0.353339 0.895712 -0.269912 
vn 0.382836 0.876307 -0.292444 
vn 0.411661 0.855364 -0.314463 
vn 0.439764 0.832921 -0.335931 
vn 0.467096 0.809017 -0.35681 
vn 0.493608 0.783693 -0.377062 
vn 0.519254 0.756995 -0.396653 
vn 0.54399 0.728969 -0.415548 
vn 0.567771 0.699663 -0.433714 
vn 0.590555 0.669131 -0.451119 
vn 0.612304 0.637424 -0.467733 
vn 0.632979 0.604599 -0.483526 
vn 0.652543 0.570714 -0.498471 
vn 0.668931 0.5 -0.550029 
vn 0.670963 0.535827 -0.512541 
vn 0 1 0 
vn 0.0341649 0.999123 -0.0242142 
vn 0.0682699 0.996493 -0.048386 
vn 0.102255 0.992115 -0.0724729 
vn 0.136061 0.985996 -0.0964326 
vn 0.169628 0.978148 -0.120223 
vn 0.202898 0.968583 -0.143803 
vn 0.235811 0.957319 -0.16713 
vn 0.268311 0.944376 -0.190164 
vn 0.30034 0.929776 -0.212865 
vn 0.331842 0.913545 -0.235192 
vn 0.362763 0.895712 -0.257107 
vn 0.393046 0.876307 -0.27857 
vn 0.42264 0.855364 -0.299545 
vn 0.451493 0.832921 -0.319994 
vn 0.479554 0.809017 -0.339882 
vn 0.506773 0.783693 -0.359174 
vn 0.533103 0.756995 -0.377835 
vn 0.558498 0.728969 -0.395834 
vn 0.582914 0.699663 -0.413138 
vn 0.606306 0.669131 -0.429717 
vn 0.628635 0.637424 -0.445543 
vn 0.649861 0.604599 -0.460587 
vn 0.669947 0.570714 -0.474823 
vn 0.688205 0.5 -0.525713 
vn 0.688858 0.535827 -0.488226 
vn 0 1 0 
vn 0.0350113 0.999123 -0.0229734 
vn 0.0699612 0.996493 -0.0459066 
vn 0.104788 0.992115 -0.0687591 
vn 0.139432 0.985996 -0.0914911 
vn 0.17383 0.978148 -0.114063 
vn 0.207924 0.968583 -0.136434 
vn 0.241653 0.957319 -0.158566 
vn 0.274958 0.944376 -0.18042 
vn 0.307781 0.929776 -0.201957 
vn 0.340064 0.913545 -0.22314 
vn 0.37175 0.895712 -0.243932 
vn 0.402784 0.876307 -0.264295 
vn 0.433111 0.855364 -0.284195 
vn 0.462678 0.832921 -0.303596 
vn 0.491434 0.809017 -0.322465 
vn 0.519328 0.783693 -0.340768 
vn 0.546311 0.756995 -0.358473 
vn 0.572335 0.728969 -0.37555 
vn 0.597355 0.699663 -0.391967 
vn 0.621327 0.669131 -0.407697 
vn 0.644209 0.637424 -0.422712 
vn 0.665961 0.604599 -0.436985 
vn 0.686545 0.570714 -0.450491 
vn 0.70656 0.5 -0.500772 
vn 0.705924 0.535827 -0.463207 
vn 0 1 0 
vn 0.0358187 0.999123 -0.0216931 
vn 0.0715745 0.996493 -0.0433482 
vn 0.107205 0.992115 -0.0649273 
vn 0.142647 0.985996 -0.0863924 
vn 0.177839 0.978148 -0.107706 
vn 0.212719 0.968583 -0.128831 
vn 0.247226 0.957319 -0.149729 
vn 0.281299 0.944376 -0.170365 
vn 0.314878 0.929776 -0.190702 
vn 0.347906 0.913545 -0.210705 
vn 0.380322 0.895712 -0.230338 
vn 0.412072 0.876307 -0.249566 
vn 0.443099 0.855364 -0.268357 
vn 0.473348 0.832921 -0.286677 
vn 0.502767 0.809017 -0.304495 
vn 0.531304 0.783693 -0.321778 
vn 0.558909 0.756995 -0.338496 
vn 0.585533 0.728969 -0.354621 
vn 0.61113 0.699663 -0.370123 
vn 0.635655 0.669131 -0.384977 
vn 0.659065 0.637424 -0.399154 
vn 0.681318 0.604599 -0.412632 
vn 0.702377 0.570714 -0.425386 
vn 0.724065 0.5 -0.475111 
vn 0.722203 0.535827 -0.437393 
vn 0 1 0 
vn 0.036588 0.999123 -0.0203688 
vn 0.0731119 0.996493 -0.0407018 
vn 0.109507 0.992115 -0.0609634 
vn 0.145711 0.985996 -0.0811181 
vn 0.181659 0.978148 -0.10113 
vn 0.217288 0.968583 -0.120965 
vn 0.252536 0.957319 -0.140588 
vn 0.287341 0.944376 -0.159964 
vn 0.321642 0.929776 -0.17906 
vn 0.355378 0.913545 -0.197841 
vn 0.388491 0.895712 -0.216275 
vn 0.420923 0.876307 -0.23433 
vn 0.452616 0.855364 -0.251974 
vn 0.483515 0.832921 -0.269176 
vn 0.513566 0.809017 -0.285905 
vn 0.542716 0.783693 -0.302133 
vn 0.570913 0.756995 -0.317831 
vn 0.598109 0.728969 -0.332971 
vn 0.624256 0.699663 -0.347527 
vn 0.649308 0.669131 -0.361474 
vn 0.673221 0.637424 -0.374786 
vn 0.695952 0.604599 -0.387441 
vn 0.717463 0.570714 -0.399416 
vn 0.740762 0.5 -0.448633 
vn 0.737715 0.535827 -0.41069 
vn 0 1 0 
vn 0.0373194 0.999123 -0.0189957 
vn 0.0745732 0.996493 -0.0379581 
vn 0.111696 0.992115 -0.0568538 
vn 0.148623 0.985996 -0.0756499 
vn 0.18529 0.978148 -0.0943132 
vn 0.221631 0.968583 -0.112811 
vn 0.257584 0.957319 -0.131111 
vn 0.293084 0.944376 -0.149181 
vn 0.328071 0.929776 -0.166989 
vn 0.362481 0.913545 -0.184504 
vn 0.396256 0.895712 -0.201696 
vn 0.429336 0.876307 -0.218534 
vn 0.461663 0.855364 -0.234988 
vn 0.49318 0.832921 -0.25103 
vn 0.523831 0.809017 -0.266632 
vn 0.553564 0.783693 -0.281766 
vn 0.582325 0.756995 -0.296406 
vn 0.610065 0.728969 -0.310525 
vn 0.636734 0.699663 -0.3241 
vn 0.662287 0.669131 -0.337106 
vn 0.686677 0.637424 -0.349521 
vn 0.709863 0.604599 -0.361323 
vn 0.731804 0.570714 -0.372491 
vn 0.756673 0.5 -0.421244 
vn 0.75246 0.535827 -0.383005 
vn 0 1 0 
vn 0.0380117 0.999123 -0.0175693 
vn 0.0759568 0.996493 -0.0351077 
vn 0.113769 0.992115 -0.0525845 
vn 0.151381 0.985996 -0.0699691 
vn 0.188727 0.978148 -0.087231 
vn 0.225743 0.968583 -0.10434 
vn 0.262362 0.957319 -0.121266 
vn 0.298522 0.944376 -0.137979 
vn 0.334157 0.929776 -0.15445 
vn 0.369206 0.913545 -0.17065 
vn 0.403608 0.895712 -0.18655 
vn 0.437302 0.876307 -0.202124 
vn 0.470228 0.855364 -0.217342 
vn 0.502329 0.832921 -0.23218 
vn 0.533549 0.809017 -0.24661 
vn 0.563834 0.783693 -0.260607 
vn 0.593129 0.756995 -0.274148 
vn 0.621383 0.728969 -0.287207 
vn 0.648547 0.699663 -0.299763 
vn 0.674574 0.669131 -0.311792 
vn 0.699417 0.637424 -0.323275 
vn 0.723033 0.604599 -0.33419 
vn 0.745381 0.570714 -0.34452 
vn 0.771797 0.5 -0.392848 
vn 0.766421 0.535827 -0.354244 
vn 0 1 0 
vn 0.0386633 0.999123 -0.0160849 
vn 0.0772587 0.996493 -0.0321415 
vn 0.115719 0.992115 -0.0481417 
vn 0.153975 0.985996 -0.0640575 
vn 0.191962 0.978148 -0.0798609 
vn 0.229612 0.968583 -0.0955242 
vn 0.266859 0.957319 -0.11102 
vn 0.303638 0.944376 -0.126321 
vn 0.339885 0.929776 -0.1414 
vn 0.375535 0.913545 -0.156232 
vn 0.410526 0.895712 -0.170789 
vn 0.444797 0.876307 -0.185046 
vn 0.478288 0.855364 -0.198979 
vn 0.510939 0.832921 -0.212563 
vn 0.542695 0.809017 -0.225774 
vn 0.573498 0.783693 -0.238589 
vn 0.603295 0.756995 -0.250985 
vn 0.632034 0.728969 -0.262941 
vn 0.659664 0.699663 -0.274436 
vn 0.686136 0.669131 -0.285449 
vn 0.711405 0.637424 -0.295962 
vn 0.735426 0.604599 -0.305955 
vn 0.758157 0.570714 -0.315412 
vn 0.786116 0.5 -0.363348 
vn 0.779557 0.535827 -0.324315 
vn 0 1 0 
vn 0.0390216 0.999123 -0.015195 
vn 0.0779747 0.996493 -0.0303634 
vn 0.116791 0.992115 -0.0454785 
vn 0.155402 0.985996 -0.0605138 
vn 0.193741 0.978148 -0.0754429 
vn 0.23174 0.968583 -0.0902397 
vn 0.269332 0.957319 -0.104878 
vn 0.306452 0.944376 -0.119333 
vn 0.343034 0.929776 -0.133578 
vn 0.379015 0.913545 -0.147589 
vn 0.41433 0.895712 -0.161341 
vn 0.448919 0.876307 -0.174809 
vn 0.48272 0.855364 -0.187972 
vn 0.515674 0.832921 -0.200804 
vn 0.547724 0.809017 -0.213284 
vn 0.578813 0.783693 -0.22539 
vn 0.608886 0.756995 -0.237101 
vn 0.637891 0.728969 -0.248395 
vn 0.665777 0.699663 -0.259254 
vn 0.692495 0.669131 -0.269658 
vn 0.717998 0.637424 -0.279589 
vn 0.742241 0.604599 -0.289029 
vn 0.765183 0.570714 -0.297963 
vn 0.79959 0.5 -0.332649 
vn 0.786781 0.535827 -0.306373 
vn 0 1 0 
vn 0.0395579 0.999123 -0.0137385 
vn 0.0790463 0.996493 -0.0274529 
vn 0.118396 0.992115 -0.0411191 
vn 0.157538 0.985996 -0.0547132 
vn 0.196404 0.978148 -0.0682114 
vn 0.234925 0.968583 -0.0815898 
vn 0.273034 0.957319 -0.0948251 
vn 0.310664 0.944376 -0.107894 
vn 0.347749 0.929776 -0.120774 
vn 0.384224 0.913545 -0.133442 
vn 0.420025 0.895712 -0.145875 
vn 0.455089 0.876307 -0.158053 
vn 0.489354 0.855364 -0.169954 
vn 0.522762 0.832921 -0.181556 
vn 0.555252 0.809017 -0.19284 
vn 0.586768 0.783693 -0.203785 
vn 0.617254 0.756995 -0.214373 
vn 0.646658 0.728969 -0.224585 
vn 0.674927 0.699663 -0.234403 
vn 0.702012 0.669131 -0.24381 
vn 0.727866 0.637424 -0.252789 
vn 0.752442 0.604599 -0.261324 
vn 0.775699 0.570714 -0.269401 
vn 0.807 0.5 -0.314246 
vn 0.797595 0.535827 -0.277006 
vn 0 1 0 
vn 0.0400506 0.999123 -0.0122278 
vn 0.0800309 0.996493 -0.0244342 
vn 0.119871 0.992115 -0.0365977 
vn 0.159501 0.985996 -0.048697 
vn 0.19885 0.978148 -0.0607108 
vn 0.237851 0.968583 -0.0726182 
vn 0.276435 0.957319 -0.0843981 
vn 0.314534 0.944376 -0.09603 
vn 0.352081 0.929776 -0.107493 
vn 0.38901 0.913545 -0.118768 
vn 0.425257 0.895712 -0.129835 
vn 0.460758 0.876307 -0.140673 
vn 0.49545 0.855364 -0.151265 
vn 0.529273 0.832921 -0.161592 
vn 0.562168 0.809017 -0.171635 
vn 0.594077 0.783693 -0.181377 
vn 0.624943 0.756995 -0.190801 
vn 0.654713 0.728969 -0.19989 
vn 0.683334 0.699663 -0.208628 
vn 0.710757 0.669131 -0.217 
vn 0.736932 0.637424 -0.224992 
vn 0.761815 0.604599 -0.232589 
vn 0.785361 0.570714 -0.239778 
vn 0.818091 0.5 -0.284124 
vn 0.80753 0.535827 -0.246546 
vn 0 1 0 
vn 0.0404973 0.999123 -0.0106556 
vn 0.0809235 0.996493 -0.0212926 
vn 0.121208 0.992115 -0.0318921 
vn 0.161279 0.985996 -0.0424358 
vn 0.201068 0.978148 -0.052905 
vn 0.240504 0.968583 -0.0632813 
vn 0.279518 0.957319 -0.0735467 
vn 0.318042 0.944376 -0.083683 
vn 0.356007 0.929776 -0.0936725 
vn 0.393348 0.913545 -0.103498 
vn 0.429999 0.895712 -0.113141 
vn 0.465896 0.876307 -0.122586 
vn 0.500975 0.855364 -0.131817 
vn 0.535176 0.832921 -0.140815 
vn 0.568437 0.809017 -0.149567 
vn 0.600702 0.783693 -0.158057 
vn 0.631912 0.756995 -0.166269 
vn 0.662014 0.728969 -0.174189 
vn 0.690955 0.699663 -0.181804 
vn 0.718683 0.669131 -0.1891 
vn 0.745151 0.637424 -0.196064 
vn 0.770311 0.604599 -0.202684 
vn 0.79412 0.570714 -0.208949 
vn 0.828282 0.5 -0.252882 
vn 0.816536 0.535827 -0.214847 
vn 0 1 0 
vn 0.0408945 0.999123 -0.00901169 
vn 0.0817172 0.996493 -0.0180076 
vn 0.122397 0.992115 -0.0269719 
vn 0.162861 0.985996 -0.0358888 
vn 0.20304 0.978148 -0.0447428 
vn 0.242863 0.968583 -0.0535184 
vn 0.28226 0.957319 -0.0622 
vn 0.321161 0.944376 -0.0707725 
vn 0.359499 0.929776 -0.0792208 
vn 0.397207 0.913545 -0.0875302 
vn 0.434217 0.895712 -0.095686 
vn 0.470466 0.876307 -0.103674 
vn 0.505889 0.855364 -0.11148 
vn 0.540425 0.832921 -0.119091 
vn 0.574013 0.809017 -0.126492 
vn 0.606594 0.783693 -0.133672 
vn 0.638111 0.756995 -0.140617 
vn 0.668508 0.728969 -0.147315 
vn 0.697732 0.699663 -0.153755 
vn 0.725733 0.669131 -0.159926 
vn 0.75246 0.637424 -0.165815 
vn 0.777867 0.604599 -0.171414 
vn 0.801909 0.570714 -0.176712 
vn 0.837519 0.5 -0.220368 
vn 0.824545 0.535827 -0.1817 
vn 0.0412287 0.999123 -0.00733269 
vn 0.082385 0.996493 -0.0146525 
vn 0.123397 0.992115 -0.0219466 
vn 0.164192 0.985996 -0.0292022 
vn 0.204699 0.978148 -0.0364066 
vn 0.244848 0.968583 -0.0435471 
vn 0.284566 0.957319 -0.0506113 
vn 0.323786 0.944376 -0.0575866 
vn 0.362437 0.929776 -0.0644609 
vn 0.400452 0.913545 -0.0712221 
vn 0.437765 0.895712 -0.0778584 
vn 0.47431 0.876307 -0.0843581 
vn 0.510023 0.855364 -0.0907098 
vn 0.544841 0.832921 -0.0969023 
vn 0.578704 0.809017 -0.102925 
vn 0.611551 0.783693 -0.108767 
vn 0.643325 0.756995 -0.114418 
vn 0.673971 0.728969 -0.119868 
vn 0.703434 0.699663 -0.125109 
vn 0.731663 0.669131 -0.130129 
vn 0.758608 0.637424 -0.134922 
vn 0.784223 0.604599 -0.139477 
vn 0.808462 0.570714 -0.143788 
vn 0.852645 0.5 -0.151646 
vn 0.845734 0.5 -0.18637 
vn 0.0414916 0.999123 -0.00565836 
vn 0 1 0 
vn 0.0829104 0.996493 -0.0113068 
vn 0.124184 0.992115 -0.0169354 
vn 0.165239 0.985996 -0.0225343 
vn 0.206005 0.978148 -0.0280936 
vn 0.246409 0.968583 -0.0336037 
vn 0.286381 0.957319 -0.0390548 
vn 0.325851 0.944376 -0.0444374 
vn 0.364748 0.929776 -0.0497421 
vn 0.403006 0.913545 -0.0549594 
vn 0.440557 0.895712 -0.0600804 
vn 0.477335 0.876307 -0.065096 
vn 0.513276 0.855364 -0.0699973 
vn 0.548316 0.832921 -0.0747759 
vn 0.582395 0.809017 -0.0794233 
vn 0.615451 0.783693 -0.0839313 
vn 0.647428 0.756995 -0.0882921 
vn 0.678269 0.728969 -0.092498 
vn 0.70792 0.699663 -0.0965416 
vn 0.736329 0.669131 -0.100416 
vn 0.763447 0.637424 -0.104114 
vn 0.789225 0.604599 -0.107629 
vn 0.831283 0.535827 -0.147847 
vn 0.813618 0.570714 -0.110956 
vn 0.858083 0.5 -0.11702 
vn 0.0416849 0.999123 -0.00399273 
vn 0 1 0 
vn 0.0832966 0.996493 -0.00797845 
vn 0.124762 0.992115 -0.0119502 
vn 0.166009 0.985996 -0.0159009 
vn 0.206964 0.978148 -0.0198238 
vn 0.247557 0.968583 -0.0237119 
vn 0.287715 0.957319 -0.0275584 
vn 0.327368 0.944376 -0.0313565 
vn 0.366447 0.929776 -0.0350997 
vn 0.404884 0.913545 -0.0387812 
vn 0.442609 0.895712 -0.0423947 
vn 0.479559 0.876307 -0.0459339 
vn 0.515667 0.855364 -0.0493925 
vn 0.55087 0.832921 -0.0527644 
vn 0.585107 0.809017 -0.0560437 
vn 0.618318 0.783693 -0.0592247 
vn 0.650444 0.756995 -0.0623019 
vn 0.681428 0.728969 -0.0652697 
vn 0.711218 0.699663 -0.068123 
vn 0.739759 0.669131 -0.0708568 
vn 0.767003 0.637424 -0.0734663 
vn 0.792901 0.604599 -0.0759469 
vn 0.836584 0.535827 -0.114088 
vn 0.817408 0.570714 -0.0782943 
vn 0.86208 0.5 -0.0825732 
vn 0.0418103 0.999123 -0.00233936 
vn 0 1 0 
vn 0.0835472 0.996493 -0.00467461 
vn 0.125138 0.992115 -0.00700166 
vn 0.166508 0.985996 -0.00931642 
vn 0.207587 0.978148 -0.0116148 
vn 0.248302 0.968583 -0.0138929 
vn 0.28858 0.957319 -0.0161466 
vn 0.328353 0.944376 -0.0183719 
vn 0.36755 0.929776 -0.020565 
vn 0.406101 0.913545 -0.0227221 
vn 0.443941 0.895712 -0.0248392 
vn 0.481001 0.876307 -0.0269128 
vn 0.517218 0.855364 -0.0289392 
vn 0.552527 0.832921 -0.0309149 
vn 0.586867 0.809017 -0.0328362 
vn 0.620178 0.783693 -0.0347 
vn 0.6524 0.756995 -0.0365029 
vn 0.683478 0.728969 -0.0382418 
vn 0.713357 0.699663 -0.0399135 
vn 0.741984 0.669131 -0.0415153 
vn 0.76931 0.637424 -0.0430442 
vn 0.795286 0.604599 -0.0444976 
vn 0.840481 0.535827 -0.0805044 
vn 0.819867 0.570714 -0.045873 
vn 0.864673 0.5 -0.0483799 
vn 0.0418601 0.999123 -0.0011414 
vn 0 1 0 
vn 0.0836468 0.996493 -0.00228079 
vn 0.125287 0.992115 -0.00341618 
vn 0.166707 0.985996 -0.00454558 
vn 0.207834 0.978148 -0.005667 
vn 0.248597 0.968583 -0.00677848 
vn 0.288924 0.957319 -0.00787807 
vn 0.328744 0.944376 -0.00896384 
vn 0.367988 0.929776 -0.0100339 
vn 0.406586 0.913545 -0.0110863 
vn 0.44447 0.895712 -0.0121193 
vn 0.481575 0.876307 -0.013131 
vn 0.517835 0.855364 -0.0141197 
vn 0.553186 0.832921 -0.0150837 
vn 0.587567 0.809017 -0.0160211 
vn 0.620917 0.783693 -0.0169305 
vn 0.653178 0.756995 -0.0178101 
vn 0.684293 0.728969 -0.0186585 
vn 0.714207 0.699663 -0.0194742 
vn 0.742869 0.669131 -0.0202557 
vn 0.770227 0.637424 -0.0210017 
vn 0.796234 0.604599 -0.0217108 
vn 0.843009 0.535827 -0.0471678 
vn 0.820844 0.570714 -0.0223819 
vn 0.865704 0.5 -0.0236051 
vn 0.0418726 0.999123 0.000507153 
vn 0 1 0 
vn 0.0836717 0.996493 0.00101342 
vn 0.125324 0.992115 0.0015179 
vn 0.166757 0.985996 0.00201972 
vn 0.207896 0.978148 0.002518 
vn 0.248672 0.968583 0.00301186 
vn 0.289011 0.957319 0.00350044 
vn 0.328843 0.944376 0.00398288 
vn 0.368098 0.929776 0.00445833 
vn 0.406707 0.913545 0.00492595 
vn 0.444603 0.895712 0.00538494 
vn 0.481718 0.876307 0.00583448 
vn 0.517989 0.855364 0.00627378 
vn 0.553351 0.832921 0.00670208 
vn 0.587742 0.809017 0.00711862 
vn 0.621102 0.783693 0.00752267 
vn 0.653373 0.756995 0.00791352 
vn 0.684497 0.728969 0.00829049 
vn 0.71442 0.699663 0.00865292 
vn 0.74309 0.669131 0.00900017 
vn 0.770457 0.637424 0.00933162 
vn 0.796472 0.604599 0.00964671 
vn 0.844014 0.535827 -0.0230137 
vn 0.821089 0.570714 0.00994487 
vn 0.865962 0.5 0.0104884 
vn 0.0418202 0.999123 0.00215426 
vn 0 1 0 
vn 0.083567 0.996493 0.00430474 
vn 0.125167 0.992115 0.00644767 
vn 0.166548 0.985996 0.00857929 
vn 0.207636 0.978148 0.0106959 
vn 0.248361 0.968583 0.0127937 
vn 0.288649 0.957319 0.014869 
vn 0.328431 0.944376 0.0169183 
vn 0.367637 0.929776 0.0189379 
vn 0.406198 0.913545 0.0209243 
vn 0.444046 0.895712 0.0228739 
vn 0.481116 0.876307 0.0247834 
vn 0.517341 0.855364 0.0266495 
vn 0.552659 0.832921 0.0284688 
vn 0.587007 0.809017 0.0302382 
vn 0.620325 0.783693 0.0319545 
vn 0.652555 0.756995 0.0336147 
vn 0.683641 0.728969 0.035216 
vn 0.713527 0.699663 0.0367555 
vn 0.742161 0.669131 0.0382305 
vn 0.769493 0.637424 0.0396385 
vn 0.795475 0.604599 0.0409769 
vn 0.844266 0.535827 0.0102256 
vn 0.820062 0.570714 0.0422434 
vn 0.864879 0.5 0.044552 
vn 0.0416891 0.999123 0.00394846 
vn 0 1 0 
vn 0.083305 0.996493 0.00789 
vn 0.124775 0.992115 0.0118177 
vn 0.166026 0.985996 0.0157247 
vn 0.206985 0.978148 0.019604 
vn 0.247582 0.968583 0.023449 
vn 0.287744 0.957319 0.0272529 
vn 0.327401 0.944376 0.0310089 
vn 0.366484 0.929776 0.0347105 
vn 0.404925 0.913545 0.0383513 
vn 0.442654 0.895712 0.0419247 
vn 0.479607 0.876307 0.0454246 
vn 0.515719 0.855364 0.0488449 
vn 0.550926 0.832921 0.0521794 
vn 0.585167 0.809017 0.0554224 
vn 0.61838 0.783693 0.0585681 
vn 0.650509 0.756995 0.0616112 
vn 0.681497 0.728969 0.0645461 
vn 0.71129 0.699663 0.0673678 
vn 0.739834 0.669131 0.0700713 
vn 0.76708 0.637424 0.0726518 
vn 0.792981 0.604599 0.075105 
vn 0.84321 0.535827 0.0434358 
vn 0.817491 0.570714 0.0774263 
vn 0.862167 0.5 0.0816577 
vn 0.0414868 0.999123 0.00569368 
vn 0 1 0 
vn 0.0829008 0.996493 0.0113774 
vn 0.124169 0.992115 0.0170411 
vn 0.16522 0.985996 0.0226749 
vn 0.205981 0.978148 0.028269 
vn 0.24638 0.968583 0.0338134 
vn 0.286348 0.957319 0.0392986 
vn 0.325813 0.944376 0.0447148 
vn 0.364706 0.929776 0.0500525 
vn 0.402959 0.913545 0.0553025 
vn 0.440506 0.895712 0.0604554 
vn 0.47728 0.876307 0.0655023 
vn 0.513216 0.855364 0.0704342 
vn 0.548252 0.832921 0.0752426 
vn 0.582327 0.809017 0.079919 
vn 0.615379 0.783693 0.0844551 
vn 0.647353 0.756995 0.0888432 
vn 0.67819 0.728969 0.0930753 
vn 0.707838 0.699663 0.0971442 
vn 0.736244 0.669131 0.101043 
vn 0.763358 0.637424 0.104764 
vn 0.789133 0.604599 0.108301 
vn 0.840566 0.535827 0.0796118 
vn 0.813524 0.570714 0.111649 
vn 0.857983 0.5 0.11775 
vn 0.0412184 0.999123 0.00738996 
vn 0 1 0 
vn 0.0823645 0.996493 0.014767 
vn 0.123366 0.992115 0.022118 
vn 0.164151 0.985996 0.0294303 
vn 0.204649 0.978148 0.036691 
vn 0.244787 0.968583 0.0438873 
vn 0.284496 0.957319 0.0510066 
vn 0.323705 0.944376 0.0580364 
vn 0.362347 0.929776 0.0649644 
vn 0.400353 0.913545 0.0717784 
vn 0.437657 0.895712 0.0784665 
vn 0.474193 0.876307 0.085017 
vn 0.509897 0.855364 0.0914183 
vn 0.544706 0.832921 0.0976592 
vn 0.57856 0.809017 0.103729 
vn 0.611399 0.783693 0.109616 
vn 0.643165 0.756995 0.115312 
vn 0.673803 0.728969 0.120805 
vn 0.703259 0.699663 0.126086 
vn 0.731481 0.669131 0.131146 
vn 0.75842 0.637424 0.135975 
vn 0.784029 0.604599 0.140567 
vn 0.836487 0.535827 0.1148 
vn 0.808262 0.570714 0.144911 
vn 0.852433 0.5 0.152831 
vn 0.0408887 0.999123 0.00903794 
vn 0 1 0 
vn 0.0817057 0.996493 0.01806 
vn 0.122379 0.992115 0.0270504 
vn 0.162838 0.985996 0.0359934 
vn 0.203011 0.978148 0.0448732 
vn 0.242829 0.968583 0.0536743 
vn 0.28222 0.957319 0.0623812 
vn 0.321116 0.944376 0.0709787 
vn 0.359448 0.929776 0.0794516 
vn 0.39715 0.913545 0.0877852 
vn 0.434156 0.895712 0.0959648 
vn 0.470399 0.876307 0.103976 
vn 0.505818 0.855364 0.111805 
vn 0.540349 0.832921 0.119437 
vn 0.573932 0.809017 0.126861 
vn 0.606508 0.783693 0.134061 
vn 0.63802 0.756995 0.141027 
vn 0.668413 0.728969 0.147745 
vn 0.697634 0.699663 0.154203 
vn 0.72563 0.669131 0.160392 
vn 0.752353 0.637424 0.166298 
vn 0.777757 0.604599 0.171914 
vn 0.831076 0.535827 0.149002 
vn 0.801796 0.570714 0.177227 
vn 0.845614 0.5 0.186913 
vn 0.0404673 0.999123 0.0107689 
vn 0 1 0 
vn 0.0808636 0.996493 0.0215188 
vn 0.121118 0.992115 0.032231 
vn 0.16116 0.985996 0.0428867 
vn 0.200919 0.978148 0.0534671 
vn 0.240326 0.968583 0.0639538 
vn 0.279311 0.957319 0.0743282 
vn 0.317806 0.944376 0.0845722 
vn 0.355744 0.929776 0.0946679 
vn 0.393057 0.913545 0.104597 
vn 0.429681 0.895712 0.114344 
vn 0.465551 0.876307 0.123889 
vn 0.500605 0.855364 0.133217 
vn 0.53478 0.832921 0.142312 
vn 0.568017 0.809017 0.151156 
vn 0.600257 0.783693 0.159736 
vn 0.631445 0.756995 0.168035 
vn 0.661525 0.728969 0.17604 
vn 0.690444 0.699663 0.183736 
vn 0.718151 0.669131 0.191109 
vn 0.744599 0.637424 0.198147 
vn 0.769741 0.604599 0.204838 
vn 0.824428 0.535827 0.18223 
vn 0.793532 0.570714 0.211169 
vn 0.836899 0.5 0.222709 
vn 0.040011 0.999123 0.0123567 
vn 0 1 0 
vn 0.0799519 0.996493 0.0246917 
vn 0.119752 0.992115 0.0369833 
vn 0.159343 0.985996 0.0492101 
vn 0.198654 0.978148 0.0613506 
vn 0.237616 0.968583 0.0733834 
vn 0.276162 0.957319 0.0852875 
vn 0.314223 0.944376 0.097042 
vn 0.351733 0.929776 0.108626 
vn 0.388626 0.913545 0.12002 
vn 0.424837 0.895712 0.131203 
vn 0.460302 0.876307 0.142156 
vn 0.494961 0.855364 0.152859 
vn 0.52875 0.832921 0.163295 
vn 0.561613 0.809017 0.173444 
vn 0.59349 0.783693 0.183288 
vn 0.624325 0.756995 0.192811 
vn 0.654066 0.728969 0.201996 
vn 0.682659 0.699663 0.210827 
vn 0.710054 0.669131 0.219287 
vn 0.736204 0.637424 0.227363 
vn 0.761062 0.604599 0.23504 
vn 0.815932 0.535827 0.21713 
vn 0.784586 0.570714 0.242305 
vn 0.827463 0.5 0.255547 
vn 0.0394931 0.999123 0.0139237 
vn 0 1 0 
vn 0.0789168 0.996493 0.0278229 
vn 0.118202 0.992115 0.0416733 
vn 0.15728 0.985996 0.0554507 
vn 0.196082 0.978148 0.0691307 
vn 0.23454 0.968583 0.0826895 
vn 0.272587 0.957319 0.0961032 
vn 0.310155 0.944376 0.109348 
vn 0.347179 0.929776 0.122402 
vn 0.383595 0.913545 0.13524 
vn 0.419337 0.895712 0.147841 
vn 0.454343 0.876307 0.160183 
vn 0.488553 0.855364 0.172244 
vn 0.521905 0.832921 0.184003 
vn 0.554342 0.809017 0.195439 
vn 0.585806 0.783693 0.206532 
vn 0.616243 0.756995 0.217263 
vn 0.645599 0.728969 0.227612 
vn 0.673821 0.699663 0.237562 
vn 0.700862 0.669131 0.247096 
vn 0.726673 0.637424 0.256196 
vn 0.75121 0.604599 0.264846 
vn 0.806732 0.535827 0.249144 
vn 0.774428 0.570714 0.273032 
vn 0.816751 0.5 0.287954 
vn 0.0389143 0.999123 0.0154676 
vn 0 1 0 
vn 0.0777603 0.996493 0.0309081 
vn 0.11647 0.992115 0.0462944 
vn 0.154975 0.985996 0.0615994 
vn 0.193209 0.978148 0.0767964 
vn 0.231103 0.968583 0.0918586 
vn 0.268592 0.957319 0.10676 
vn 0.30561 0.944376 0.121474 
vn 0.342092 0.929776 0.135974 
vn 0.377973 0.913545 0.150236 
vn 0.413192 0.895712 0.164235 
vn 0.447685 0.876307 0.177945 
vn 0.481393 0.855364 0.191344 
vn 0.514257 0.832921 0.204406 
vn 0.546218 0.809017 0.21711 
vn 0.577222 0.783693 0.229433 
vn 0.607212 0.756995 0.241354 
vn 0.636138 0.728969 0.252851 
vn 0.663947 0.699663 0.263905 
vn 0.690591 0.669131 0.274496 
vn 0.716024 0.637424 0.284605 
vn 0.740201 0.604599 0.294214 
vn 0.796288 0.535827 0.280739 
vn 0.763079 0.570714 0.303308 
vn 0.804782 0.5 0.319884 
vn 0.0382158 0.999123 0.0171208 
vn 0 1 0 
vn 0.0763646 0.996493 0.0342115 
vn 0.114379 0.992115 0.0512423 
vn 0.152194 0.985996 0.0681831 
vn 0.189741 0.978148 0.0850043 
vn 0.226955 0.968583 0.101676 
vn 0.263771 0.957319 0.11817 
vn 0.300124 0.944376 0.134457 
vn 0.335951 0.929776 0.150507 
vn 0.371189 0.913545 0.166294 
vn 0.405775 0.895712 0.181788 
vn 0.43965 0.876307 0.196964 
vn 0.472753 0.855364 0.211794 
vn 0.505026 0.832921 0.226253 
vn 0.536414 0.809017 0.240315 
vn 0.566861 0.783693 0.253955 
vn 0.596313 0.756995 0.26715 
vn 0.624719 0.728969 0.279876 
vn 0.652029 0.699663 0.292111 
vn 0.678196 0.669131 0.303833 
vn 0.703172 0.637424 0.315023 
vn 0.726915 0.604599 0.32566 
vn 0.784619 0.535827 0.31187 
vn 0.749383 0.570714 0.335725 
vn 0.790337 0.5 0.354073 
vn 0.0374689 0.999123 0.0186989 
vn 0 1 0 
vn 0.0748721 0.996493 0.037365 
vn 0.112144 0.992115 0.0559656 
vn 0.149219 0.985996 0.074468 
vn 0.186032 0.978148 0.0928397 
vn 0.222519 0.968583 0.111049 
vn 0.258616 0.957319 0.129063 
vn 0.294259 0.944376 0.14685 
vn 0.329386 0.929776 0.16438 
vn 0.363934 0.913545 0.181622 
vn 0.397845 0.895712 0.198545 
vn 0.431057 0.876307 0.21512 
vn 0.463513 0.855364 0.231317 
vn 0.495156 0.832921 0.247108 
vn 0.525931 0.809017 0.262466 
vn 0.555782 0.783693 0.277364 
vn 0.584659 0.756995 0.291775 
vn 0.61251 0.728969 0.305674 
vn 0.639286 0.699663 0.319037 
vn 0.664941 0.669131 0.33184 
vn 0.689429 0.637424 0.344061 
vn 0.712708 0.604599 0.355678 
vn 0.770536 0.535827 0.345202 
vn 0.734737 0.570714 0.366671 
vn 0.774891 0.5 0.38671 
vn 0.0366767 0.999123 0.0202087 
vn 0 1 0 
vn 0.0732891 0.996493 0.0403819 
vn 0.109773 0.992115 0.0604842 
vn 0.146064 0.985996 0.0804805 
vn 0.182099 0.978148 0.100336 
vn 0.217814 0.968583 0.120015 
vn 0.253148 0.957319 0.139483 
vn 0.288037 0.944376 0.158707 
vn 0.322421 0.929776 0.177652 
vn 0.356239 0.913545 0.196286 
vn 0.389433 0.895712 0.214575 
vn 0.421943 0.876307 0.232488 
vn 0.453713 0.855364 0.249993 
vn 0.484687 0.832921 0.26706 
vn 0.51481 0.809017 0.283658 
vn 0.544031 0.783693 0.299758 
vn 0.572297 0.756995 0.315333 
vn 0.599559 0.728969 0.330354 
vn 0.625769 0.699663 0.344796 
vn 0.650882 0.669131 0.358632 
vn 0.674852 0.637424 0.37184 
vn 0.697639 0.604599 0.384395 
vn 0.755476 0.535827 0.377021 
vn 0.719202 0.570714 0.396276 
vn 0.758506 0.5 0.417933 
vn 0.035841 0.999123 0.0216563 
vn 0 1 0 
vn 0.0716191 0.996493 0.0432745 
vn 0.107272 0.992115 0.0648169 
vn 0.142736 0.985996 0.0862455 
vn 0.17795 0.978148 0.107523 
vn 0.212851 0.968583 0.128612 
vn 0.24738 0.957319 0.149475 
vn 0.281474 0.944376 0.170076 
vn 0.315074 0.929776 0.190378 
vn 0.348122 0.913545 0.210347 
vn 0.380559 0.895712 0.229946 
vn 0.412329 0.876307 0.249142 
vn 0.443375 0.855364 0.267901 
vn 0.473643 0.832921 0.28619 
vn 0.50308 0.809017 0.303977 
vn 0.531635 0.783693 0.321231 
vn 0.559257 0.756995 0.337921 
vn 0.585898 0.728969 0.354018 
vn 0.611511 0.699663 0.369494 
vn 0.636051 0.669131 0.384322 
vn 0.659475 0.637424 0.398476 
vn 0.681743 0.604599 0.411931 
vn 0.739503 0.535827 0.407462 
vn 0.702814 0.570714 0.424663 
vn 0.741223 0.5 0.447871 
vn 0.034919 0.999123 0.0231134 
vn 0 1 0 
vn 0.0697768 0.996493 0.0461863 
vn 0.104512 0.992115 0.0691782 
vn 0.139064 0.985996 0.0920486 
vn 0.173372 0.978148 0.114758 
vn 0.207376 0.968583 0.137265 
vn 0.241016 0.957319 0.159532 
vn 0.274234 0.944376 0.181519 
vn 0.30697 0.929776 0.203188 
vn 0.339167 0.913545 0.2245 
vn 0.37077 0.895712 0.245418 
vn 0.401722 0.876307 0.265906 
vn 0.43197 0.855364 0.285927 
vn 0.461459 0.832921 0.305447 
vn 0.490139 0.809017 0.32443 
vn 0.517959 0.783693 0.342845 
vn 0.544871 0.756995 0.360658 
vn 0.570827 0.728969 0.377838 
vn 0.595781 0.699663 0.394356 
vn 0.61969 0.669131 0.410182 
vn 0.642511 0.637424 0.425288 
vn 0.664206 0.604599 0.439648 
vn 0.722653 0.535827 0.43665 
vn 0.684736 0.570714 0.453236 
vn 0.722157 0.5 0.478006 
vn 0.0339091 0.999123 0.0245712 
vn 0 1 0 
vn 0.0677587 0.996493 0.0490993 
vn 0.101489 0.992115 0.0735412 
vn 0.135042 0.985996 0.0978541 
vn 0.168358 0.978148 0.121995 
vn 0.201378 0.968583 0.145923 
vn 0.234046 0.957319 0.169594 
vn 0.266302 0.944376 0.192968 
vn 0.298091 0.929776 0.216003 
vn 0.329358 0.913545 0.238659 
vn 0.360046 0.895712 0.260896 
vn 0.390103 0.876307 0.282676 
vn 0.419476 0.855364 0.30396 
vn 0.448113 0.832921 0.324711 
vn 0.475963 0.809017 0.344892 
vn 0.502979 0.783693 0.364468 
vn 0.529112 0.756995 0.383405 
vn 0.554317 0.728969 0.401668 
vn 0.578549 0.699663 0.419228 
vn 0.601767 0.669131 0.436052 
vn 0.623929 0.637424 0.45211 
vn 0.644996 0.604599 0.467376 
vn 0.704064 0.535827 0.46603 
vn 0.664931 0.570714 0.481822 
vn 0.70127 0.5 0.508154 
vn 0.0328668 0.999123 0.0259489 
vn 0 1 0 
vn 0.0656759 0.996493 0.0518523 
vn 0.0983697 0.992115 0.0776648 
vn 0.130891 0.985996 0.103341 
vn 0.163183 0.978148 0.128836 
vn 0.195188 0.968583 0.154105 
vn 0.226851 0.957319 0.179103 
vn 0.258116 0.944376 0.203788 
vn 0.288928 0.929776 0.228114 
vn 0.319234 0.913545 0.252041 
vn 0.348979 0.895712 0.275525 
vn 0.378112 0.876307 0.298526 
vn 0.406582 0.855364 0.321004 
vn 0.434338 0.832921 0.342918 
vn 0.461332 0.809017 0.364231 
vn 0.487517 0.783693 0.384904 
vn 0.512847 0.756995 0.404903 
vn 0.537277 0.728969 0.424191 
vn 0.560765 0.699663 0.442735 
vn 0.583269 0.669131 0.460502 
vn 0.604749 0.637424 0.477461 
vn 0.625169 0.604599 0.493583 
vn 0.683701 0.535827 0.495422 
vn 0.644492 0.570714 0.508838 
vn 0.679713 0.5 0.536647 
vn 0.0317914 0.999123 0.0272558 
vn 0 1 0 
vn 0.063527 0.996493 0.0544637 
vn 0.0951512 0.992115 0.0815761 
vn 0.126608 0.985996 0.108545 
vn 0.157844 0.978148 0.135324 
vn 0.188802 0.968583 0.161866 
vn 0.219429 0.957319 0.188123 
vn 0.249671 0.944376 0.214051 
vn 0.279475 0.929776 0.239603 
vn 0.308789 0.913545 0.264734 
vn 0.337561 0.895712 0.289402 
vn 0.365741 0.876307 0.313561 
vn 0.393279 0.855364 0.33717 
vn 0.420127 0.832921 0.360188 
vn 0.446238 0.809017 0.382574 
vn 0.471567 0.783693 0.404289 
vn 0.496068 0.756995 0.425295 
vn 0.519698 0.728969 0.445554 
vn 0.542417 0.699663 0.465032 
vn 0.564185 0.669131 0.483694 
vn 0.584963 0.637424 0.501507 
vn 0.604714 0.604599 0.518441 
vn 0.662684 0.535827 0.523201 
vn 0.623405 0.570714 0.534465 
vn 0.657474 0.5 0.563673 
vn 0.0306815 0.999123 0.0284994 
vn 0 1 0 
vn 0.0613092 0.996493 0.0569488 
vn 0.0918293 0.992115 0.0852983 
vn 0.122188 0.985996 0.113498 
vn 0.152333 0.978148 0.141499 
vn 0.18221 0.968583 0.169251 
vn 0.211768 0.957319 0.196707 
vn 0.240954 0.944376 0.223817 
vn 0.269718 0.929776 0.250535 
vn 0.298008 0.913545 0.276814 
vn 0.325776 0.895712 0.302606 
vn 0.352972 0.876307 0.327868 
vn 0.379549 0.855364 0.352555 
vn 0.40546 0.832921 0.376623 
vn 0.430659 0.809017 0.40003 
vn 0.455103 0.783693 0.422736 
vn 0.478749 0.756995 0.4447 
vn 0.501555 0.728969 0.465884 
vn 0.523481 0.699663 0.48625 
vn 0.544488 0.669131 0.505764 
vn 0.56454 0.637424 0.52439 
vn 0.583602 0.604599 0.542096 
vn 0.641002 0.535827 0.549551 
vn 0.60164 0.570714 0.558851 
vn 0.63452 0.5 0.589393 
vn 0.0295347 0.999123 0.0296862 
vn 0 1 0 
vn 0.0590176 0.996493 0.0593203 
vn 0.088397 0.992115 0.0888504 
vn 0.117621 0.985996 0.118225 
vn 0.146639 0.978148 0.147391 
vn 0.1754 0.968583 0.1763 
vn 0.203853 0.957319 0.204898 
vn 0.231948 0.944376 0.233138 
vn 0.259637 0.929776 0.260968 
vn 0.28687 0.913545 0.288341 
vn 0.313599 0.895712 0.315208 
vn 0.339779 0.876307 0.341522 
vn 0.365362 0.855364 0.367236 
vn 0.390305 0.832921 0.392307 
vn 0.414562 0.809017 0.416689 
vn 0.438093 0.783693 0.44034 
vn 0.460855 0.756995 0.463219 
vn 0.482808 0.728969 0.485285 
vn 0.503914 0.699663 0.506499 
vn 0.524137 0.669131 0.526825 
vn 0.54344 0.637424 0.546227 
vn 0.561789 0.604599 0.564671 
vn 0.618623 0.535827 0.574626 
vn 0.579153 0.570714 0.582124 
vn 0.610804 0.5 0.613937 
vn 0.028348 0.999123 0.0308214 
vn 0 1 0 
vn 0.0566463 0.996493 0.0615888 
vn 0.0848451 0.992115 0.0922482 
vn 0.112895 0.985996 0.122746 
vn 0.140747 0.978148 0.153028 
vn 0.168352 0.968583 0.183042 
vn 0.195662 0.957319 0.212734 
vn 0.222628 0.944376 0.242053 
vn 0.249204 0.929776 0.270948 
vn 0.275343 0.913545 0.299368 
vn 0.300999 0.895712 0.327262 
vn 0.326126 0.876307 0.354582 
vn 0.350682 0.855364 0.38128 
vn 0.374622 0.832921 0.407309 
vn 0.397905 0.809017 0.432624 
vn 0.42049 0.783693 0.457179 
vn 0.442337 0.756995 0.480933 
vn 0.463409 0.728969 0.503842 
vn 0.483667 0.699663 0.525868 
vn 0.503077 0.669131 0.546972 
vn 0.521604 0.637424 0.567116 
vn 0.539216 0.604599 0.586264 
vn 0.595501 0.535827 0.598555 
vn 0.555882 0.570714 0.604385 
vn 0.586261 0.5 0.637415 
vn 0 1 0 
vn 0.0271176 0.999123 0.0319094 
vn 0.0541876 0.996493 0.0637627 
vn 0.0811626 0.992115 0.0955042 
vn 0.107995 0.985996 0.127078 
vn 0.134638 0.978148 0.158429 
vn 0.161045 0.968583 0.189502 
vn 0.18717 0.957319 0.220243 
vn 0.212966 0.944376 0.250597 
vn 0.238388 0.929776 0.280512 
vn 0.263392 0.913545 0.309934 
vn 0.287934 0.895712 0.338813 
vn 0.311971 0.876307 0.367097 
vn 0.335461 0.855364 0.394738 
vn 0.358362 0.832921 0.421686 
vn 0.380635 0.809017 0.447894 
vn 0.402239 0.783693 0.473316 
vn 0.423138 0.756995 0.497908 
vn 0.443295 0.728969 0.521627 
vn 0.462674 0.699663 0.54443 
vn 0.481241 0.669131 0.566278 
vn 0.498964 0.637424 0.587133 
vn 0.515812 0.604599 0.606958 
vn 0.571573 0.535827 0.621445 
vn 0.531755 0.570714 0.625718 
vn 0.546765 0.535827 0.64338 
vn 0 1 0 
vn 0.0266865 0.999123 0.0322708 
vn 0.0533261 0.996493 0.0644849 
vn 0.0798722 0.992115 0.096586 
vn 0.106278 0.985996 0.128518 
vn 0.132498 0.978148 0.160224 
vn 0.158485 0.968583 0.191649 
vn 0.184194 0.957319 0.222738 
vn 0.20958 0.944376 0.253436 
vn 0.234598 0.929776 0.283689 
vn 0.259205 0.913545 0.313445 
vn 0.283357 0.895712 0.342651 
vn 0.307011 0.876307 0.371255 
vn 0.330128 0.855364 0.399209 
vn 0.352665 0.832921 0.426462 
vn 0.374583 0.809017 0.452967 
vn 0.395844 0.783693 0.478677 
vn 0.416411 0.756995 0.503548 
vn 0.436247 0.728969 0.527535 
vn 0.455318 0.699663 0.550596 
vn 0.47359 0.669131 0.572692 
vn 0.491032 0.637424 0.593783 
vn 0.507612 0.604599 0.613833 
vn 0.523301 0.570714 0.632805 
vn 0.560816 0.5 0.659913 
vn 0.538072 0.535827 0.650667 
vn 0.0253917 0.999123 0.0332992 
vn 0.0507388 0.996493 0.0665399 
vn 0.0759969 0.992115 0.0996639 
vn 0.101122 0.985996 0.132613 
vn 0.126069 0.978148 0.16533 
vn 0.150795 0.968583 0.197756 
vn 0.175257 0.957319 0.229836 
vn 0.199411 0.944376 0.261512 
vn 0.223215 0.929776 0.292729 
vn 0.246628 0.913545 0.323433 
vn 0.269608 0.895712 0.35357 
vn 0.292115 0.876307 0.383086 
vn 0.31411 0.855364 0.411931 
vn 0.335554 0.832921 0.440052 
vn 0.356409 0.809017 0.467402 
vn 0.376638 0.783693 0.493931 
vn 0.396207 0.756995 0.519594 
vn 0.415081 0.728969 0.544346 
vn 0.433227 0.699663 0.568142 
vn 0.450612 0.669131 0.590942 
vn 0.467207 0.637424 0.612705 
vn 0.482983 0.604599 0.633394 
vn 0.497911 0.570714 0.652971 
vn 0.525122 0.5 0.688656 
vn 0.5519 0.5 0.667388 
vn 0 1 0 
vn 0.0240741 0.999123 0.0342638 
vn 0.0481059 0.996493 0.0684675 
vn 0.0720534 0.992115 0.102551 
vn 0.0958744 0.985996 0.136455 
vn 0.119527 0.978148 0.170119 
vn 0.14297 0.968583 0.203485 
vn 0.166163 0.957319 0.236494 
vn 0.189064 0.944376 0.269088 
vn 0.211633 0.929776 0.30121 
vn 0.233831 0.913545 0.332803 
vn 0.255618 0.895712 0.363813 
vn 0.276957 0.876307 0.394184 
vn 0.297811 0.855364 0.423864 
vn 0.318142 0.832921 0.4528 
vn 0.337914 0.809017 0.480942 
vn 0.357094 0.783693 0.50824 
vn 0.375648 0.756995 0.534647 
vn 0.393542 0.728969 0.560115 
vn 0.410746 0.699663 0.584601 
vn 0.42723 0.669131 0.608062 
vn 0.442964 0.637424 0.630455 
vn 0.457921 0.604599 0.651743 
vn 0.511965 0.535827 0.671402 
vn 0.472074 0.570714 0.671887 
vn 0.485399 0.535827 0.690852 
vn 0 1 0 
vn 0.0227317 0.999123 0.0351687 
vn 0.0454235 0.996493 0.0702758 
vn 0.0680357 0.992115 0.10526 
vn 0.0905285 0.985996 0.140059 
vn 0.112862 0.978148 0.174612 
vn 0.134998 0.968583 0.208859 
vn 0.156898 0.957319 0.24274 
vn 0.178521 0.944376 0.276194 
vn 0.199832 0.929776 0.309165 
vn 0.220792 0.913545 0.341593 
vn 0.241365 0.895712 0.373421 
vn 0.261514 0.876307 0.404595 
vn 0.281205 0.855364 0.435058 
vn 0.300402 0.832921 0.464759 
vn 0.319072 0.809017 0.493644 
vn 0.337183 0.783693 0.521663 
vn 0.354702 0.756995 0.548767 
vn 0.371598 0.728969 0.574908 
vn 0.387843 0.699663 0.600041 
vn 0.403407 0.669131 0.624121 
vn 0.418264 0.637424 0.647106 
vn 0.432387 0.604599 0.668956 
vn 0.445751 0.570714 0.689632 
vn 0.497873 0.5 0.708606 
vn 0.458333 0.535827 0.709098 
vn 0 1 0 
vn 0.0213623 0.999123 0.0360169 
vn 0.0426872 0.996493 0.0719707 
vn 0.0639372 0.992115 0.107798 
vn 0.085075 0.985996 0.143437 
vn 0.106064 0.978148 0.178823 
vn 0.126866 0.968583 0.213896 
vn 0.147446 0.957319 0.248594 
vn 0.167767 0.944376 0.282856 
vn 0.187794 0.929776 0.316621 
vn 0.207492 0.913545 0.349831 
vn 0.226825 0.895712 0.382428 
vn 0.245761 0.876307 0.414353 
vn 0.264265 0.855364 0.445551 
vn 0.282306 0.832921 0.475968 
vn 0.299851 0.809017 0.50555 
vn 0.316871 0.783693 0.534245 
vn 0.333334 0.756995 0.562002 
vn 0.349213 0.728969 0.588774 
vn 0.364479 0.699663 0.614513 
vn 0.379106 0.669131 0.639174 
vn 0.393068 0.637424 0.662713 
vn 0.40634 0.604599 0.68509 
vn 0.418899 0.570714 0.706265 
vn 0.470112 0.5 0.72732 
vn 0.430723 0.535827 0.7262 
vn 0 1 0 
vn 0.0199636 0.999123 0.0368106 
vn 0.0398922 0.996493 0.0735567 
vn 0.0597509 0.992115 0.110174 
vn 0.0795047 0.985996 0.146597 
vn 0.099119 0.978148 0.182764 
vn 0.118559 0.968583 0.21861 
vn 0.137792 0.957319 0.254072 
vn 0.156783 0.944376 0.289089 
vn 0.175498 0.929776 0.323599 
vn 0.193906 0.913545 0.35754 
vn 0.211974 0.895712 0.390855 
vn 0.229669 0.876307 0.423484 
vn 0.246962 0.855364 0.45537 
vn 0.263822 0.832921 0.486457 
vn 0.280218 0.809017 0.516691 
vn 0.296124 0.783693 0.546018 
vn 0.311509 0.756995 0.574387 
vn 0.326348 0.728969 0.601749 
vn 0.340615 0.699663 0.628055 
vn 0.354284 0.669131 0.653259 
vn 0.367331 0.637424 0.677317 
vn 0.379734 0.604599 0.700187 
vn 0.391471 0.570714 0.721828 
vn 0.441792 0.5 0.744862 
vn 0.402522 0.535827 0.742204 
vn 0 1 0 
vn 0.0185331 0.999123 0.0375512 
vn 0.0370337 0.996493 0.0750366 
vn 0.0554693 0.992115 0.11239 
vn 0.0738075 0.985996 0.149547 
vn 0.0920163 0.978148 0.186441 
vn 0.110064 0.968583 0.223008 
vn 0.127918 0.957319 0.259184 
vn 0.145548 0.944376 0.294905 
vn 0.162922 0.929776 0.330109 
vn 0.180011 0.913545 0.364734 
vn 0.196784 0.895712 0.398719 
vn 0.213212 0.876307 0.432004 
vn 0.229265 0.855364 0.464531 
vn 0.244917 0.832921 0.496244 
vn 0.260139 0.809017 0.527086 
vn 0.274904 0.783693 0.557003 
vn 0.289187 0.756995 0.585943 
vn 0.302963 0.728969 0.613855 
vn 0.316207 0.699663 0.64069 
vn 0.328897 0.669131 0.666402 
vn 0.341009 0.637424 0.690944 
vn 0.352524 0.604599 0.714274 
vn 0.363419 0.570714 0.736351 
vn 0.412865 0.5 0.761277 
vn 0.373678 0.535827 0.757136 
vn 0 1 0 
vn 0.0170681 0.999123 0.0382394 
vn 0.0341063 0.996493 0.0764117 
vn 0.0510846 0.992115 0.11445 
vn 0.0679734 0.985996 0.152287 
vn 0.0847428 0.978148 0.189858 
vn 0.101364 0.968583 0.227095 
vn 0.117807 0.957319 0.263934 
vn 0.134043 0.944376 0.300309 
vn 0.150044 0.929776 0.336158 
vn 0.165782 0.913545 0.371418 
vn 0.181229 0.895712 0.406025 
vn 0.196358 0.876307 0.43992 
vn 0.211143 0.855364 0.473044 
vn 0.225557 0.832921 0.505338 
vn 0.239576 0.809017 0.536745 
vn 0.253174 0.783693 0.56721 
vn 0.266328 0.756995 0.596681 
vn 0.279015 0.728969 0.625104 
vn 0.291212 0.699663 0.652431 
vn 0.302899 0.669131 0.678614 
vn 0.314054 0.637424 0.703606 
vn 0.324658 0.604599 0.727363 
vn 0.334693 0.570714 0.749845 
vn 0.38328 0.5 0.776593 
vn 0.34414 0.535827 0.771011 
vn 0 1 0 
vn 0.0155661 0.999123 0.038875 
vn 0.0311049 0.996493 0.0776818 
vn 0.0465891 0.992115 0.116352 
vn 0.0619916 0.985996 0.154819 
vn 0.0772854 0.978148 0.193014 
vn 0.0924435 0.968583 0.23087 
vn 0.10744 0.957319 0.268321 
vn 0.122247 0.944376 0.305301 
vn 0.13684 0.929776 0.341746 
vn 0.151193 0.913545 0.377592 
vn 0.165281 0.895712 0.412774 
vn 0.179078 0.876307 0.447233 
vn 0.192562 0.855364 0.480907 
vn 0.205708 0.832921 0.513738 
vn 0.218493 0.809017 0.545667 
vn 0.230894 0.783693 0.576639 
vn 0.242891 0.756995 0.606599 
vn 0.254461 0.728969 0.635495 
vn 0.265585 0.699663 0.663276 
vn 0.276243 0.669131 0.689894 
vn 0.286417 0.637424 0.715301 
vn 0.296088 0.604599 0.739454 
vn 0.305239 0.570714 0.762309 
vn 0.352984 0.5 0.790824 
vn 0.313855 0.535827 0.783827 
vn 0 1 0 
vn 0.0143401 0.999123 0.0393438 
vn 0.028655 0.996493 0.0786185 
vn 0.0429196 0.992115 0.117755 
vn 0.057109 0.985996 0.156686 
vn 0.0711982 0.978148 0.195341 
vn 0.0851624 0.968583 0.233654 
vn 0.0989773 0.957319 0.271556 
vn 0.112618 0.944376 0.308983 
vn 0.126062 0.929776 0.345867 
vn 0.139285 0.913545 0.382145 
vn 0.152263 0.895712 0.417752 
vn 0.164974 0.876307 0.452626 
vn 0.177395 0.855364 0.486706 
vn 0.189506 0.832921 0.519932 
vn 0.201284 0.809017 0.552247 
vn 0.212708 0.783693 0.583592 
vn 0.22376 0.756995 0.613914 
vn 0.234419 0.728969 0.643158 
vn 0.244667 0.699663 0.671274 
vn 0.254486 0.669131 0.698213 
vn 0.263858 0.637424 0.723927 
vn 0.272767 0.604599 0.74837 
vn 0.281198 0.570714 0.771501 
vn 0.321921 0.5 0.80397 
vn 0.289135 0.535827 0.793278 
vn 0 1 0 
vn 0.0128596 0.999123 0.0398522 
vn 0.0256966 0.996493 0.0796346 
vn 0.0384886 0.992115 0.119277 
vn 0.051213 0.985996 0.158711 
vn 0.0638476 0.978148 0.197866 
vn 0.0763701 0.968583 0.236673 
vn 0.0887587 0.957319 0.275066 
vn 0.100992 0.944376 0.312976 
vn 0.113047 0.929776 0.350337 
vn 0.124905 0.913545 0.387083 
vn 0.136543 0.895712 0.423151 
vn 0.147942 0.876307 0.458476 
vn 0.159081 0.855364 0.492996 
vn 0.169941 0.832921 0.526652 
vn 0.180503 0.809017 0.559384 
vn 0.190748 0.783693 0.591134 
vn 0.200659 0.756995 0.621848 
vn 0.210217 0.728969 0.65147 
vn 0.219407 0.699663 0.67995 
vn 0.228212 0.669131 0.707236 
vn 0.236617 0.637424 0.733282 
vn 0.244606 0.604599 0.758042 
vn 0.252167 0.570714 0.781472 
vn 0.296565 0.5 0.813664 
vn 0.259285 0.535827 0.80353 
vn 0 1 0 
vn 0.0113626 0.999123 0.0403046 
vn 0.0227053 0.996493 0.0805385 
vn 0.0340082 0.992115 0.120631 
vn 0.0452514 0.985996 0.160512 
vn 0.0564152 0.978148 0.200111 
vn 0.06748 0.968583 0.23936 
vn 0.0784265 0.957319 0.278188 
vn 0.0892354 0.944376 0.316529 
vn 0.0998877 0.929776 0.354314 
vn 0.110365 0.913545 0.391477 
vn 0.120648 0.895712 0.427954 
vn 0.13072 0.876307 0.46368 
vn 0.140563 0.855364 0.498592 
vn 0.150158 0.832921 0.53263 
vn 0.159491 0.809017 0.565733 
vn 0.168544 0.783693 0.597844 
vn 0.177301 0.756995 0.628906 
vn 0.185746 0.728969 0.658865 
vn 0.193867 0.699663 0.687668 
vn 0.201647 0.669131 0.715264 
vn 0.209073 0.637424 0.741606 
vn 0.216132 0.604599 0.766646 
vn 0.222812 0.570714 0.790342 
vn 0.265948 0.5 0.82418 
vn 0.229102 0.535827 0.812651 
vn 0 1 0 
vn 0.00984825 0.999123 0.0407011 
vn 0.0196792 0.996493 0.0813309 
vn 0.0294757 0.992115 0.121818 
vn 0.0392204 0.985996 0.162091 
vn 0.0488963 0.978148 0.20208 
vn 0.0584865 0.968583 0.241715 
vn 0.067974 0.957319 0.280925 
vn 0.0773423 0.944376 0.319643 
vn 0.0865749 0.929776 0.357799 
vn 0.0956556 0.913545 0.395329 
vn 0.104569 0.895712 0.432164 
vn 0.113298 0.876307 0.468242 
vn 0.121829 0.855364 0.503498 
vn 0.130146 0.832921 0.53787 
vn 0.138234 0.809017 0.571299 
vn 0.14608 0.783693 0.603726 
vn 0.15367 0.756995 0.635094 
vn 0.160991 0.728969 0.665347 
vn 0.168028 0.699663 0.694433 
vn 0.174772 0.669131 0.722301 
vn 0.181208 0.637424 0.748902 
vn 0.187327 0.604599 0.774189 
vn 0.193116 0.570714 0.798118 
vn 0.234989 0.5 0.833535 
vn 0.198568 0.535827 0.820646 
vn 0 1 0 
vn 0.00831574 0.999123 0.0410417 
vn 0.0166169 0.996493 0.0820113 
vn 0.0248889 0.992115 0.122837 
vn 0.0331172 0.985996 0.163447 
vn 0.0412875 0.978148 0.203771 
vn 0.0493853 0.968583 0.243737 
vn 0.0573965 0.957319 0.283276 
vn 0.0653069 0.944376 0.322317 
vn 0.0731028 0.929776 0.360793 
vn 0.0807705 0.913545 0.398636 
vn 0.0882965 0.895712 0.43578 
vn 0.0956675 0.876307 0.472159 
vn 0.102871 0.855364 0.50771 
vn 0.109894 0.832921 0.54237 
vn 0.116723 0.809017 0.576079 
vn 0.123349 0.783693 0.608777 
vn 0.129757 0.756995 0.640407 
vn 0.135939 0.728969 0.670914 
vn 0.141881 0.699663 0.700243 
vn 0.147575 0.669131 0.728345 
vn 0.15301 0.637424 0.755168 
vn 0.158176 0.604599 0.780666 
vn 0.163065 0.570714 0.804795 
vn 0.20367 0.5 0.841735 
vn 0.167668 0.535827 0.827513 
vn 0 1 0 
vn 0.00676471 0.999123 0.0413256 
vn 0.0135176 0.996493 0.0825788 
vn 0.0202467 0.992115 0.123687 
vn 0.0269403 0.985996 0.164578 
vn 0.0335867 0.978148 0.205181 
vn 0.0401741 0.968583 0.245424 
vn 0.046691 0.957319 0.285236 
vn 0.0531261 0.944376 0.324547 
vn 0.0594679 0.929776 0.363289 
vn 0.0657054 0.913545 0.401394 
vn 0.0718277 0.895712 0.438795 
vn 0.0778239 0.876307 0.475426 
vn 0.0836836 0.855364 0.511223 
vn 0.0893965 0.832921 0.546123 
vn 0.0949525 0.809017 0.580065 
vn 0.100342 0.783693 0.612989 
vn 0.105555 0.756995 0.644838 
vn 0.110584 0.728969 0.675556 
vn 0.115418 0.699663 0.705089 
vn 0.12005 0.669131 0.733384 
vn 0.124471 0.637424 0.760393 
vn 0.128674 0.604599 0.786068 
vn 0.132651 0.570714 0.810364 
vn 0.171977 0.5 0.848778 
vn 0.136395 0.535827 0.833238 
vn 0 1 0 
vn 0.00519504 0.999123 0.0415522 
vn 0.010381 0.996493 0.0830314 
vn 0.0155487 0.992115 0.124365 
vn 0.0206891 0.985996 0.16548 
vn 0.0257932 0.978148 0.206306 
vn 0.0308521 0.968583 0.246769 
vn 0.0358569 0.957319 0.286799 
vn 0.0407987 0.944376 0.326326 
vn 0.045669 0.929776 0.365281 
vn 0.0504592 0.913545 0.403595 
vn 0.0551608 0.895712 0.4412 
vn 0.0597657 0.876307 0.478032 
vn 0.0642657 0.855364 0.514025 
vn 0.068653 0.832921 0.549117 
vn 0.0729198 0.809017 0.583245 
vn 0.0770587 0.783693 0.616349 
vn 0.0810625 0.756995 0.648373 
vn 0.084924 0.728969 0.679259 
vn 0.0886365 0.699663 0.708953 
vn 0.0921935 0.669131 0.737404 
vn 0.0955888 0.637424 0.764561 
vn 0.0988164 0.604599 0.790377 
vn 0.101871 0.570714 0.814806 
vn 0.1399 0.5 0.854651 
vn 0.104746 0.535827 0.837805 
vn 0 1 0 
vn 0.00360689 0.999123 0.04172 
vn 0.00720745 0.996493 0.0833669 
vn 0.0107954 0.992115 0.124867 
vn 0.0143643 0.985996 0.166149 
vn 0.0179081 0.978148 0.207139 
vn 0.0214205 0.968583 0.247766 
vn 0.0248953 0.957319 0.287958 
vn 0.0283264 0.944376 0.327644 
vn 0.0317078 0.929776 0.366756 
vn 0.0350336 0.913545 0.405225 
vn 0.0382979 0.895712 0.442983 
vn 0.0414951 0.876307 0.479963 
vn 0.0446194 0.855364 0.516102 
vn 0.0476655 0.832921 0.551335 
vn 0.0506279 0.809017 0.585601 
vn 0.0535015 0.783693 0.618839 
vn 0.0562813 0.756995 0.650992 
vn 0.0589623 0.728969 0.682003 
vn 0.0615399 0.699663 0.711817 
vn 0.0640095 0.669131 0.740383 
vn 0.0663669 0.637424 0.76765 
vn 0.0686078 0.604599 0.79357 
vn 0.0707283 0.570714 0.818098 
vn 0.107438 0.5 0.859335 
vn 0.0727248 0.535827 0.84119 
vn 0 1 0 
vn 0.00200077 0.999123 0.0418278 
vn 0.00399803 0.996493 0.0835823 
vn 0.00598827 0.992115 0.12519 
vn 0.00796801 0.985996 0.166578 
vn 0.00993378 0.978148 0.207674 
vn 0.0118821 0.968583 0.248406 
vn 0.0138096 0.957319 0.288702 
vn 0.0157129 0.944376 0.328491 
vn 0.0175886 0.929776 0.367704 
vn 0.0194334 0.913545 0.406272 
vn 0.0212441 0.895712 0.444127 
vn 0.0230176 0.876307 0.481203 
vn 0.0247507 0.855364 0.517435 
vn 0.0264404 0.832921 0.55276 
vn 0.0280837 0.809017 0.587114 
vn 0.0296777 0.783693 0.620438 
vn 0.0312197 0.756995 0.652674 
vn 0.0327069 0.728969 0.683765 
vn 0.0341367 0.699663 0.713657 
vn 0.0355066 0.669131 0.742296 
vn 0.0368142 0.637424 0.769633 
vn 0.0380573 0.604599 0.79562 
vn 0.0392335 0.570714 0.820211 
vn 0.0745937 0.5 0.862807 
vn 0.040341 0.535827 0.843364 
vn 0 1 0 
vn 0.000377495 0.999123 0.041874 
vn 0.000754329 0.996493 0.0836744 
vn 0.00112984 0.992115 0.125328 
vn 0.00150337 0.985996 0.166762 
vn 0.00187426 0.978148 0.207903 
vn 0.00224186 0.968583 0.24868 
vn 0.00260553 0.957319 0.28902 
vn 0.00296463 0.944376 0.328853 
vn 0.00331852 0.929776 0.36811 
vn 0.0036666 0.913545 0.40672 
vn 0.00400824 0.895712 0.444617 
vn 0.00434285 0.876307 0.481734 
vn 0.00466985 0.855364 0.518006 
vn 0.00498865 0.832921 0.553369 
vn 0.00529869 0.809017 0.587761 
vn 0.00559945 0.783693 0.621123 
vn 0.00589037 0.756995 0.653394 
vn 0.00617097 0.728969 0.684519 
vn 0.00644074 0.699663 0.714444 
vn 0.00669921 0.669131 0.743115 
vn 0.00694593 0.637424 0.770482 
vn 0.00718046 0.604599 0.796498 
vn 0.00740239 0.570714 0.821116 
vn 0.0413777 0.5 0.865036 
vn 0.00761134 0.535827 0.844294 
vn 0 1 0 
vn -0.00126178 0.999123 0.0418566 
vn -0.00252134 0.996493 0.0836398 
vn -0.00377648 0.992115 0.125276 
vn -0.00502499 0.985996 0.166693 
vn -0.00626469 0.978148 0.207817 
vn -0.0074934 0.968583 0.248577 
vn -0.00870896 0.957319 0.288901 
vn -0.00990925 0.944376 0.328717 
vn -0.0110921 0.929776 0.367957 
vn -0.0122556 0.913545 0.406552 
vn -0.0133975 0.895712 0.444433 
vn -0.014516 0.876307 0.481535 
vn -0.0156089 0.855364 0.517792 
vn -0.0166745 0.832921 0.55314 
vn -0.0177109 0.809017 0.587518 
vn -0.0187161 0.783693 0.620866 
vn -0.0196885 0.756995 0.653124 
vn -0.0206264 0.728969 0.684236 
vn -0.0215281 0.699663 0.714148 
vn -0.0223921 0.669131 0.742807 
vn -0.0232167 0.637424 0.770163 
vn -0.0240006 0.604599 0.796168 
vn -0.0247425 0.570714 0.820776 
vn 0.00780694 0.5 0.86599 
vn -0.0254409 0.535827 0.843945 
vn 0 1 0 
vn -0.00176091 0.999123 0.0418386 
vn -0.00351874 0.996493 0.0836038 
vn -0.00527039 0.992115 0.125222 
vn -0.00701279 0.985996 0.166621 
vn -0.0087429 0.978148 0.207728 
vn -0.0104577 0.968583 0.24847 
vn -0.0121541 0.957319 0.288776 
vn -0.0138292 0.944376 0.328576 
vn -0.01548 0.929776 0.367799 
vn -0.0171037 0.913545 0.406377 
vn -0.0186974 0.895712 0.444242 
vn -0.0202582 0.876307 0.481328 
vn -0.0217836 0.855364 0.517569 
vn -0.0232707 0.832921 0.552902 
vn -0.024717 0.809017 0.587265 
vn -0.0261199 0.783693 0.620598 
vn -0.027477 0.756995 0.652843 
vn -0.0287859 0.728969 0.683942 
vn -0.0300443 0.699663 0.713841 
vn -0.03125 0.669131 0.742487 
vn -0.0324009 0.637424 0.769832 
vn -0.0334949 0.604599 0.795825 
vn -0.0345301 0.570714 0.820423 
vn -0.0260946 0.5 0.865632 
vn -0.0355048 0.535827 0.843581 
vn 0 1 0 
vn -0.00342465 0.999123 0.0417354 
vn -0.0068433 0.996493 0.0833975 
vn -0.0102499 0.992115 0.124913 
vn -0.0136386 0.985996 0.16621 
vn -0.0170033 0.978148 0.207215 
vn -0.0203382 0.968583 0.247857 
vn -0.0236374 0.957319 0.288064 
vn -0.0268952 0.944376 0.327765 
vn -0.0301058 0.929776 0.366891 
vn -0.0332635 0.913545 0.405374 
vn -0.0363629 0.895712 0.443146 
vn -0.0393985 0.876307 0.48014 
vn -0.042365 0.855364 0.516292 
vn -0.0452572 0.832921 0.551538 
vn -0.0480699 0.809017 0.585816 
vn -0.0507984 0.783693 0.619067 
vn -0.0534377 0.756995 0.651232 
vn -0.0559833 0.728969 0.682254 
vn -0.0584306 0.699663 0.712079 
vn -0.0607755 0.669131 0.740656 
vn -0.0630137 0.637424 0.767932 
vn -0.0651414 0.604599 0.793862 
vn -0.0671548 0.570714 0.818399 
vn -0.0364172 0.5 0.865259 
vn -0.0690504 0.535827 0.8415 
vn 0 1 0 
vn -0.00508095 0.999123 0.0415663 
vn -0.010153 0.996493 0.0830596 
vn -0.0152072 0.992115 0.124407 
vn -0.0202348 0.985996 0.165537 
vn -0.0252268 0.978148 0.206376 
vn -0.0301746 0.968583 0.246852 
vn -0.0350695 0.957319 0.286896 
vn -0.0399028 0.944376 0.326437 
vn -0.0446661 0.929776 0.365405 
vn -0.0493511 0.913545 0.403732 
vn -0.0539495 0.895712 0.44135 
vn -0.0584532 0.876307 0.478194 
vn -0.0628544 0.855364 0.5142 
vn -0.0671453 0.832921 0.549303 
vn -0.0713185 0.809017 0.583443 
vn -0.0753665 0.783693 0.616559 
vn -0.0792823 0.756995 0.648593 
vn -0.083059 0.728969 0.679489 
vn -0.08669 0.699663 0.709194 
vn -0.0901689 0.669131 0.737654 
vn -0.0934896 0.637424 0.76482 
vn -0.0966464 0.604599 0.790645 
vn -0.0996335 0.570714 0.815082 
vn -0.0708248 0.5 0.863124 
vn -0.102446 0.535827 0.83809 
vn 0 1 0 
vn -0.00672756 0.999123 0.0413317 
vn -0.0134433 0.996493 0.0825909 
vn -0.0201355 0.992115 0.123705 
vn -0.0267923 0.985996 0.164603 
vn -0.0334022 0.978148 0.205211 
vn -0.0399534 0.968583 0.24546 
vn -0.0464346 0.957319 0.285277 
vn -0.0528343 0.944376 0.324595 
vn -0.0591413 0.929776 0.363343 
vn -0.0653445 0.913545 0.401453 
vn -0.0714331 0.895712 0.43886 
vn -0.0773964 0.876307 0.475496 
vn -0.0832239 0.855364 0.511298 
vn -0.0889054 0.832921 0.546203 
vn -0.094431 0.809017 0.58015 
vn -0.0997908 0.783693 0.613079 
vn -0.104976 0.756995 0.644933 
vn -0.109976 0.728969 0.675655 
vn -0.114784 0.699663 0.705192 
vn -0.11939 0.669131 0.733492 
vn -0.123787 0.637424 0.760505 
vn -0.127967 0.604599 0.786183 
vn -0.131922 0.570714 0.810483 
vn -0.105079 0.5 0.859627 
vn -0.135646 0.535827 0.833361 
vn 0 1 0 
vn -0.00836198 0.999123 0.0410323 
vn -0.0167093 0.996493 0.0819926 
vn -0.0250273 0.992115 0.122809 
vn -0.0333014 0.985996 0.16341 
vn -0.041517 0.978148 0.203724 
vn -0.0496599 0.968583 0.243681 
vn -0.0577156 0.957319 0.283211 
vn -0.0656701 0.944376 0.322243 
vn -0.0735093 0.929776 0.360711 
vn -0.0812196 0.913545 0.398545 
vn -0.0887874 0.895712 0.43568 
vn -0.0961994 0.876307 0.472051 
vn -0.103443 0.855364 0.507594 
vn -0.110505 0.832921 0.542246 
vn -0.117372 0.809017 0.575947 
vn -0.124034 0.783693 0.608638 
vn -0.130479 0.756995 0.640261 
vn -0.136694 0.728969 0.67076 
vn -0.14267 0.699663 0.700083 
vn -0.148396 0.669131 0.728178 
vn -0.153861 0.637424 0.754995 
vn -0.159056 0.604599 0.780488 
vn -0.163972 0.570714 0.804611 
vn -0.139132 0.5 0.854776 
vn -0.1686 0.535827 0.827323 
vn 0 1 0 
vn -0.00998154 0.999123 0.0406687 
vn -0.0199456 0.996493 0.081266 
vn -0.0298746 0.992115 0.121721 
vn -0.0397512 0.985996 0.161962 
vn -0.0495581 0.978148 0.201919 
vn -0.0592781 0.968583 0.241522 
vn -0.068894 0.957319 0.280701 
vn -0.0783891 0.944376 0.319388 
vn -0.0877467 0.929776 0.357514 
vn -0.0969504 0.913545 0.395013 
vn -0.105984 0.895712 0.431819 
vn -0.114832 0.876307 0.467868 
vn -0.123478 0.855364 0.503096 
vn -0.131907 0.832921 0.537441 
vn -0.140105 0.809017 0.570843 
vn -0.148058 0.783693 0.603244 
vn -0.15575 0.756995 0.634587 
vn -0.16317 0.728969 0.664816 
vn -0.170303 0.699663 0.693879 
vn -0.177137 0.669131 0.721725 
vn -0.183661 0.637424 0.748304 
vn -0.189862 0.604599 0.773571 
vn -0.19573 0.570714 0.797481 
vn -0.172933 0.5 0.848584 
vn -0.201255 0.535827 0.819991 
vn -0.0115834 0.999123 0.0402417 
vn -0.0231465 0.996493 0.0804128 
vn -0.034669 0.992115 0.120443 
vn -0.0461307 0.985996 0.160262 
vn -0.0575114 0.978148 0.199799 
vn -0.0687913 0.968583 0.238986 
vn -0.0799505 0.957319 0.277754 
vn -0.0909694 0.944376 0.316035 
vn -0.101829 0.929776 0.353761 
vn -0.112509 0.913545 0.390866 
vn -0.122993 0.895712 0.427286 
vn -0.13326 0.876307 0.462956 
vn -0.143294 0.855364 0.497814 
vn -0.153076 0.832921 0.531799 
vn -0.16259 0.809017 0.56485 
vn -0.171819 0.783693 0.596911 
vn -0.180746 0.756995 0.627925 
vn -0.189356 0.728969 0.657837 
vn -0.197634 0.699663 0.686595 
vn -0.205565 0.669131 0.714148 
vn -0.213135 0.637424 0.740449 
vn -0.220332 0.604599 0.76545 
vn -0.227142 0.570714 0.789109 
vn -0.239555 0.5 0.832234 
vn -0.206427 0.5 0.841064 
vn -0.0131647 0.999123 0.0397525 
vn 0 1 0 
vn -0.0263063 0.996493 0.0794352 
vn -0.0394018 0.992115 0.118979 
vn -0.0524282 0.985996 0.158313 
vn -0.0653625 0.978148 0.19737 
vn -0.0781822 0.968583 0.236081 
vn -0.0908648 0.957319 0.274377 
vn -0.103388 0.944376 0.312193 
vn -0.11573 0.929776 0.34946 
vn -0.127868 0.913545 0.386114 
vn -0.139783 0.895712 0.422091 
vn -0.151452 0.876307 0.457328 
vn -0.162855 0.855364 0.491762 
vn -0.173973 0.832921 0.525334 
vn -0.184786 0.809017 0.557984 
vn -0.195274 0.783693 0.589655 
vn -0.20542 0.756995 0.620291 
vn -0.215205 0.728969 0.649839 
vn -0.224613 0.699663 0.678248 
vn -0.233627 0.669131 0.705466 
vn -0.242231 0.637424 0.731447 
vn -0.25041 0.604599 0.756145 
vn -0.233554 0.535827 0.811383 
vn -0.25815 0.570714 0.779516 
vn -0.272258 0.5 0.822117 
vn -0.0147225 0.999123 0.0392023 
vn 0 1 0 
vn -0.0294192 0.996493 0.0783358 
vn -0.0440643 0.992115 0.117332 
vn -0.058632 0.985996 0.156122 
vn -0.0730969 0.978148 0.194638 
vn -0.0874336 0.968583 0.232813 
vn -0.101617 0.957319 0.27058 
vn -0.115622 0.944376 0.307871 
vn -0.129424 0.929776 0.344623 
vn -0.142999 0.913545 0.38077 
vn -0.156323 0.895712 0.416249 
vn -0.169373 0.876307 0.450998 
vn -0.182126 0.855364 0.484956 
vn -0.19456 0.832921 0.518063 
vn -0.206652 0.809017 0.55026 
vn -0.218381 0.783693 0.581493 
vn -0.229728 0.756995 0.611706 
vn -0.240671 0.728969 0.640845 
vn -0.251192 0.699663 0.66886 
vn -0.261272 0.669131 0.695702 
vn -0.270895 0.637424 0.721323 
vn -0.280041 0.604599 0.745679 
vn -0.265437 0.535827 0.801519 
vn -0.288697 0.570714 0.768726 
vn -0.304474 0.5 0.810738 
vn -0.0162541 0.999123 0.0385924 
vn 0 1 0 
vn -0.0324796 0.996493 0.0771172 
vn -0.0486482 0.992115 0.115507 
vn -0.0647314 0.985996 0.153693 
vn -0.0807011 0.978148 0.191611 
vn -0.0965292 0.968583 0.229192 
vn -0.112188 0.957319 0.266371 
vn -0.12765 0.944376 0.303082 
vn -0.142888 0.929776 0.339262 
vn -0.157875 0.913545 0.374847 
vn -0.172585 0.895712 0.409774 
vn -0.186993 0.876307 0.443982 
vn -0.201073 0.855364 0.477412 
vn -0.214799 0.832921 0.510003 
vn -0.228149 0.809017 0.5417 
vn -0.241099 0.783693 0.572447 
vn -0.253626 0.756995 0.60219 
vn -0.265707 0.728969 0.630876 
vn -0.277323 0.699663 0.658455 
vn -0.288452 0.669131 0.684879 
vn -0.299075 0.637424 0.710102 
vn -0.309174 0.604599 0.734079 
vn -0.296846 0.535827 0.790425 
vn -0.31873 0.570714 0.756768 
vn -0.336148 0.5 0.798125 
vn -0.0171173 0.999123 0.0382174 
vn 0 1 0 
vn -0.0342045 0.996493 0.0763678 
vn -0.0512317 0.992115 0.114384 
vn -0.068169 0.985996 0.1522 
vn -0.0849868 0.978148 0.189749 
vn -0.101655 0.968583 0.226964 
vn -0.118146 0.957319 0.263782 
vn -0.134429 0.944376 0.300137 
vn -0.150476 0.929776 0.335965 
vn -0.166259 0.913545 0.371204 
vn -0.181751 0.895712 0.405792 
vn -0.196923 0.876307 0.439668 
vn -0.211751 0.855364 0.472772 
vn -0.226206 0.832921 0.505047 
vn -0.240265 0.809017 0.536436 
vn -0.253903 0.783693 0.566884 
vn -0.267095 0.756995 0.596338 
vn -0.279818 0.728969 0.624745 
vn -0.292051 0.699663 0.652056 
vn -0.303771 0.669131 0.678224 
vn -0.314958 0.637424 0.703201 
vn -0.325593 0.604599 0.726945 
vn -0.327726 0.535827 0.778129 
vn -0.335656 0.570714 0.749414 
vn -0.354 0.5 0.79037 
vn -0.0186224 0.999123 0.037507 
vn 0 1 0 
vn -0.0372122 0.996493 0.0749482 
vn -0.0557366 0.992115 0.112258 
vn -0.0741633 0.985996 0.149371 
vn -0.0924599 0.978148 0.186221 
vn -0.110594 0.968583 0.222746 
vn -0.128535 0.957319 0.258879 
vn -0.146249 0.944376 0.294558 
vn -0.163708 0.929776 0.32972 
vn -0.180879 0.913545 0.364304 
vn -0.197733 0.895712 0.398249 
vn -0.214239 0.876307 0.431495 
vn -0.230371 0.855364 0.463984 
vn -0.246097 0.832921 0.495659 
vn -0.261393 0.809017 0.526465 
vn -0.276229 0.783693 0.556347 
vn -0.290581 0.756995 0.585253 
vn -0.304423 0.728969 0.613132 
vn -0.317731 0.699663 0.639936 
vn -0.330482 0.669131 0.665617 
vn -0.342653 0.637424 0.69013 
vn -0.354223 0.604599 0.713433 
vn -0.345131 0.535827 0.770568 
vn -0.365171 0.570714 0.735484 
vn -0.385128 0.5 0.775678 
vn -0.0200946 0.999123 0.0367393 
vn 0 1 0 
vn -0.040154 0.996493 0.0734142 
vn -0.0601429 0.992115 0.10996 
vn -0.0800263 0.985996 0.146313 
vn -0.0997693 0.978148 0.18241 
vn -0.119337 0.968583 0.218186 
vn -0.138696 0.957319 0.25358 
vn -0.157811 0.944376 0.288529 
vn -0.17665 0.929776 0.322971 
vn -0.195178 0.913545 0.356848 
vn -0.213364 0.895712 0.390098 
vn -0.231176 0.876307 0.422663 
vn -0.248582 0.855364 0.454487 
vn -0.265553 0.832921 0.485514 
vn -0.282057 0.809017 0.515689 
vn -0.298066 0.783693 0.54496 
vn -0.313553 0.756995 0.573274 
vn -0.328489 0.728969 0.600583 
vn -0.34285 0.699663 0.626838 
vn -0.356608 0.669131 0.651993 
vn -0.369741 0.637424 0.676004 
vn -0.382226 0.604599 0.69883 
vn -0.375479 0.535827 0.756244 
vn -0.39404 0.570714 0.720429 
vn -0.415574 0.5 0.759801 
vn -0.0215318 0.999123 0.0359159 
vn 0 1 0 
vn -0.0430258 0.996493 0.0717688 
vn -0.0644444 0.992115 0.107496 
vn -0.0857498 0.985996 0.143034 
vn -0.106905 0.978148 0.178322 
vn -0.127872 0.968583 0.213296 
vn -0.148616 0.957319 0.247897 
vn -0.169098 0.944376 0.282062 
vn -0.189284 0.929776 0.315733 
vn -0.209138 0.913545 0.34885 
vn -0.228624 0.895712 0.381355 
vn -0.24771 0.876307 0.41319 
vn -0.266361 0.855364 0.444301 
vn -0.284545 0.832921 0.474633 
vn -0.30223 0.809017 0.504132 
vn -0.319384 0.783693 0.532746 
vn -0.335978 0.756995 0.560426 
vn -0.351983 0.728969 0.587122 
vn -0.367371 0.699663 0.612789 
vn -0.382113 0.669131 0.63738 
vn -0.396186 0.637424 0.660854 
vn -0.409563 0.604599 0.683168 
vn -0.405162 0.535827 0.740765 
vn -0.422222 0.570714 0.704283 
vn -0.445297 0.5 0.742773 
vn -0.0229322 0.999123 0.0350383 
vn 0 1 0 
vn -0.0458242 0.996493 0.0700152 
vn -0.0686357 0.992115 0.104869 
vn -0.0913269 0.985996 0.139539 
vn -0.113858 0.978148 0.173965 
vn -0.136189 0.968583 0.208085 
vn -0.158281 0.957319 0.24184 
vn -0.180096 0.944376 0.27517 
vn -0.201595 0.929776 0.308018 
vn -0.22274 0.913545 0.340326 
vn -0.243494 0.895712 0.372037 
vn -0.263821 0.876307 0.403095 
vn -0.283685 0.855364 0.433445 
vn -0.303052 0.832921 0.463036 
vn -0.321886 0.809017 0.491814 
vn -0.340157 0.783693 0.519729 
vn -0.35783 0.756995 0.546732 
vn -0.374876 0.728969 0.572776 
vn -0.391264 0.699663 0.597816 
vn -0.406965 0.669131 0.621807 
vn -0.421953 0.637424 0.644706 
vn -0.4362 0.604599 0.666475 
vn -0.43414 0.535827 0.724163 
vn -0.449683 0.570714 0.687075 
vn -0.474258 0.5 0.724624 
vn -0.0244104 0.999123 0.034025 
vn 0 1 0 
vn -0.0487779 0.996493 0.0679904 
vn -0.0730599 0.992115 0.101836 
vn -0.0972137 0.985996 0.135504 
vn -0.121197 0.978148 0.168934 
vn -0.144968 0.968583 0.202067 
vn -0.168484 0.957319 0.234846 
vn -0.191705 0.944376 0.267213 
vn -0.214589 0.929776 0.299111 
vn -0.237097 0.913545 0.330484 
vn -0.259189 0.895712 0.361278 
vn -0.280826 0.876307 0.391437 
vn -0.301971 0.855364 0.42091 
vn -0.322586 0.832921 0.449645 
vn -0.342635 0.809017 0.477591 
vn -0.362083 0.783693 0.504699 
vn -0.380895 0.756995 0.530921 
vn -0.39904 0.728969 0.556212 
vn -0.416484 0.699663 0.580527 
vn -0.433198 0.669131 0.603824 
vn -0.449152 0.637424 0.626062 
vn -0.464317 0.604599 0.647201 
vn -0.462376 0.535827 0.706469 
vn -0.478669 0.570714 0.667205 
vn -0.504828 0.5 0.703668 
vn -0.0257796 0.999123 0.0329997 
vn 0 1 0 
vn -0.0515139 0.996493 0.0659416 
vn -0.0771579 0.992115 0.0987678 
vn -0.102667 0.985996 0.131421 
vn -0.127995 0.978148 0.163843 
vn -0.153099 0.968583 0.195978 
vn -0.177934 0.957319 0.227769 
vn -0.202458 0.944376 0.259161 
vn -0.226626 0.929776 0.290097 
vn -0.250396 0.913545 0.320525 
vn -0.273727 0.895712 0.350391 
vn -0.296578 0.876307 0.379642 
vn -0.318909 0.855364 0.408227 
vn -0.34068 0.832921 0.436095 
vn -0.361854 0.809017 0.463199 
vn -0.382392 0.783693 0.48949 
vn -0.40226 0.756995 0.514922 
vn -0.421422 0.728969 0.539451 
vn -0.439845 0.699663 0.563034 
vn -0.457497 0.669131 0.585629 
vn -0.474345 0.637424 0.607196 
vn -0.490362 0.604599 0.627699 
vn -0.49218 0.535827 0.686038 
vn -0.505518 0.570714 0.6471 
vn -0.533145 0.5 0.682464 
vn -0.0270546 0.999123 0.0319628 
vn 0 1 0 
vn -0.0540618 0.996493 0.0638695 
vn -0.0809741 0.992115 0.0956641 
vn -0.107744 0.985996 0.127291 
vn -0.134326 0.978148 0.158694 
vn -0.160671 0.968583 0.18982 
vn -0.186735 0.957319 0.220612 
vn -0.212471 0.944376 0.251017 
vn -0.237834 0.929776 0.280981 
vn -0.26278 0.913545 0.310453 
vn -0.287265 0.895712 0.33938 
vn -0.311247 0.876307 0.367712 
vn -0.334682 0.855364 0.395399 
vn -0.35753 0.832921 0.422392 
vn -0.37975 0.809017 0.448644 
vn -0.401305 0.783693 0.474108 
vn -0.422156 0.756995 0.498742 
vn -0.442265 0.728969 0.5225 
vn -0.461599 0.699663 0.545341 
vn -0.480124 0.669131 0.567226 
vn -0.497806 0.637424 0.588116 
vn -0.514614 0.604599 0.607974 
vn -0.519787 0.535827 0.665365 
vn -0.53052 0.570714 0.626765 
vn -0.559513 0.5 0.661018 
vn -0.0282106 0.999123 0.0309472 
vn 0 1 0 
vn -0.0563718 0.996493 0.0618401 
vn -0.084434 0.992115 0.0926246 
vn -0.112348 0.985996 0.123247 
vn -0.140065 0.978148 0.153652 
vn -0.167536 0.968583 0.183788 
vn -0.194714 0.957319 0.213602 
vn -0.22155 0.944376 0.243041 
vn -0.247997 0.929776 0.272054 
vn -0.274009 0.913545 0.300589 
vn -0.29954 0.895712 0.328597 
vn -0.324546 0.876307 0.356029 
vn -0.348983 0.855364 0.382836 
vn -0.372807 0.832921 0.408971 
vn -0.395977 0.809017 0.434389 
vn -0.418453 0.783693 0.459045 
vn -0.440194 0.756995 0.482895 
vn -0.461163 0.728969 0.505898 
vn -0.481323 0.699663 0.528014 
vn -0.500639 0.669131 0.549204 
vn -0.519077 0.637424 0.56943 
vn -0.536603 0.604599 0.588657 
vn -0.545495 0.535827 0.644457 
vn -0.553189 0.570714 0.606851 
vn -0.583421 0.5 0.640016 
vn -0.0293698 0.999123 0.0298494 
vn 0 1 0 
vn -0.0586881 0.996493 0.0596464 
vn -0.0879034 0.992115 0.0893387 
vn -0.116965 0.985996 0.118874 
vn -0.14582 0.978148 0.148201 
vn -0.174421 0.968583 0.177269 
vn -0.202715 0.957319 0.206025 
vn -0.230653 0.944376 0.234419 
vn -0.258187 0.929776 0.262403 
vn -0.285268 0.913545 0.289926 
vn -0.311848 0.895712 0.31694 
vn -0.337882 0.876307 0.343399 
vn -0.363322 0.855364 0.369255 
vn -0.388125 0.832921 0.394463 
vn -0.412248 0.809017 0.418979 
vn -0.435647 0.783693 0.44276 
vn -0.458282 0.756995 0.465764 
vn -0.480112 0.728969 0.487952 
vn -0.501101 0.699663 0.509283 
vn -0.52121 0.669131 0.529721 
vn -0.540405 0.637424 0.549229 
vn -0.558652 0.604599 0.567774 
vn -0.568804 0.535827 0.623981 
vn -0.575919 0.570714 0.585323 
vn -0.607394 0.5 0.617311 
vn -0.030439 0.999123 0.0287583 
vn 0 1 0 
vn -0.0608245 0.996493 0.0574662 
vn -0.0911034 0.992115 0.0860732 
vn -0.121222 0.985996 0.114529 
vn -0.151129 0.978148 0.142784 
vn -0.18077 0.968583 0.170789 
vn -0.210094 0.957319 0.198494 
vn -0.23905 0.944376 0.225851 
vn -0.267586 0.929776 0.252811 
vn -0.295652 0.913545 0.279328 
vn -0.323201 0.895712 0.305355 
vn -0.350182 0.876307 0.330847 
vn -0.376548 0.855364 0.355758 
vn -0.402254 0.832921 0.380044 
vn -0.427255 0.809017 0.403664 
vn -0.451506 0.783693 0.426576 
vn -0.474964 0.756995 0.44874 
vn -0.49759 0.728969 0.470116 
vn -0.519342 0.699663 0.490668 
vn -0.540184 0.669131 0.510358 
vn -0.560078 0.637424 0.529154 
vn -0.578989 0.604599 0.547021 
vn -0.592176 0.535827 0.601845 
vn -0.596884 0.570714 0.563928 
vn -0.629505 0.5 0.594747 
vn -0.0314352 0.999123 0.0276658 
vn 0 1 0 
vn -0.0628153 0.996493 0.055283 
vn -0.0940852 0.992115 0.0828033 
vn -0.12519 0.985996 0.110178 
vn -0.156075 0.978148 0.13736 
vn -0.186687 0.968583 0.164301 
vn -0.216971 0.957319 0.190953 
vn -0.246874 0.944376 0.217271 
vn -0.276344 0.929776 0.243207 
vn -0.305329 0.913545 0.268717 
vn -0.333779 0.895712 0.293755 
vn -0.361643 0.876307 0.318278 
vn -0.388873 0.855364 0.342242 
vn -0.41542 0.832921 0.365607 
vn -0.441239 0.809017 0.388329 
vn -0.466284 0.783693 0.410371 
vn -0.49051 0.756995 0.431692 
vn -0.513876 0.728969 0.452257 
vn -0.536341 0.699663 0.472027 
vn -0.557864 0.669131 0.49097 
vn -0.578409 0.637424 0.509051 
vn -0.59794 0.604599 0.52624 
vn -0.613733 0.535827 0.579846 
vn -0.616421 0.570714 0.542505 
vn -0.650108 0.5 0.572153 
vn -0.0323727 0.999123 0.0265627 
vn 0 1 0 
vn -0.0646886 0.996493 0.0530788 
vn -0.0968911 0.992115 0.0795018 
vn -0.128924 0.985996 0.105785 
vn -0.16073 0.978148 0.131883 
vn -0.192254 0.968583 0.15775 
vn -0.223441 0.957319 0.18334 
vn -0.254236 0.944376 0.208608 
vn -0.284585 0.929776 0.23351 
vn -0.314435 0.913545 0.258003 
vn -0.343733 0.895712 0.282043 
vn -0.372428 0.876307 0.305588 
vn -0.40047 0.855364 0.328597 
vn -0.427809 0.832921 0.351029 
vn -0.454398 0.809017 0.372846 
vn -0.480189 0.783693 0.394009 
vn -0.505138 0.756995 0.41448 
vn -0.529201 0.728969 0.434224 
vn -0.552336 0.699663 0.453207 
vn -0.574501 0.669131 0.471394 
vn -0.595659 0.637424 0.488755 
vn -0.615771 0.604599 0.505258 
vn -0.633821 0.535827 0.557818 
vn -0.634804 0.570714 0.520874 
vn -0.669496 0.5 0.54934 
vn 0 1 0 
vn -0.0332631 0.999123 0.0254388 
vn -0.0664679 0.996493 0.050833 
vn -0.0995561 0.992115 0.076138 
vn -0.13247 0.985996 0.101309 
vn -0.165151 0.978148 0.126303 
vn -0.197542 0.968583 0.151075 
vn -0.229587 0.957319 0.175582 
vn -0.261229 0.944376 0.199781 
vn -0.292413 0.929776 0.22363 
vn -0.323084 0.913545 0.247086 
vn -0.353188 0.895712 0.270109 
vn -0.382672 0.876307 0.292658 
vn -0.411485 0.855364 0.314694 
vn -0.439576 0.832921 0.336177 
vn -0.466896 0.809017 0.357071 
vn -0.493397 0.783693 0.377338 
vn -0.519032 0.756995 0.396943 
vn -0.543757 0.728969 0.415852 
vn -0.567528 0.699663 0.434031 
vn -0.590303 0.669131 0.451449 
vn -0.612043 0.637424 0.468075 
vn -0.632709 0.604599 0.48388 
vn -0.652723 0.535827 0.535577 
vn -0.652265 0.570714 0.498836 
vn -0.670676 0.535827 0.512916 
vn 0 1 0 
vn -0.0341165 0.999123 0.0242823 
vn -0.0681732 0.996493 0.0485221 
vn -0.10211 0.992115 0.0726767 
vn -0.135868 0.985996 0.0967038 
vn -0.169388 0.978148 0.120561 
vn -0.20261 0.968583 0.144207 
vn -0.235477 0.957319 0.1676 
vn -0.267931 0.944376 0.190699 
vn -0.299915 0.929776 0.213463 
vn -0.331373 0.913545 0.235853 
vn -0.362249 0.895712 0.257829 
vn -0.39249 0.876307 0.279353 
vn -0.422042 0.855364 0.300387 
vn -0.450854 0.832921 0.320894 
vn -0.478875 0.809017 0.340838 
vn -0.506056 0.783693 0.360183 
vn -0.532349 0.756995 0.378897 
vn -0.557708 0.728969 0.396947 
vn -0.582089 0.699663 0.414299 
vn -0.605448 0.669131 0.430925 
vn -0.627745 0.637424 0.446796 
vn -0.648942 0.604599 0.461882 
vn -0.668999 0.570714 0.476158 
vn -0.687911 0.5 0.526097 
vn -0.687883 0.535827 0.489598 
vn 0 1 0 
vn -0.0349415 0.999123 0.0230794 
vn -0.0698218 0.996493 0.0461184 
vn -0.104579 0.992115 0.0690764 
vn -0.139154 0.985996 0.0919133 
vn -0.173484 0.978148 0.114589 
vn -0.20751 0.968583 0.137063 
vn -0.241171 0.957319 0.159298 
vn -0.27441 0.944376 0.181252 
vn -0.307167 0.929776 0.202889 
vn -0.339386 0.913545 0.22417 
vn -0.371009 0.895712 0.245057 
vn -0.401981 0.876307 0.265515 
vn -0.432248 0.855364 0.285506 
vn -0.461756 0.832921 0.304997 
vn -0.490455 0.809017 0.323953 
vn -0.518293 0.783693 0.342341 
vn -0.545222 0.756995 0.360128 
vn -0.571194 0.728969 0.377283 
vn -0.596164 0.699663 0.393776 
vn -0.620089 0.669131 0.409578 
vn -0.642925 0.637424 0.424662 
vn -0.664634 0.604599 0.439001 
vn -0.685176 0.570714 0.45257 
vn -0.70556 0.5 0.50218 
vn -0.704517 0.535827 0.465345 
vn 0 1 0 
vn -0.0357455 0.999123 0.0218135 
vn -0.0714283 0.996493 0.0435888 
vn -0.106986 0.992115 0.0652876 
vn -0.142356 0.985996 0.0868718 
vn -0.177476 0.978148 0.108304 
vn -0.212284 0.968583 0.129546 
vn -0.246721 0.957319 0.15056 
vn -0.280724 0.944376 0.171311 
vn -0.314235 0.929776 0.19176 
vn -0.347195 0.913545 0.211874 
vn -0.379545 0.895712 0.231616 
vn -0.41123 0.876307 0.250951 
vn -0.442193 0.855364 0.269846 
vn -0.472381 0.832921 0.288268 
vn -0.50174 0.809017 0.306184 
vn -0.530218 0.783693 0.323563 
vn -0.557767 0.756995 0.340375 
vn -0.584337 0.728969 0.356589 
vn -0.609881 0.699663 0.372177 
vn -0.634356 0.669131 0.387113 
vn -0.657718 0.637424 0.401369 
vn -0.679926 0.604599 0.414922 
vn -0.700942 0.570714 0.427746 
vn -0.722622 0.5 0.477303 
vn -0.720727 0.535827 0.43982 
vn 0 1 0 
vn -0.0365348 0.999123 0.0204641 
vn -0.0730055 0.996493 0.0408923 
vn -0.109348 0.992115 0.0612487 
vn -0.145499 0.985996 0.0814977 
vn -0.181394 0.978148 0.101604 
vn -0.216972 0.968583 0.121531 
vn -0.252168 0.957319 0.141246 
vn -0.286923 0.944376 0.160713 
vn -0.321174 0.929776 0.179898 
vn -0.354861 0.913545 0.198767 
vn -0.387926 0.895712 0.217287 
vn -0.42031 0.876307 0.235427 
vn -0.451957 0.855364 0.253153 
vn -0.482812 0.832921 0.270435 
vn -0.512819 0.809017 0.287243 
vn -0.541926 0.783693 0.303547 
vn -0.570083 0.756995 0.319318 
vn -0.59724 0.728969 0.334529 
vn -0.623348 0.699663 0.349153 
vn -0.648364 0.669131 0.363165 
vn -0.672241 0.637424 0.37654 
vn -0.69494 0.604599 0.389254 
vn -0.716419 0.570714 0.401285 
vn -0.739248 0.5 0.451123 
vn -0.736642 0.535827 0.412612 
vn 0 1 0 
vn -0.0370282 0.999123 0.0195573 
vn -0.0739914 0.996493 0.0390802 
vn -0.110825 0.992115 0.0585346 
vn -0.147464 0.985996 0.0778863 
vn -0.183844 0.978148 0.0971013 
vn -0.219902 0.968583 0.116146 
vn -0.255574 0.957319 0.134987 
vn -0.290797 0.944376 0.153591 
vn -0.325511 0.929776 0.171926 
vn -0.359653 0.913545 0.189959 
vn -0.393165 0.895712 0.207659 
vn -0.425986 0.876307 0.224994 
vn -0.458061 0.855364 0.241935 
vn -0.489331 0.832921 0.258451 
vn -0.519744 0.809017 0.274514 
vn -0.549244 0.783693 0.290096 
vn -0.577781 0.756995 0.305168 
vn -0.605304 0.728969 0.319705 
vn -0.631766 0.699663 0.333681 
vn -0.657119 0.669131 0.347072 
vn -0.681319 0.637424 0.359854 
vn -0.704324 0.604599 0.372005 
vn -0.726094 0.570714 0.383503 
vn -0.755572 0.5 0.423215 
vn -0.746589 0.535827 0.394328 
vn 0 1 0 
vn -0.0376738 0.999123 0.0182827 
vn -0.0752815 0.996493 0.0365332 
vn -0.112757 0.992115 0.0547197 
vn -0.150035 0.985996 0.0728102 
vn -0.18705 0.978148 0.090773 
vn -0.223736 0.968583 0.108577 
vn -0.26003 0.957319 0.12619 
vn -0.295868 0.944376 0.143581 
vn -0.331186 0.929776 0.160721 
vn -0.365924 0.913545 0.177579 
vn -0.40002 0.895712 0.194125 
vn -0.433414 0.876307 0.210331 
vn -0.466047 0.855364 0.226167 
vn -0.497863 0.832921 0.241607 
vn -0.528806 0.809017 0.256624 
vn -0.558821 0.783693 0.271189 
vn -0.587855 0.756995 0.28528 
vn -0.615859 0.728969 0.298869 
vn -0.642782 0.699663 0.311935 
vn -0.668577 0.669131 0.324453 
vn -0.693199 0.637424 0.336401 
vn -0.716605 0.604599 0.34776 
vn -0.738754 0.570714 0.358509 
vn -0.765775 0.5 0.404461 
vn -0.759607 0.535827 0.368629 
vn 0 1 0 
vn -0.0382935 0.999123 0.0169464 
vn -0.0765198 0.996493 0.033863 
vn -0.114612 0.992115 0.0507202 
vn -0.152503 0.985996 0.0674885 
vn -0.190126 0.978148 0.0841383 
vn -0.227416 0.968583 0.100641 
vn -0.264307 0.957319 0.116966 
vn -0.300734 0.944376 0.133087 
vn -0.336634 0.929776 0.148974 
vn -0.371943 0.913545 0.164599 
vn -0.4066 0.895712 0.179936 
vn -0.440543 0.876307 0.194958 
vn -0.473713 0.855364 0.209637 
vn -0.506053 0.832921 0.223948 
vn -0.537504 0.809017 0.237867 
vn -0.568013 0.783693 0.251368 
vn -0.597525 0.756995 0.264428 
vn -0.625989 0.728969 0.277025 
vn -0.653355 0.699663 0.289135 
vn -0.679574 0.669131 0.300738 
vn -0.704601 0.637424 0.311814 
vn -0.728392 0.604599 0.322342 
vn -0.750906 0.570714 0.332305 
vn -0.779127 0.5 0.378102 
vn -0.772102 0.535827 0.341685 
vn 0 1 0 
vn -0.0388872 0.999123 0.0155356 
vn -0.0777062 0.996493 0.031044 
vn -0.116389 0.992115 0.0464979 
vn -0.154867 0.985996 0.0618703 
vn -0.193074 0.978148 0.0771341 
vn -0.230942 0.968583 0.0922626 
vn -0.268405 0.957319 0.107229 
vn -0.305397 0.944376 0.122008 
vn -0.341853 0.929776 0.136572 
vn -0.37771 0.913545 0.150897 
vn -0.412904 0.895712 0.164957 
vn -0.447373 0.876307 0.178728 
vn -0.481058 0.855364 0.192185 
vn -0.513899 0.832921 0.205305 
vn -0.545838 0.809017 0.218065 
vn -0.57682 0.783693 0.230442 
vn -0.606789 0.756995 0.242415 
vn -0.635694 0.728969 0.253963 
vn -0.663484 0.699663 0.265065 
vn -0.69011 0.669131 0.275703 
vn -0.715526 0.637424 0.285856 
vn -0.739686 0.604599 0.295508 
vn -0.762548 0.570714 0.304642 
vn -0.791943 0.5 0.350466 
vn -0.784073 0.535827 0.313241 
vn 0 1 0 
vn -0.0394533 0.999123 0.0140359 
vn -0.0788374 0.996493 0.0280472 
vn -0.118083 0.992115 0.0420093 
vn -0.157122 0.985996 0.0558977 
vn -0.195885 0.978148 0.069688 
vn -0.234304 0.968583 0.0833561 
vn -0.272312 0.957319 0.0968779 
vn -0.309843 0.944376 0.11023 
vn -0.34683 0.929776 0.123388 
vn -0.383208 0.913545 0.13633 
vn -0.418915 0.895712 0.149033 
vn -0.453886 0.876307 0.161475 
vn -0.488061 0.855364 0.173633 
vn -0.52138 0.832921 0.185486 
vn -0.553784 0.809017 0.197014 
vn -0.585217 0.783693 0.208197 
vn -0.615623 0.756995 0.219014 
vn -0.644949 0.728969 0.229447 
vn -0.673143 0.699663 0.239478 
vn -0.700157 0.669131 0.249088 
vn -0.725942 0.637424 0.258261 
vn -0.750454 0.604599 0.266982 
vn -0.773649 0.570714 0.275233 
vn -0.804222 0.5 0.321291 
vn -0.795487 0.535827 0.283002 
vn 0 1 0 
vn -0.0397179 0.999123 0.0132687 
vn -0.0793661 0.996493 0.0265142 
vn -0.118875 0.992115 0.0397132 
vn -0.158176 0.985996 0.0528424 
vn -0.197198 0.978148 0.065879 
vn -0.235875 0.968583 0.0788 
vn -0.274139 0.957319 0.0915828 
vn -0.311921 0.944376 0.104205 
vn -0.349156 0.929776 0.116644 
vn -0.385778 0.913545 0.128879 
vn -0.421724 0.895712 0.140887 
vn -0.45693 0.876307 0.152649 
vn -0.491334 0.855364 0.164142 
vn -0.524876 0.832921 0.175348 
vn -0.557498 0.809017 0.186246 
vn -0.589141 0.783693 0.196817 
vn -0.619751 0.756995 0.207043 
vn -0.649274 0.728969 0.216906 
vn -0.677657 0.699663 0.226388 
vn -0.704852 0.669131 0.235473 
vn -0.73081 0.637424 0.244145 
vn -0.755486 0.604599 0.252389 
vn -0.778837 0.570714 0.26019 
vn -0.815929 0.5 0.290275 
vn -0.800821 0.535827 0.267534 
vn 0 1 0 
vn -0.0400794 0.999123 0.0121331 
vn -0.0800885 0.996493 0.0242449 
vn -0.119957 0.992115 0.0363142 
vn -0.159615 0.985996 0.0483198 
vn -0.198993 0.978148 0.0602406 
vn -0.238022 0.968583 0.0720558 
vn -0.276634 0.957319 0.0837445 
vn -0.31476 0.944376 0.0952863 
vn -0.352334 0.929776 0.106661 
vn -0.38929 0.913545 0.117848 
vn -0.425563 0.895712 0.128829 
vn -0.461089 0.876307 0.139584 
vn -0.495806 0.855364 0.150094 
vn -0.529654 0.832921 0.16034 
vn -0.562572 0.809017 0.170306 
vn -0.594504 0.783693 0.179972 
vn -0.625392 0.756995 0.189323 
vn -0.655183 0.728969 0.198342 
vn -0.683825 0.699663 0.207012 
vn -0.711268 0.669131 0.21532 
vn -0.737462 0.637424 0.22325 
vn -0.762363 0.604599 0.230788 
vn -0.785926 0.570714 0.237921 
vn -0.821401 0.5 0.274409 
vn -0.80811 0.535827 0.244637 
vn 0 1 0 
vn -0.0404183 0.999123 0.0109514 
vn -0.0807656 0.996493 0.0218836 
vn -0.120971 0.992115 0.0327775 
vn -0.160965 0.985996 0.0436138 
vn -0.200676 0.978148 0.0543736 
vn -0.240035 0.968583 0.065038 
vn -0.278973 0.957319 0.0755883 
vn -0.317421 0.944376 0.086006 
vn -0.355313 0.929776 0.0962728 
vn -0.392581 0.913545 0.106371 
vn -0.429161 0.895712 0.116282 
vn -0.464987 0.876307 0.125989 
vn -0.499998 0.855364 0.135476 
vn -0.534132 0.832921 0.144724 
vn -0.567329 0.809017 0.153719 
vn -0.59953 0.783693 0.162444 
vn -0.63068 0.756995 0.170884 
vn -0.660723 0.728969 0.179024 
vn -0.689607 0.699663 0.186851 
vn -0.717281 0.669131 0.194349 
vn -0.743697 0.637424 0.201507 
vn -0.768809 0.604599 0.20831 
vn -0.792571 0.570714 0.214749 
vn -0.828877 0.5 0.250923 
vn -0.814943 0.535827 0.220811 
vn 0 1 0 
vn -0.0407324 0.999123 0.00971827 
vn -0.0813933 0.996493 0.0194195 
vn -0.121911 0.992115 0.0290867 
vn -0.162216 0.985996 0.0387028 
vn -0.202235 0.978148 0.048251 
vn -0.2419 0.968583 0.0577146 
vn -0.281141 0.957319 0.0670769 
vn -0.319888 0.944376 0.0763216 
vn -0.358074 0.929776 0.0854323 
vn -0.395632 0.913545 0.0943932 
vn -0.432496 0.895712 0.103189 
vn -0.468601 0.876307 0.111803 
vn -0.503884 0.855364 0.120221 
vn -0.538283 0.832921 0.128428 
vn -0.571738 0.809017 0.13641 
vn -0.604189 0.783693 0.144153 
vn -0.635581 0.756995 0.151642 
vn -0.665858 0.728969 0.158866 
vn -0.694966 0.699663 0.165811 
vn -0.722855 0.669131 0.172465 
vn -0.749477 0.637424 0.178817 
vn -0.774783 0.604599 0.184854 
vn -0.79873 0.570714 0.190568 
vn -0.835885 0.5 0.226485 
vn -0.821276 0.535827 0.195947 
vn 0 1 0 
vn -0.0410189 0.999123 0.00842758 
vn -0.0819657 0.996493 0.0168404 
vn -0.122769 0.992115 0.0252236 
vn -0.163357 0.985996 0.0335626 
vn -0.203658 0.978148 0.0418427 
vn -0.243602 0.968583 0.0500495 
vn -0.283118 0.957319 0.0581684 
vn -0.322138 0.944376 0.0661852 
vn -0.360593 0.929776 0.074086 
vn -0.398415 0.913545 0.0818568 
vn -0.435538 0.895712 0.0894839 
vn -0.471897 0.876307 0.0969541 
vn -0.507428 0.855364 0.104254 
vn -0.542069 0.832921 0.111371 
vn -0.575759 0.809017 0.118293 
vn -0.608439 0.783693 0.125008 
vn -0.640051 0.756995 0.131503 
vn -0.670541 0.728969 0.137767 
vn -0.699854 0.699663 0.143789 
vn -0.72794 0.669131 0.14956 
vn -0.754748 0.637424 0.155068 
vn -0.780232 0.604599 0.160304 
vn -0.804348 0.570714 0.165258 
vn -0.842381 0.5 0.200982 
vn -0.827052 0.535827 0.169923 
vn 0 1 0 
vn -0.0412741 0.999123 0.00707227 
vn -0.0824758 0.996493 0.0141321 
vn -0.123533 0.992115 0.0211672 
vn -0.164373 0.985996 0.0281651 
vn -0.204925 0.978148 0.0351136 
vn -0.245118 0.968583 0.0420006 
vn -0.28488 0.957319 0.0488138 
vn -0.324143 0.944376 0.0555414 
vn -0.362837 0.929776 0.0621716 
vn -0.400894 0.913545 0.0686927 
vn -0.438248 0.895712 0.0750932 
vn -0.474833 0.876307 0.0813621 
vn -0.510586 0.855364 0.0874882 
vn -0.545442 0.832921 0.0934608 
vn -0.579342 0.809017 0.0992695 
vn -0.612225 0.783693 0.104904 
vn -0.644034 0.756995 0.110354 
vn -0.674714 0.728969 0.115611 
vn -0.70421 0.699663 0.120665 
vn -0.73247 0.669131 0.125508 
vn -0.759445 0.637424 0.13013 
vn -0.785088 0.604599 0.134524 
vn -0.809354 0.570714 0.138682 
vn -0.848306 0.5 0.17429 
vn -0.832199 0.535827 0.142596 
vn 0 1 0 
vn -0.0414936 0.999123 0.00564361 
vn -0.0829144 0.996493 0.0112773 
vn -0.12419 0.992115 0.0168913 
vn -0.165247 0.985996 0.0224755 
vn -0.206015 0.978148 0.0280204 
vn -0.246421 0.968583 0.0335161 
vn -0.286395 0.957319 0.038953 
vn -0.325866 0.944376 0.0443216 
vn -0.364766 0.929776 0.0496124 
vn -0.403026 0.913545 0.0548162 
vn -0.440579 0.895712 0.0599238 
vn -0.477359 0.876307 0.0649263 
vn -0.513301 0.855364 0.0698149 
vn -0.548343 0.832921 0.074581 
vn -0.582423 0.809017 0.0792163 
vn -0.615481 0.783693 0.0837125 
vn -0.647459 0.756995 0.088062 
vn -0.678302 0.728969 0.0922569 
vn -0.707954 0.699663 0.09629 
vn -0.736365 0.669131 0.100154 
vn -0.763484 0.637424 0.103843 
vn -0.789263 0.604599 0.107349 
vn -0.813658 0.570714 0.110667 
vn -0.853585 0.5 0.146261 
vn -0.836625 0.535827 0.113791 
vn 0 1 0 
vn -0.0416715 0.999123 0.00412965 
vn -0.08327 0.996493 0.00825206 
vn -0.124722 0.992115 0.01236 
vn -0.165956 0.985996 0.0164462 
vn -0.206898 0.978148 0.0205036 
vn -0.247478 0.968583 0.0245251 
vn -0.287623 0.957319 0.0285035 
vn -0.327264 0.944376 0.0324318 
vn -0.36633 0.929776 0.0363033 
vn -0.404754 0.913545 0.0401112 
vn -0.442468 0.895712 0.0438486 
vn -0.479405 0.876307 0.0475091 
vn -0.515502 0.855364 0.0510863 
vn -0.550694 0.832921 0.0545738 
vn -0.58492 0.809017 0.0579656 
vn -0.61812 0.783693 0.0612557 
vn -0.650235 0.756995 0.0644384 
vn -0.68121 0.728969 0.067508 
vn -0.71099 0.699663 0.0704592 
vn -0.739522 0.669131 0.0732867 
vn -0.766757 0.637424 0.0759857 
vn -0.792647 0.604599 0.0785514 
vn -0.817146 0.570714 0.0809793 
vn -0.858124 0.5 0.116715 
vn -0.840212 0.535827 0.0832651 
vn 0 1 0 
vn -0.0417987 0.999123 0.00253781 
vn -0.083524 0.996493 0.00507117 
vn -0.125103 0.992115 0.00759563 
vn -0.166462 0.985996 0.0101068 
vn -0.20753 0.978148 0.0126002 
vn -0.248233 0.968583 0.0150715 
vn -0.288501 0.957319 0.0175163 
vn -0.328262 0.944376 0.0199305 
vn -0.367448 0.929776 0.0223096 
vn -0.405989 0.913545 0.0246497 
vn -0.443818 0.895712 0.0269464 
vn -0.480868 0.876307 0.029196 
vn -0.517075 0.855364 0.0313942 
vn -0.552374 0.832921 0.0335375 
vn -0.586705 0.809017 0.0356218 
vn -0.620006 0.783693 0.0376437 
vn -0.65222 0.756995 0.0395996 
vn -0.683289 0.728969 0.041486 
vn -0.713159 0.699663 0.0432995 
vn -0.741779 0.669131 0.0450372 
vn -0.769097 0.637424 0.0466958 
vn -0.795066 0.604599 0.0482725 
vn -0.81964 0.570714 0.0497645 
vn -0.861804 0.5 0.0854048 
vn -0.842776 0.535827 0.0511692 
vn 0 1 0 
vn -0.0418631 0.999123 0.00102645 
vn -0.0836527 0.996493 0.00205111 
vn -0.125296 0.992115 0.00307216 
vn -0.166719 0.985996 0.00408783 
vn -0.207849 0.978148 0.00509632 
vn -0.248615 0.968583 0.00609588 
vn -0.288945 0.957319 0.00708474 
vn -0.328768 0.944376 0.00806117 
vn -0.368014 0.929776 0.00902346 
vn -0.406614 0.913545 0.00996992 
vn -0.444502 0.895712 0.0108989 
vn -0.481609 0.876307 0.0118087 
vn -0.517871 0.855364 0.0126979 
vn -0.553225 0.832921 0.0135647 
vn -0.587609 0.809017 0.0144078 
vn -0.620961 0.783693 0.0152256 
vn -0.653224 0.756995 0.0160166 
vn -0.684341 0.728969 0.0167796 
vn -0.714258 0.699663 0.0175131 
vn -0.742922 0.669131 0.0182159 
vn -0.770282 0.637424 0.0188868 
vn -0.796291 0.604599 0.0195245 
vn -0.820902 0.570714 0.020128 
vn -0.864434 0.5 0.0524842 
vn -0.844074 0.535827 0.0206961 
vn 0 1 0 
vn -0.0418737 0.999123 -0.000406248 
vn -0.0836739 0.996493 -0.000811783 
vn -0.125327 0.992115 -0.00121589 
vn -0.166761 0.985996 -0.00161787 
vn -0.207902 0.978148 -0.00201701 
vn -0.248678 0.968583 -0.00241261 
vn -0.289018 0.957319 -0.00280398 
vn -0.328851 0.944376 -0.00319043 
vn -0.368107 0.929776 -0.00357129 
vn -0.406718 0.913545 -0.00394587 
vn -0.444614 0.895712 -0.00431354 
vn -0.481731 0.876307 -0.00467363 
vn -0.518003 0.855364 -0.00502553 
vn -0.553366 0.832921 -0.00536861 
vn -0.587758 0.809017 -0.00570228 
vn -0.621119 0.783693 -0.00602594 
vn -0.65339 0.756995 -0.00633903 
vn -0.684515 0.728969 -0.00664099 
vn -0.714439 0.699663 -0.00693131 
vn -0.74311 0.669131 -0.00720947 
vn -0.770477 0.637424 -0.00747498 
vn -0.796492 0.604599 -0.00772737 
vn -0.821111 0.570714 -0.00796621 
vn -0.865765 0.5 0.021228 
vn -0.844288 0.535827 -0.00819107 
vn 0 1 0 
vn -0.041834 0.999123 -0.00186684 
vn -0.0835947 0.996493 -0.00373041 
vn -0.125209 0.992115 -0.00558743 
vn -0.166603 0.985996 -0.00743465 
vn -0.207705 0.978148 -0.00926883 
vn -0.248443 0.968583 -0.0110867 
vn -0.288744 0.957319 -0.0128852 
vn -0.32854 0.944376 -0.0146611 
vn -0.367759 0.929776 -0.0164112 
vn -0.406332 0.913545 -0.0181326 
vn -0.444193 0.895712 -0.0198221 
vn -0.481275 0.876307 -0.0214769 
vn -0.517512 0.855364 -0.023094 
vn -0.552841 0.832921 -0.0246705 
vn -0.587201 0.809017 -0.0262038 
vn -0.62053 0.783693 -0.0276911 
vn -0.652771 0.756995 -0.0291299 
vn -0.683867 0.728969 -0.0305175 
vn -0.713762 0.699663 -0.0318516 
vn -0.742406 0.669131 -0.0331298 
vn -0.769747 0.637424 -0.0343499 
vn -0.795738 0.604599 -0.0355098 
vn -0.820333 0.570714 -0.0366073 
vn -0.865985 0.5 -0.00840157 
vn -0.843488 0.535827 -0.0376406 
vn 0 1 0 
vn -0.0417411 0.999123 -0.00335431 
vn -0.083409 0.996493 -0.00670273 
vn -0.124931 0.992115 -0.0100394 
vn -0.166233 0.985996 -0.0133584 
vn -0.207244 0.978148 -0.0166541 
vn -0.247891 0.968583 -0.0199205 
vn -0.288103 0.957319 -0.0231519 
vn -0.32781 0.944376 -0.0263427 
vn -0.366942 0.929776 -0.0294874 
vn -0.40543 0.913545 -0.0325803 
vn -0.443206 0.895712 -0.035616 
vn -0.480206 0.876307 -0.0385892 
vn -0.516362 0.855364 -0.0414948 
vn -0.551613 0.832921 -0.0443276 
vn -0.585897 0.809017 -0.0470825 
vn -0.619152 0.783693 -0.0497549 
vn -0.651321 0.756995 -0.05234 
vn -0.682347 0.728969 -0.0548333 
vn -0.712177 0.699663 -0.0572304 
vn -0.740757 0.669131 -0.0595271 
vn -0.768037 0.637424 -0.0617194 
vn -0.79397 0.604599 -0.0638033 
vn -0.818511 0.570714 -0.0657754 
vn -0.865164 0.5 -0.0386079 
vn -0.841615 0.535827 -0.067632 
vn 0 1 0 
vn -0.0415918 0.999123 -0.00486736 
vn -0.0831107 0.996493 -0.00972618 
vn -0.124484 0.992115 -0.0145679 
vn -0.165638 0.985996 -0.0193841 
vn -0.206502 0.978148 -0.0241663 
vn -0.247004 0.968583 -0.0289061 
vn -0.287073 0.957319 -0.0335952 
vn -0.326638 0.944376 -0.0382254 
vn -0.365629 0.929776 -0.0427885 
vn -0.40398 0.913545 -0.0472765 
vn -0.441621 0.895712 -0.0516816 
vn -0.478488 0.876307 -0.055996 
vn -0.514516 0.855364 -0.0602122 
vn -0.549641 0.832921 -0.0643227 
vn -0.583801 0.809017 -0.0683204 
vn -0.616938 0.783693 -0.0721983 
vn -0.648992 0.756995 -0.0759495 
vn -0.679907 0.728969 -0.0795674 
vn -0.70963 0.699663 -0.0830458 
vn -0.738108 0.669131 -0.0863785 
vn -0.765291 0.637424 -0.0895596 
vn -0.791131 0.604599 -0.0925836 
vn -0.815583 0.570714 -0.0954452 
vn -0.863243 0.5 -0.06937 
vn -0.838605 0.535827 -0.0981393 
vn 0 1 0 
vn -0.041383 0.999123 -0.00640442 
vn -0.0826934 0.996493 -0.0127976 
vn -0.123859 0.992115 -0.0191683 
vn -0.164807 0.985996 -0.0255054 
vn -0.205466 0.978148 -0.0317978 
vn -0.245764 0.968583 -0.0380344 
vn -0.285632 0.957319 -0.0442042 
vn -0.324998 0.944376 -0.0502965 
vn -0.363794 0.929776 -0.0563006 
vn -0.401952 0.913545 -0.0622059 
vn -0.439404 0.895712 -0.068002 
vn -0.476086 0.876307 -0.0736789 
vn -0.511933 0.855364 -0.0792265 
vn -0.546881 0.832921 -0.0846351 
vn -0.58087 0.809017 -0.0898953 
vn -0.61384 0.783693 -0.0949977 
vn -0.645734 0.756995 -0.0999335 
vn -0.676494 0.728969 -0.104694 
vn -0.706067 0.699663 -0.109271 
vn -0.734402 0.669131 -0.113656 
vn -0.761449 0.637424 -0.117841 
vn -0.787159 0.604599 -0.12182 
vn -0.811489 0.570714 -0.125586 
vn -0.860155 0.5 -0.100661 
vn -0.834395 0.535827 -0.129131 
vn 0 1 0 
vn -0.0411115 0.999123 -0.00796357 
vn -0.0821508 0.996493 -0.0159132 
vn -0.123046 0.992115 -0.0238348 
vn -0.163725 0.985996 -0.0317147 
vn -0.204117 0.978148 -0.0395389 
vn -0.244152 0.968583 -0.0472938 
vn -0.283757 0.957319 -0.0549657 
vn -0.322865 0.944376 -0.0625412 
vn -0.361407 0.929776 -0.0700069 
vn -0.399314 0.913545 -0.0773498 
vn -0.436521 0.895712 -0.0845571 
vn -0.472962 0.876307 -0.091616 
vn -0.508573 0.855364 -0.0985141 
vn -0.543293 0.832921 -0.105239 
vn -0.577059 0.809017 -0.11178 
vn -0.609812 0.783693 -0.118125 
vn -0.641496 0.756995 -0.124262 
vn -0.672055 0.728969 -0.130182 
vn -0.701434 0.699663 -0.135873 
vn -0.729583 0.669131 -0.141325 
vn -0.756452 0.637424 -0.14653 
vn -0.781994 0.604599 -0.151478 
vn -0.806164 0.570714 -0.156159 
vn -0.855837 0.5 -0.132449 
vn -0.82892 0.535827 -0.160567 
vn 0 1 0 
vn -0.0407739 0.999123 -0.00954254 
vn -0.0814763 0.996493 -0.0190683 
vn -0.122036 0.992115 -0.0285607 
vn -0.162381 0.985996 -0.0380029 
vn -0.202441 0.978148 -0.0473785 
vn -0.242147 0.968583 -0.0566709 
vn -0.281427 0.957319 -0.065864 
vn -0.320214 0.944376 -0.0749415 
vn -0.358439 0.929776 -0.0838875 
vn -0.396035 0.913545 -0.0926863 
vn -0.432937 0.895712 -0.101323 
vn -0.469079 0.876307 -0.109781 
vn -0.504398 0.855364 -0.118047 
vn -0.538832 0.832921 -0.126106 
vn -0.57232 0.809017 -0.133943 
vn -0.604805 0.783693 -0.141546 
vn -0.636229 0.756995 -0.1489 
vn -0.666536 0.728969 -0.155993 
vn -0.695675 0.699663 -0.162813 
vn -0.723592 0.669131 -0.169346 
vn -0.750241 0.637424 -0.175583 
vn -0.775573 0.604599 -0.181512 
vn -0.799545 0.570714 -0.187122 
vn -0.850221 0.5 -0.164694 
vn -0.822113 0.535827 -0.192404 
vn 0 1 0 
vn -0.0404062 0.999123 -0.010996 
vn -0.0807415 0.996493 -0.0219727 
vn -0.120935 0.992115 -0.0329108 
vn -0.160917 0.985996 -0.0437912 
vn -0.200616 0.978148 -0.0545948 
vn -0.239963 0.968583 -0.0653026 
vn -0.278889 0.957319 -0.0758959 
vn -0.317326 0.944376 -0.086356 
vn -0.355206 0.929776 -0.0966646 
vn -0.392464 0.913545 -0.106804 
vn -0.429032 0.895712 -0.116755 
vn -0.464848 0.876307 -0.126502 
vn -0.499849 0.855364 -0.136027 
vn -0.533972 0.832921 -0.145313 
vn -0.567159 0.809017 -0.154345 
vn -0.599351 0.783693 -0.163105 
vn -0.630491 0.756995 -0.17158 
vn -0.660525 0.728969 -0.179753 
vn -0.689401 0.699663 -0.187611 
vn -0.717067 0.669131 -0.19514 
vn -0.743475 0.637424 -0.202326 
vn -0.768578 0.604599 -0.209158 
vn -0.792334 0.570714 -0.215623 
vn -0.84324 0.5 -0.197348 
vn -0.814699 0.535827 -0.221709 
vn 0 1 0 
vn -0.0399727 0.999123 -0.01248 
vn -0.0798754 0.996493 -0.0249381 
vn -0.119638 0.992115 -0.0373525 
vn -0.15919 0.985996 -0.0497013 
vn -0.198464 0.978148 -0.061963 
vn -0.237389 0.968583 -0.0741159 
vn -0.275898 0.957319 -0.0861388 
vn -0.313922 0.944376 -0.0980106 
vn -0.351396 0.929776 -0.10971 
vn -0.388254 0.913545 -0.121218 
vn -0.42443 0.895712 -0.132513 
vn -0.459862 0.876307 -0.143575 
vn -0.494487 0.855364 -0.154385 
vn -0.528244 0.832921 -0.164925 
vn -0.561075 0.809017 -0.175175 
vn -0.592922 0.783693 -0.185118 
vn -0.623728 0.756995 -0.194736 
vn -0.65344 0.728969 -0.204012 
vn -0.682006 0.699663 -0.212931 
vn -0.709375 0.669131 -0.221476 
vn -0.7355 0.637424 -0.229632 
vn -0.760334 0.604599 -0.237386 
vn -0.783835 0.570714 -0.244723 
vn -0.835635 0.5 -0.227407 
vn -0.80596 0.535827 -0.251631 
vn 0 1 0 
vn -0.03948 0.999123 -0.0139606 
vn -0.0788907 0.996493 -0.0278968 
vn -0.118163 0.992115 -0.041784 
vn -0.157228 0.985996 -0.0555979 
vn -0.196017 0.978148 -0.0693143 
vn -0.234463 0.968583 -0.0829091 
vn -0.272497 0.957319 -0.0963584 
vn -0.310053 0.944376 -0.109639 
vn -0.347065 0.929776 -0.122727 
vn -0.383468 0.913545 -0.135599 
vn -0.419198 0.895712 -0.148234 
vn -0.454193 0.876307 -0.160609 
vn -0.488391 0.855364 -0.172702 
vn -0.521733 0.832921 -0.184492 
vn -0.554159 0.809017 -0.195958 
vn -0.585613 0.783693 -0.20708 
vn -0.616039 0.756995 -0.21784 
vn -0.645385 0.728969 -0.228217 
vn -0.673599 0.699663 -0.238193 
vn -0.70063 0.669131 -0.247752 
vn -0.726433 0.637424 -0.256876 
vn -0.750961 0.604599 -0.26555 
vn -0.774172 0.570714 -0.273758 
vn -0.826671 0.5 -0.258098 
vn -0.796025 0.535827 -0.281485 
vn 0 1 0 
vn -0.0389274 0.999123 -0.0154347 
vn -0.0777864 0.996493 -0.0308424 
vn -0.116509 0.992115 -0.046196 
vn -0.155027 0.985996 -0.0614685 
vn -0.193273 0.978148 -0.0766332 
vn -0.231181 0.968583 -0.0916634 
vn -0.268682 0.957319 -0.106533 
vn -0.305712 0.944376 -0.121215 
vn -0.342206 0.929776 -0.135685 
vn -0.3781 0.913545 -0.149917 
vn -0.41333 0.895712 -0.163886 
vn -0.447835 0.876307 -0.177567 
vn -0.481555 0.855364 -0.190937 
vn -0.514429 0.832921 -0.203972 
vn -0.546402 0.809017 -0.216649 
vn -0.577415 0.783693 -0.228946 
vn -0.607416 0.756995 -0.240841 
vn -0.636351 0.728969 -0.252314 
vn -0.664169 0.699663 -0.263344 
vn -0.690823 0.669131 -0.273912 
vn -0.716264 0.637424 -0.284 
vn -0.740449 0.604599 -0.293589 
vn -0.763335 0.570714 -0.302663 
vn -0.816481 0.5 -0.288719 
vn -0.784882 0.535827 -0.311207 
vn 0 1 0 
vn -0.0383144 0.999123 -0.016899 
vn -0.0765616 0.996493 -0.0337683 
vn -0.114675 0.992115 -0.0505784 
vn -0.152586 0.985996 -0.0672997 
vn -0.19023 0.978148 -0.083903 
vn -0.227541 0.968583 -0.100359 
vn -0.264452 0.957319 -0.116639 
vn -0.300899 0.944376 -0.132714 
vn -0.336818 0.929776 -0.148557 
vn -0.372147 0.913545 -0.164139 
vn -0.406822 0.895712 -0.179433 
vn -0.440784 0.876307 -0.194412 
vn -0.473973 0.855364 -0.20905 
vn -0.50633 0.832921 -0.223322 
vn -0.537798 0.809017 -0.237201 
vn -0.568324 0.783693 -0.250665 
vn -0.597852 0.756995 -0.263689 
vn -0.626331 0.728969 -0.27625 
vn -0.653712 0.699663 -0.288326 
vn -0.679946 0.669131 -0.299897 
vn -0.704987 0.637424 -0.310941 
vn -0.728791 0.604599 -0.32144 
vn -0.751316 0.570714 -0.331376 
vn -0.805052 0.5 -0.319204 
vn -0.772524 0.535827 -0.340729 
vn 0 1 0 
vn -0.0376411 0.999123 -0.0183498 
vn -0.0752162 0.996493 -0.0366674 
vn -0.112659 0.992115 -0.0549207 
vn -0.149905 0.985996 -0.0730777 
vn -0.186887 0.978148 -0.0911064 
vn -0.223542 0.968583 -0.108975 
vn -0.259804 0.957319 -0.126653 
vn -0.295611 0.944376 -0.144109 
vn -0.330899 0.929776 -0.161311 
vn -0.365607 0.913545 -0.178231 
vn -0.399673 0.895712 -0.194838 
vn -0.433038 0.876307 -0.211103 
vn -0.465643 0.855364 -0.226998 
vn -0.497432 0.832921 -0.242495 
vn -0.528348 0.809017 -0.257566 
vn -0.558336 0.783693 -0.272186 
vn -0.587346 0.756995 -0.286327 
vn -0.615325 0.728969 -0.299967 
vn -0.642224 0.699663 -0.31308 
vn -0.667997 0.669131 -0.325644 
vn -0.692598 0.637424 -0.337637 
vn -0.715984 0.604599 -0.349038 
vn -0.738113 0.570714 -0.359826 
vn -0.792376 0.5 -0.349485 
vn -0.758948 0.535827 -0.369983 
vn 0 1 0 
vn -0.0369076 0.999123 -0.0197837 
vn -0.0737505 0.996493 -0.0395328 
vn -0.110464 0.992115 -0.0592124 
vn -0.146984 0.985996 -0.0787882 
vn -0.183246 0.978148 -0.0982258 
vn -0.219186 0.968583 -0.117491 
vn -0.254742 0.957319 -0.13655 
vn -0.289851 0.944376 -0.15537 
vn -0.324451 0.929776 -0.173917 
vn -0.358483 0.913545 -0.192159 
vn -0.391885 0.895712 -0.210063 
vn -0.4246 0.876307 -0.2276 
vn -0.45657 0.855364 -0.244737 
vn -0.487739 0.832921 -0.261444 
vn -0.518052 0.809017 -0.277693 
vn -0.547457 0.783693 -0.293455 
vn -0.575901 0.756995 -0.308702 
vn -0.603334 0.728969 -0.323407 
vn -0.62971 0.699663 -0.337545 
vn -0.65498 0.669131 -0.351091 
vn -0.679102 0.637424 -0.364021 
vn -0.702032 0.604599 -0.376312 
vn -0.72373 0.570714 -0.387944 
vn -0.778452 0.5 -0.37949 
vn -0.744159 0.535827 -0.398894 
vn 0 1 0 
vn -0.0361145 0.999123 -0.0211971 
vn -0.0721656 0.996493 -0.0423569 
vn -0.10809 0.992115 -0.0634425 
vn -0.143825 0.985996 -0.0844168 
vn -0.179308 0.978148 -0.105243 
vn -0.214476 0.968583 -0.125884 
vn -0.249267 0.957319 -0.146305 
vn -0.283622 0.944376 -0.166469 
vn -0.317479 0.929776 -0.186341 
vn -0.350778 0.913545 -0.205886 
vn -0.383463 0.895712 -0.22507 
vn -0.415475 0.876307 -0.243859 
vn -0.446758 0.855364 -0.26222 
vn -0.477257 0.832921 -0.280122 
vn -0.506919 0.809017 -0.297531 
vn -0.535691 0.783693 -0.314419 
vn -0.563524 0.756995 -0.330755 
vn -0.590368 0.728969 -0.346511 
vn -0.616177 0.699663 -0.361659 
vn -0.640904 0.669131 -0.376173 
vn -0.664507 0.637424 -0.390027 
vn -0.686945 0.604599 -0.403196 
vn -0.708177 0.570714 -0.415658 
vn -0.763283 0.5 -0.409145 
vn -0.728167 0.535827 -0.427391 
vn 0 1 0 
vn -0.0352624 0.999123 -0.0225862 
vn -0.0704629 0.996493 -0.0451327 
vn -0.10554 0.992115 -0.0676001 
vn -0.140432 0.985996 -0.0899488 
vn -0.175077 0.978148 -0.11214 
vn -0.209415 0.968583 -0.134134 
vn -0.243386 0.957319 -0.155893 
vn -0.27693 0.944376 -0.177378 
vn -0.309988 0.929776 -0.198553 
vn -0.342502 0.913545 -0.219379 
vn -0.374416 0.895712 -0.23982 
vn -0.405672 0.876307 -0.25984 
vn -0.436217 0.855364 -0.279404 
vn -0.465996 0.832921 -0.298479 
vn -0.494958 0.809017 -0.317029 
vn -0.523052 0.783693 -0.335024 
vn -0.550228 0.756995 -0.352431 
vn -0.576439 0.728969 -0.369219 
vn -0.601639 0.699663 -0.38536 
vn -0.625783 0.669131 -0.400825 
vn -0.648829 0.637424 -0.415586 
vn -0.670737 0.604599 -0.429619 
vn -0.691468 0.570714 -0.442897 
vn -0.746879 0.5 -0.438374 
vn -0.710986 0.535827 -0.455399 
vn 0 1 0 
vn -0.0343525 0.999123 -0.0239474 
vn -0.0686446 0.996493 -0.0478528 
vn -0.102816 0.992115 -0.0716743 
vn -0.136808 0.985996 -0.09537 
vn -0.170559 0.978148 -0.118898 
vn -0.204011 0.968583 -0.142218 
vn -0.237106 0.957319 -0.165289 
vn -0.269784 0.944376 -0.188069 
vn -0.301989 0.929776 -0.210519 
vn -0.333664 0.913545 -0.2326 
vn -0.364754 0.895712 -0.254273 
vn -0.395204 0.876307 -0.2755 
vn -0.424961 0.855364 -0.296244 
vn -0.453972 0.832921 -0.316468 
vn -0.482186 0.809017 -0.336137 
vn -0.509555 0.783693 -0.355216 
vn -0.53603 0.756995 -0.373672 
vn -0.561564 0.728969 -0.391472 
vn -0.586114 0.699663 -0.408585 
vn -0.609635 0.669131 -0.424982 
vn -0.632086 0.637424 -0.440633 
vn -0.653429 0.604599 -0.455511 
vn -0.673625 0.570714 -0.46959 
vn -0.729257 0.5 -0.467102 
vn -0.69264 0.535827 -0.482846 
vn 0 1 0 
vn -0.0333351 0.999123 -0.0253445 
vn -0.0666117 0.996493 -0.0506445 
vn -0.0997714 0.992115 -0.0758557 
vn -0.132756 0.985996 -0.100934 
vn -0.165508 0.978148 -0.125835 
vn -0.197969 0.968583 -0.150515 
vn -0.230084 0.957319 -0.174931 
vn -0.261794 0.944376 -0.199041 
vn -0.293045 0.929776 -0.222801 
vn -0.323782 0.913545 -0.24617 
vn -0.353951 0.895712 -0.269107 
vn -0.3835 0.876307 -0.291573 
vn -0.412375 0.855364 -0.313526 
vn -0.440527 0.832921 -0.33493 
vn -0.467906 0.809017 -0.355746 
vn -0.494464 0.783693 -0.375938 
vn -0.520155 0.756995 -0.395471 
vn -0.544933 0.728969 -0.41431 
vn -0.568755 0.699663 -0.432422 
vn -0.59158 0.669131 -0.449775 
vn -0.613366 0.637424 -0.466339 
vn -0.634077 0.604599 -0.482085 
vn -0.653675 0.570714 -0.496986 
vn -0.710439 0.5 -0.495254 
vn -0.672127 0.535827 -0.511014 
vn -0.0322395 0.999123 -0.0267243 
vn -0.0644224 0.996493 -0.0534016 
vn -0.0964923 0.992115 -0.0799853 
vn -0.128393 0.985996 -0.106429 
vn -0.160068 0.978148 -0.132685 
vn -0.191463 0.968583 -0.158709 
vn -0.222522 0.957319 -0.184455 
vn -0.25319 0.944376 -0.209877 
vn -0.283414 0.929776 -0.23493 
vn -0.313141 0.913545 -0.259572 
vn -0.342318 0.895712 -0.283758 
vn -0.370895 0.876307 -0.307446 
vn -0.398822 0.855364 -0.330595 
vn -0.426048 0.832921 -0.353164 
vn -0.452528 0.809017 -0.375114 
vn -0.478213 0.783693 -0.396405 
vn -0.503059 0.756995 -0.417001 
vn -0.527023 0.728969 -0.436865 
vn -0.550063 0.699663 -0.455963 
vn -0.572137 0.669131 -0.474261 
vn -0.593207 0.637424 -0.491727 
vn -0.613237 0.604599 -0.508331 
vn -0.632191 0.570714 -0.524042 
vn -0.666741 0.5 -0.552681 
vn -0.689399 0.5 -0.524146 
vn -0.0310957 0.999123 -0.0280469 
vn 0 1 0 
vn -0.0621368 0.996493 -0.0560447 
vn -0.0930689 0.992115 -0.0839441 
vn -0.123838 0.985996 -0.111696 
vn -0.154389 0.978148 -0.139252 
vn -0.18467 0.968583 -0.166564 
vn -0.214627 0.957319 -0.193584 
vn -0.244207 0.944376 -0.220264 
vn -0.273359 0.929776 -0.246558 
vn -0.302031 0.913545 -0.272419 
vn -0.330173 0.895712 -0.297802 
vn -0.357736 0.876307 -0.322663 
vn -0.384672 0.855364 -0.346957 
vn -0.410933 0.832921 -0.370643 
vn -0.436473 0.809017 -0.393679 
vn -0.461247 0.783693 -0.416024 
vn -0.485211 0.756995 -0.43764 
vn -0.508325 0.728969 -0.458487 
vn -0.530547 0.699663 -0.47853 
vn -0.551838 0.669131 -0.497734 
vn -0.572161 0.637424 -0.516064 
vn -0.59148 0.604599 -0.533489 
vn -0.650036 0.535827 -0.538834 
vn -0.609762 0.570714 -0.549979 
vn -0.643086 0.5 -0.580035 
vn -0.0299077 0.999123 -0.0293104 
vn 0 1 0 
vn -0.0597629 0.996493 -0.0585694 
vn -0.0895133 0.992115 -0.0877257 
vn -0.119107 0.985996 -0.116728 
vn -0.148491 0.978148 -0.145526 
vn -0.177615 0.968583 -0.174068 
vn -0.206427 0.957319 -0.202305 
vn -0.234877 0.944376 -0.230187 
vn -0.262915 0.929776 -0.257665 
vn -0.290492 0.913545 -0.284691 
vn -0.317559 0.895712 -0.311218 
vn -0.344069 0.876307 -0.337198 
vn -0.369976 0.855364 -0.362588 
vn -0.395233 0.832921 -0.387341 
vn -0.419797 0.809017 -0.411414 
vn -0.443625 0.783693 -0.434766 
vn -0.466674 0.756995 -0.457355 
vn -0.488905 0.728969 -0.479142 
vn -0.510278 0.699663 -0.500088 
vn -0.530756 0.669131 -0.520156 
vn -0.550302 0.637424 -0.539313 
vn -0.568883 0.604599 -0.557523 
vn -0.626974 0.535827 -0.565503 
vn -0.586466 0.570714 -0.574755 
vn -0.618517 0.5 -0.606165 
vn -0.0286796 0.999123 -0.0305131 
vn 0 1 0 
vn -0.0573089 0.996493 -0.0609727 
vn -0.0858376 0.992115 -0.0913253 
vn -0.114216 0.985996 -0.121518 
vn -0.142394 0.978148 -0.151497 
vn -0.170322 0.968583 -0.18121 
vn -0.197951 0.957319 -0.210606 
vn -0.225233 0.944376 -0.239632 
vn -0.252119 0.929776 -0.268238 
vn -0.278564 0.913545 -0.296373 
vn -0.30452 0.895712 -0.323988 
vn -0.329941 0.876307 -0.351035 
vn -0.354784 0.855364 -0.377466 
vn -0.379004 0.832921 -0.403234 
vn -0.40256 0.809017 -0.428296 
vn -0.425409 0.783693 -0.452606 
vn -0.447512 0.756995 -0.476122 
vn -0.468829 0.728969 -0.498802 
vn -0.489325 0.699663 -0.520608 
vn -0.508962 0.669131 -0.5415 
vn -0.527706 0.637424 -0.561442 
vn -0.545524 0.604599 -0.5804 
vn -0.603021 0.535827 -0.590979 
vn -0.562385 0.570714 -0.598339 
vn -0.593119 0.5 -0.631038 
vn -0.0274154 0.999123 -0.0316538 
vn 0 1 0 
vn -0.0547828 0.996493 -0.0632521 
vn -0.082054 0.992115 -0.0947394 
vn -0.109181 0.985996 -0.126061 
vn -0.136117 0.978148 -0.15716 
vn -0.162814 0.968583 -0.187985 
vn -0.189225 0.957319 -0.218479 
vn -0.215305 0.944376 -0.24859 
vn -0.241006 0.929776 -0.278265 
vn -0.266285 0.913545 -0.307452 
vn -0.291097 0.895712 -0.3361 
vn -0.315398 0.876307 -0.364158 
vn -0.339146 0.855364 -0.391577 
vn -0.362298 0.832921 -0.418309 
vn -0.384815 0.809017 -0.444307 
vn -0.406657 0.783693 -0.469526 
vn -0.427786 0.756995 -0.493921 
vn -0.448164 0.728969 -0.517449 
vn -0.467756 0.699663 -0.54007 
vn -0.486527 0.669131 -0.561743 
vn -0.504445 0.637424 -0.582431 
vn -0.521478 0.604599 -0.602097 
vn -0.578259 0.535827 -0.615228 
vn -0.537596 0.570714 -0.620707 
vn -0.566976 0.5 -0.654629 
vn -0.0261191 0.999123 -0.0327317 
vn 0 1 0 
vn -0.0521924 0.996493 -0.0654059 
vn -0.0781741 0.992115 -0.0979655 
vn -0.104019 0.985996 -0.130353 
vn -0.129681 0.978148 -0.162512 
vn -0.155115 0.968583 -0.194386 
vn -0.180278 0.957319 -0.225919 
vn -0.205124 0.944376 -0.257055 
vn -0.22961 0.929776 -0.287741 
vn -0.253694 0.913545 -0.317922 
vn -0.277332 0.895712 -0.347545 
vn -0.300484 0.876307 -0.376558 
vn -0.323109 0.855364 -0.404911 
vn -0.345167 0.832921 -0.432553 
vn -0.366619 0.809017 -0.459436 
vn -0.387428 0.783693 -0.485514 
vn -0.407558 0.756995 -0.51074 
vn -0.426972 0.728969 -0.535069 
vn -0.445638 0.699663 -0.55846 
vn -0.463522 0.669131 -0.580872 
vn -0.480592 0.637424 -0.602264 
vn -0.496819 0.604599 -0.6226 
vn -0.55277 0.535827 -0.638228 
vn -0.512175 0.570714 -0.641843 
vn -0.540166 0.5 -0.67692 
vn -0.0247943 0.999123 -0.0337463 
vn 0 1 0 
vn -0.0495451 0.996493 -0.0674334 
vn -0.0742089 0.992115 -0.101002 
vn -0.0987426 0.985996 -0.134394 
vn -0.123103 0.978148 -0.16755 
vn -0.147248 0.968583 -0.200412 
vn -0.171134 0.957319 -0.232922 
vn -0.19472 0.944376 -0.265024 
vn -0.217964 0.929776 -0.29666 
vn -0.240826 0.913545 -0.327777 
vn -0.263265 0.895712 -0.358318 
vn -0.285243 0.876307 -0.388231 
vn -0.30672 0.855364 -0.417462 
vn -0.327659 0.832921 -0.445961 
vn -0.348024 0.809017 -0.473678 
vn -0.367777 0.783693 -0.500564 
vn -0.386886 0.756995 -0.526572 
vn -0.405316 0.728969 -0.551656 
vn -0.423034 0.699663 -0.575772 
vn -0.440011 0.669131 -0.598878 
vn -0.456216 0.637424 -0.620933 
vn -0.47162 0.604599 -0.641899 
vn -0.526633 0.535827 -0.65996 
vn -0.486197 0.570714 -0.661739 
vn -0.512768 0.5 -0.697904 
vn -0.0234445 0.999123 -0.0346976 
vn 0 1 0 
vn -0.0468479 0.996493 -0.0693344 
vn -0.0701691 0.992115 -0.103849 
vn -0.0933672 0.985996 -0.138182 
vn -0.116402 0.978148 -0.172273 
vn -0.139232 0.968583 -0.206061 
vn -0.161818 0.957319 -0.239488 
vn -0.184119 0.944376 -0.272495 
vn -0.206098 0.929776 -0.305023 
vn -0.227716 0.913545 -0.337017 
vn -0.248934 0.895712 -0.368419 
vn -0.269715 0.876307 -0.399175 
vn -0.290023 0.855364 -0.42923 
vn -0.309822 0.832921 -0.458533 
vn -0.329078 0.809017 -0.487031 
vn -0.347756 0.783693 -0.514675 
vn -0.365824 0.756995 -0.541416 
vn -0.383251 0.728969 -0.567207 
vn -0.400005 0.699663 -0.592003 
vn -0.416057 0.669131 -0.61576 
vn -0.43138 0.637424 -0.638437 
vn -0.445946 0.604599 -0.659994 
vn -0.499921 0.535827 -0.680418 
vn -0.459729 0.570714 -0.680393 
vn -0.484853 0.5 -0.717577 
vn -0.0228917 0.999123 -0.0350648 
vn 0 1 0 
vn -0.0457432 0.996493 -0.0700681 
vn -0.0685145 0.992115 -0.104948 
vn -0.0911656 0.985996 -0.139645 
vn -0.113657 0.978148 -0.174096 
vn -0.135948 0.968583 -0.208242 
vn -0.158002 0.957319 -0.242022 
vn -0.179778 0.944376 -0.275378 
vn -0.201238 0.929776 -0.308251 
vn -0.222346 0.913545 -0.340583 
vn -0.243064 0.895712 -0.372318 
vn -0.263355 0.876307 -0.403399 
vn -0.283184 0.855364 -0.433773 
vn -0.302516 0.832921 -0.463386 
vn -0.321318 0.809017 -0.492185 
vn -0.339556 0.783693 -0.520122 
vn -0.357198 0.756995 -0.547145 
vn -0.374214 0.728969 -0.573209 
vn -0.390573 0.699663 -0.598268 
vn -0.406247 0.669131 -0.622276 
vn -0.421208 0.637424 -0.645194 
vn -0.43543 0.604599 -0.666979 
vn -0.472706 0.535827 -0.699599 
vn -0.448888 0.570714 -0.687594 
vn -0.47342 0.5 -0.725171 
vn -0.0214928 0.999123 -0.0359393 
vn 0 1 0 
vn -0.0429478 0.996493 -0.0718155 
vn -0.0643275 0.992115 -0.107566 
vn -0.0855944 0.985996 -0.143127 
vn -0.106711 0.978148 -0.178438 
vn -0.127641 0.968583 -0.213435 
vn -0.148346 0.957319 -0.248058 
vn -0.168791 0.944376 -0.282246 
vn -0.188941 0.929776 -0.315938 
vn -0.208758 0.913545 -0.349077 
vn -0.22821 0.895712 -0.381603 
vn -0.247261 0.876307 -0.413459 
vn -0.265878 0.855364 -0.44459 
vn -0.284029 0.832921 -0.474942 
vn -0.301682 0.809017 -0.50446 
vn -0.318805 0.783693 -0.533093 
vn -0.335369 0.756995 -0.56079 
vn -0.351345 0.728969 -0.587504 
vn -0.366704 0.699663 -0.613188 
vn -0.381421 0.669131 -0.637795 
vn -0.395467 0.637424 -0.661284 
vn -0.408821 0.604599 -0.683612 
vn -0.461559 0.535827 -0.707003 
vn -0.421456 0.570714 -0.704741 
vn -0.444489 0.5 -0.743256 
vn -0.0200609 0.999123 -0.0367577 
vn 0 1 0 
vn -0.0400867 0.996493 -0.0734509 
vn -0.0600421 0.992115 -0.110015 
vn -0.0798922 0.985996 -0.146387 
vn -0.0996021 0.978148 -0.182501 
vn -0.119137 0.968583 -0.218296 
vn -0.138463 0.957319 -0.253707 
vn -0.157547 0.944376 -0.288673 
vn -0.176354 0.929776 -0.323133 
vn -0.194851 0.913545 -0.357026 
vn -0.213007 0.895712 -0.390293 
vn -0.230789 0.876307 -0.422875 
vn -0.248166 0.855364 -0.454715 
vn -0.265108 0.832921 -0.485757 
vn -0.281584 0.809017 -0.515948 
vn -0.297567 0.783693 -0.545233 
vn -0.313027 0.756995 -0.573561 
vn -0.327939 0.728969 -0.600883 
vn -0.342275 0.699663 -0.627152 
vn -0.356011 0.669131 -0.652319 
vn -0.369122 0.637424 -0.676343 
vn -0.381585 0.604599 -0.69918 
vn -0.433353 0.535827 -0.724634 
vn -0.393379 0.570714 -0.72079 
vn -0.414878 0.5 -0.760182 
vn -0.0185985 0.999123 -0.0375189 
vn 0 1 0 
vn -0.0371643 0.996493 -0.074972 
vn -0.0556649 0.992115 -0.112294 
vn -0.0740679 0.985996 -0.149418 
vn -0.092341 0.978148 -0.18628 
vn -0.110452 0.968583 -0.222816 
vn -0.128369 0.957319 -0.258961 
vn -0.146061 0.944376 -0.294651 
vn -0.163497 0.929776 -0.329825 
vn -0.180646 0.913545 -0.36442 
vn -0.197478 0.895712 -0.398375 
vn -0.213964 0.876307 -0.431632 
vn -0.230074 0.855364 -0.464131 
vn -0.245781 0.832921 -0.495816 
vn -0.261056 0.809017 -0.526632 
vn -0.275874 0.783693 -0.556523 
vn -0.290207 0.756995 -0.585438 
vn -0.304032 0.728969 -0.613327 
vn -0.317323 0.699663 -0.640139 
vn -0.330057 0.669131 -0.665828 
vn -0.342212 0.637424 -0.690349 
vn -0.353767 0.604599 -0.713659 
vn -0.404483 0.535827 -0.741136 
vn -0.364702 0.570714 -0.735717 
vn -0.384633 0.5 -0.775924 
vn -0.0171076 0.999123 -0.0382217 
vn 0 1 0 
vn -0.0341852 0.996493 -0.0763764 
vn -0.0512029 0.992115 -0.114397 
vn -0.0681307 0.985996 -0.152217 
vn -0.084939 0.978148 -0.18977 
vn -0.101598 0.968583 -0.22699 
vn -0.118079 0.957319 -0.263812 
vn -0.134353 0.944376 -0.300171 
vn -0.150391 0.929776 -0.336003 
vn -0.166166 0.913545 -0.371246 
vn -0.181649 0.895712 -0.405838 
vn -0.196813 0.876307 -0.439717 
vn -0.211632 0.855364 -0.472826 
vn -0.226079 0.832921 -0.505104 
vn -0.24013 0.809017 -0.536497 
vn -0.25376 0.783693 -0.566948 
vn -0.266944 0.756995 -0.596405 
vn -0.279661 0.728969 -0.624816 
vn -0.291886 0.699663 -0.65213 
vn -0.3036 0.669131 -0.6783 
vn -0.314781 0.637424 -0.703281 
vn -0.325409 0.604599 -0.727027 
vn -0.374996 0.535827 -0.756484 
vn -0.335467 0.570714 -0.749498 
vn -0.353801 0.5 -0.790459 
vn -0.0155907 0.999123 -0.0388652 
vn 0 1 0 
vn -0.031154 0.996493 -0.0776621 
vn -0.0466627 0.992115 -0.116323 
vn -0.0620895 0.985996 -0.15478 
vn -0.0774074 0.978148 -0.192965 
vn -0.0925895 0.968583 -0.230811 
vn -0.107609 0.957319 -0.268253 
vn -0.12244 0.944376 -0.305224 
vn -0.137056 0.929776 -0.34166 
vn -0.151432 0.913545 -0.377496 
vn -0.165542 0.895712 -0.41267 
vn -0.179361 0.876307 -0.44712 
vn -0.192866 0.855364 -0.480785 
vn -0.206033 0.832921 -0.513608 
vn -0.218838 0.809017 -0.545529 
vn -0.231259 0.783693 -0.576493 
vn -0.243274 0.756995 -0.606445 
vn -0.254863 0.728969 -0.635334 
vn -0.266005 0.699663 -0.663108 
vn -0.276679 0.669131 -0.689719 
vn -0.286869 0.637424 -0.71512 
vn -0.296555 0.604599 -0.739266 
vn -0.344937 0.535827 -0.770655 
vn -0.305721 0.570714 -0.762116 
vn -0.322429 0.5 -0.803766 
vn 0 1 0 
vn -0.0138951 0.999123 -0.0395031 
vn -0.0277658 0.996493 -0.0789369 
vn -0.0415879 0.992115 -0.118232 
vn -0.0553369 0.985996 -0.15732 
vn -0.0689889 0.978148 -0.196132 
vn -0.0825199 0.968583 -0.2346 
vn -0.095906 0.957319 -0.272656 
vn -0.109124 0.944376 -0.310234 
vn -0.12215 0.929776 -0.347268 
vn -0.134963 0.913545 -0.383692 
vn -0.147538 0.895712 -0.419444 
vn -0.159855 0.876307 -0.454459 
vn -0.171891 0.855364 -0.488677 
vn -0.183625 0.832921 -0.522038 
vn -0.195038 0.809017 -0.554483 
vn -0.206108 0.783693 -0.585956 
vn -0.216817 0.756995 -0.6164 
vn -0.227145 0.728969 -0.645763 
vn -0.237075 0.699663 -0.673993 
vn -0.246589 0.669131 -0.701041 
vn -0.25567 0.637424 -0.726859 
vn -0.264303 0.604599 -0.751401 
vn -0.314351 0.535827 -0.783628 
vn -0.272472 0.570714 -0.774626 
vn -0.287363 0.5 -0.816959 
vn -0.0122357 0.999123 -0.0400482 
vn 0 1 0 
vn -0.02445 0.996493 -0.0800261 
vn -0.0366214 0.992115 -0.119864 
vn -0.0487285 0.985996 -0.159491 
vn -0.0607501 0.978148 -0.198838 
vn -0.0726652 0.968583 -0.237837 
vn -0.0844528 0.957319 -0.276418 
vn -0.0960922 0.944376 -0.314515 
vn -0.107563 0.929776 -0.352059 
vn -0.118845 0.913545 -0.388987 
vn -0.129919 0.895712 -0.425231 
vn -0.140765 0.876307 -0.46073 
vn -0.151363 0.855364 -0.49542 
vn -0.161697 0.832921 -0.529241 
vn -0.171746 0.809017 -0.562134 
vn -0.181494 0.783693 -0.594041 
vn -0.190924 0.756995 -0.624905 
vn -0.200019 0.728969 -0.654673 
vn -0.208763 0.699663 -0.683293 
vn -0.217141 0.669131 -0.710714 
vn -0.225138 0.637424 -0.736888 
vn -0.23274 0.604599 -0.761769 
vn -0.280163 0.535827 -0.796491 
vn -0.239933 0.570714 -0.785314 
vn -0.253046 0.5 -0.828232 
vn 0 1 0 
vn -0.246706 0.535827 -0.807481 
vn 0 -1 0 
usemtl 0.176471_0.172549_0.172549_0.000000_0.000000
o mesh0
f 1//1 2//1 3//1 
f 4//1 5//1 1//1 
f 4//1 6//1 5//1 
f 4//1 7//1 6//1 
f 4//1 8//1 7//1 
f 3//1 4//1 1//1 
f 9//1 10//1 8//1 
f 9//1 11//1 10//1 
f 4//1 9//1 8//1 
f 9//1 12//1 11//1 
f 12//1 13//1 11//1 
f 13//1 14//1 11//1 
f 11//1 15//1 16//1 
f 14//1 17//1 11//1 
f 16//1 18//1 11//1 
f 17//1 19//1 11//1 
f 11//1 20//1 15//1 
f 19//1 21//1 11//1 
f 11//1 22//1 23//1 
f 18//1 24//1 11//1 
f 21//1 25//1 11//1 
f 11//1 26//1 22//1 
f 25//1 20//1 11//1 
f 27//1 28//1 29//1 
f 23//1 30//1 11//1 
f 24//1 31//1 11//1 
f 27//1 32//1 28//1 
f 11//1 33//1 26//1 
f 31//1 34//1 11//1 
f 35//1 36//1 37//1 
f 38//1 39//1 40//1 
f 41//1 42//1 43//1 
f 27//1 44//1 32//1 
f 27//1 45//1 46//1 
f 34//1 33//1 11//1 
f 35//1 47//1 36//1 
f 48//1 49//1 50//1 
f 48//1 51//1 52//1 
f 53//1 54//1 55//1 
f 38//1 56//1 39//1 
f 57//1 38//1 41//1 
f 27//1 58//1 44//1 
f 46//1 59//1 27//1 
f 30//1 60//1 11//1 
f 61//1 62//1 63//1 
f 37//1 64//1 35//1 
f 50//1 65//1 48//1 
f 48//1 66//1 67//1 
f 52//1 68//1 48//1 
f 69//1 70//1 71//1 
f 53//1 72//1 54//1 
f 53//1 73//1 74//1 
f 40//1 75//1 38//1 
f 43//1 57//1 41//1 
f 27//1 76//1 58//1 
f 59//1 77//1 27//1 
f 27//1 78//1 79//1 
f 60//1 80//1 11//1 
f 61//1 81//1 62//1 
f 64//1 82//1 35//1 
f 65//1 83//1 48//1 
f 48//1 84//1 66//1 
f 48//1 85//1 51//1 
f 48//1 86//1 87//1 
f 69//1 88//1 89//1 
f 69//1 90//1 70//1 
f 55//1 91//1 53//1 
f 53//1 92//1 73//1 
f 57//1 56//1 38//1 
f 77//1 76//1 27//1 
f 79//1 93//1 27//1 
f 80//1 94//1 11//1 
f 61//1 95//1 81//1 
f 61//1 27//1 96//1 
f 35//1 97//1 47//1 
f 83//1 98//1 48//1 
f 68//1 84//1 48//1 
f 87//1 99//1 48//1 
f 89//1 100//1 69//1 
f 69//1 101//1 90//1 
f 74//1 72//1 53//1 
f 102//1 103//1 38//1 
f 27//1 104//1 45//1 
f 93//1 105//1 27//1 
f 94//1 106//1 11//1 
f 96//1 95//1 61//1 
f 35//1 107//1 97//1 
f 98//1 108//1 48//1 
f 67//1 109//1 48//1 
f 48//1 110//1 86//1 
f 100//1 111//1 69//1 
f 69//1 112//1 101//1 
f 53//1 102//1 92//1 
f 102//1 53//1 103//1 
f 105//1 104//1 27//1 
f 106//1 113//1 11//1 
f 63//1 114//1 61//1 
f 35//1 115//1 107//1 
f 48//1 116//1 117//1 
f 109//1 49//1 48//1 
f 48//1 118//1 110//1 
f 111//1 119//1 69//1 
f 71//1 120//1 69//1 
f 75//1 102//1 38//1 
f 27//1 61//1 78//1 
f 114//1 11//1 61//1 
f 35//1 121//1 115//1 
f 48//1 122//1 116//1 
f 108//1 123//1 48//1 
f 99//1 124//1 48//1 
f 119//1 125//1 69//1 
f 120//1 126//1 69//1 
f 91//1 127//1 53//1 
f 113//1 61//1 11//1 
f 82//1 128//1 35//1 
f 117//1 129//1 48//1 
f 123//1 130//1 48//1 
f 48//1 131//1 118//1 
f 69//1 132//1 133//1 
f 125//1 134//1 69//1 
f 126//1 135//1 69//1 
f 136//1 137//1 53//1 
f 128//1 27//1 35//1 
f 138//1 121//1 35//1 
f 130//1 122//1 48//1 
f 48//1 139//1 131//1 
f 134//1 132//1 69//1 
f 69//1 136//1 112//1 
f 136//1 69//1 137//1 
f 35//1 140//1 138//1 
f 141//1 138//1 140//1 
f 129//1 142//1 48//1 
f 124//1 143//1 48//1 
f 69//1 144//1 88//1 
f 127//1 136//1 53//1 
f 145//1 48//1 146//1 
f 140//1 147//1 141//1 
f 148//1 141//1 147//1 
f 149//1 148//1 150//1 
f 151//1 149//1 152//1 
f 143//1 85//1 48//1 
f 135//1 144//1 69//1 
f 146//1 153//1 145//1 
f 147//1 150//1 148//1 
f 150//1 154//1 149//1 
f 152//1 155//1 151//1 
f 48//1 145//1 139//1 
f 153//1 69//1 145//1 
f 154//1 152//1 149//1 
f 155//1 156//1 151//1 
f 157//1 158//1 159//1 
f 157//1 151//1 160//1 
f 161//1 162//1 48//1 
f 133//1 145//1 69//1 
f 156//1 160//1 151//1 
f 160//1 158//1 157//1 
f 163//1 164//1 165//1 
f 163//1 157//1 166//1 
f 167//1 168//1 162//1 
f 142//1 169//1 48//1 
f 159//1 166//1 157//1 
f 166//1 164//1 163//1 
f 170//1 171//1 172//1 
f 170//1 163//1 173//1 
f 174//1 175//1 176//1 
f 177//1 178//1 179//1 
f 180//1 181//1 168//1 
f 180//1 179//1 182//1 
f 48//1 169//1 161//1 
f 165//1 173//1 163//1 
f 173//1 171//1 170//1 
f 176//1 183//1 174//1 
f 174//1 170//1 184//1 
f 177//1 185//1 178//1 
f 182//1 181//1 180//1 
f 162//1 161//1 167//1 
f 172//1 184//1 170//1 
f 184//1 175//1 174//1 
f 174//1 186//1 187//1 
f 174//1 188//1 189//1 
f 190//1 191//1 192//1 
f 190//1 187//1 193//1 
f 177//1 192//1 185//1 
f 167//1 194//1 168//1 
f 183//1 188//1 174//1 
f 189//1 186//1 174//1 
f 193//1 191//1 190//1 
f 168//1 194//1 180//1 
f 187//1 190//1 174//1 
f 179//1 180//1 177//1 
f 192//1 177//1 190//1 
f 29//1 35//1 27//1 
o mesh1
f 388//2 389//3 64//4 
f 390//5 389//3 388//2 
f 391//6 390//5 392//7 
f 393//8 391//6 394//9 
f 395//10 393//8 396//11 
f 397//12 395//10 398//13 
f 399//14 397//12 400//15 
f 401//16 399//14 402//17 
f 403//18 401//16 404//19 
f 405//20 403//18 406//21 
f 407//22 405//20 408//23 
f 409//24 407//22 410//25 
f 411//26 409//24 412//27 
f 413//28 411//26 414//29 
f 415//30 413//28 416//31 
f 417//32 415//30 418//33 
f 419//34 417//32 420//35 
f 421//36 419//34 422//37 
f 423//38 421//36 424//39 
f 425//40 423//38 426//41 
f 427//42 425//40 428//43 
f 429//44 427//42 430//45 
f 431//46 429//44 432//47 
f 433//48 431//46 434//49 
f 195//50 196//51 433//48 
f 435//52 388//2 37//53 
f 392//7 388//2 435//52 
f 394//9 392//7 436//54 
f 396//11 394//9 437//55 
f 398//13 396//11 438//56 
f 400//15 398//13 439//57 
f 402//17 400//15 440//58 
f 404//19 402//17 441//59 
f 406//21 404//19 442//60 
f 408//23 406//21 443//61 
f 410//25 408//23 444//62 
f 412//27 410//25 445//63 
f 414//29 412//27 446//64 
f 416//31 414//29 447//65 
f 418//33 416//31 448//66 
f 420//35 418//33 449//67 
f 422//37 420//35 450//68 
f 424//39 422//37 451//69 
f 426//41 424//39 452//70 
f 428//43 426//41 453//71 
f 430//45 428//43 454//72 
f 432//47 430//45 455//73 
f 434//49 432//47 456//74 
f 457//75 434//49 458//76 
f 197//77 195//50 457//75 
f 459//78 435//52 36//79 
f 436//54 435//52 459//78 
f 437//55 436//54 460//80 
f 438//56 437//55 461//81 
f 439//57 438//56 462//82 
f 440//58 439//57 463//83 
f 441//59 440//58 464//84 
f 442//60 441//59 465//85 
f 443//61 442//60 466//86 
f 444//62 443//61 467//87 
f 445//63 444//62 468//88 
f 446//64 445//63 469//89 
f 447//65 446//64 470//90 
f 448//66 447//65 471//91 
f 449//67 448//66 472//92 
f 450//68 449//67 473//93 
f 451//69 450//68 474//94 
f 452//70 451//69 475//95 
f 453//71 452//70 476//96 
f 454//72 453//71 477//97 
f 455//73 454//72 478//98 
f 456//74 455//73 479//99 
f 458//76 456//74 480//100 
f 481//101 458//76 482//102 
f 198//103 197//77 481//101 
f 483//104 459//78 47//105 
f 460//80 459//78 483//104 
f 461//81 460//80 484//106 
f 462//82 461//81 485//107 
f 463//83 462//82 486//108 
f 464//84 463//83 487//109 
f 465//85 464//84 488//110 
f 466//86 465//85 489//111 
f 467//87 466//86 490//112 
f 468//88 467//87 491//113 
f 469//89 468//88 492//114 
f 470//90 469//89 493//115 
f 471//91 470//90 494//116 
f 472//92 471//91 495//117 
f 473//93 472//92 496//118 
f 474//94 473//93 497//119 
f 475//95 474//94 498//120 
f 476//96 475//95 499//121 
f 477//97 476//96 500//122 
f 478//98 477//97 501//123 
f 479//99 478//98 502//124 
f 480//100 479//99 503//125 
f 482//102 480//100 504//126 
f 505//127 482//102 506//128 
f 199//129 198//103 505//127 
f 507//130 483//104 97//131 
f 484//106 483//104 507//130 
f 485//107 484//106 508//132 
f 486//108 485//107 509//133 
f 487//109 486//108 510//134 
f 488//110 487//109 511//135 
f 489//111 488//110 512//136 
f 490//112 489//111 513//137 
f 491//113 490//112 514//138 
f 492//114 491//113 515//139 
f 493//115 492//114 516//140 
f 494//116 493//115 517//141 
f 495//117 494//116 518//142 
f 496//118 495//117 519//143 
f 497//119 496//118 520//144 
f 498//120 497//119 521//145 
f 499//121 498//120 522//146 
f 500//122 499//121 523//147 
f 501//123 500//122 524//148 
f 502//124 501//123 525//149 
f 503//125 502//124 526//150 
f 504//126 503//125 527//151 
f 506//128 504//126 528//152 
f 529//153 506//128 530//154 
f 200//155 199//129 529//153 
f 531//156 507//130 107//157 
f 508//132 507//130 531//156 
f 509//133 508//132 532//158 
f 510//134 509//133 533//159 
f 511//135 510//134 534//160 
f 512//136 511//135 535//161 
f 513//137 512//136 536//162 
f 514//138 513//137 537//163 
f 515//139 514//138 538//164 
f 516//140 515//139 539//165 
f 517//141 516//140 540//166 
f 518//142 517//141 541//167 
f 519//143 518//142 542//168 
f 520//144 519//143 543//169 
f 521//145 520//144 544//170 
f 522//146 521//145 545//171 
f 523//147 522//146 546//172 
f 524//148 523//147 547//173 
f 525//149 524//148 548//174 
f 526//150 525//149 549//175 
f 527//151 526//150 550//176 
f 528//152 527//151 551//177 
f 530//154 528//152 552//178 
f 553//179 530//154 554//180 
f 201//181 200//155 553//179 
f 555//182 531//156 115//183 
f 532//158 531//156 555//182 
f 533//159 532//158 556//184 
f 534//160 533//159 557//185 
f 535//161 534//160 558//186 
f 536//162 535//161 559//187 
f 537//163 536//162 560//188 
f 538//164 537//163 561//189 
f 539//165 538//164 562//190 
f 540//166 539//165 563//191 
f 541//167 540//166 564//192 
f 542//168 541//167 565//193 
f 543//169 542//168 566//194 
f 544//170 543//169 567//195 
f 545//171 544//170 568//196 
f 546//172 545//171 569//197 
f 547//173 546//172 570//198 
f 548//174 547//173 571//199 
f 549//175 548//174 572//200 
f 550//176 549//175 573//201 
f 551//177 550//176 574//202 
f 552//178 551//177 575//203 
f 554//180 552//178 576//204 
f 577//205 554//180 578//206 
f 202//207 201//181 577//205 
f 579//208 555//182 121//209 
f 556//184 555//182 579//208 
f 557//185 556//184 580//210 
f 558//186 557//185 581//211 
f 559//187 558//186 582//212 
f 560//188 559//187 583//213 
f 561//189 560//188 584//214 
f 562//190 561//189 585//215 
f 563//191 562//190 586//216 
f 564//192 563//191 587//217 
f 565//193 564//192 588//218 
f 566//194 565//193 589//219 
f 567//195 566//194 590//220 
f 568//196 567//195 591//221 
f 569//197 568//196 592//222 
f 570//198 569//197 593//223 
f 571//199 570//198 594//224 
f 572//200 571//199 595//225 
f 573//201 572//200 596//226 
f 574//202 573//201 597//227 
f 575//203 574//202 598//228 
f 576//204 575//203 599//229 
f 578//206 576//204 600//230 
f 601//231 578//206 602//232 
f 203//233 202//207 601//231 
f 603//234 579//208 138//235 
f 580//210 579//208 603//234 
f 581//211 580//210 604//236 
f 582//212 581//211 605//237 
f 583//213 582//212 606//238 
f 584//214 583//213 607//239 
f 585//215 584//214 608//240 
f 586//216 585//215 609//241 
f 587//217 586//216 610//242 
f 588//218 587//217 611//243 
f 589//219 588//218 612//244 
f 590//220 589//219 613//245 
f 591//221 590//220 614//246 
f 592//222 591//221 615//247 
f 593//223 592//222 616//248 
f 594//224 593//223 617//249 
f 595//225 594//224 618//250 
f 596//226 595//225 619//251 
f 597//227 596//226 620//252 
f 598//228 597//227 621//253 
f 599//229 598//228 622//254 
f 600//230 599//229 623//255 
f 602//232 600//230 624//256 
f 625//257 602//232 626//258 
f 204//259 203//233 625//257 
f 627//260 603//234 141//261 
f 604//236 603//234 627//260 
f 605//237 604//236 628//262 
f 606//238 605//237 629//263 
f 607//239 606//238 630//264 
f 608//240 607//239 631//265 
f 609//241 608//240 632//266 
f 610//242 609//241 633//267 
f 611//243 610//242 634//268 
f 612//244 611//243 635//269 
f 613//245 612//244 636//270 
f 614//246 613//245 637//271 
f 615//247 614//246 638//272 
f 616//248 615//247 639//273 
f 617//249 616//248 640//274 
f 618//250 617//249 641//275 
f 619//251 618//250 642//276 
f 620//252 619//251 643//277 
f 621//253 620//252 644//278 
f 622//254 621//253 645//279 
f 623//255 622//254 646//280 
f 624//256 623//255 647//281 
f 626//258 624//256 648//282 
f 649//283 626//258 650//284 
f 205//285 204//259 649//283 
f 148//286 149//286 651//287 
f 628//262 627//260 651//287 
f 629//263 628//262 652//288 
f 630//264 629//263 653//289 
f 631//265 630//264 654//290 
f 632//266 631//265 655//291 
f 633//267 632//266 656//292 
f 634//268 633//267 657//293 
f 635//269 634//268 658//294 
f 636//270 635//269 659//295 
f 637//271 636//270 660//296 
f 638//272 637//271 661//297 
f 639//273 638//272 662//298 
f 640//274 639//273 663//299 
f 641//275 640//274 664//300 
f 642//276 641//275 665//301 
f 643//277 642//276 666//302 
f 644//278 643//277 667//303 
f 645//279 644//278 668//304 
f 646//280 645//279 669//305 
f 647//281 646//280 670//306 
f 648//282 647//281 671//307 
f 650//284 648//282 672//308 
f 673//309 650//284 674//310 
f 673//309 675//311 206//312 
f 149//286 151//313 676//314 
f 652//288 651//287 676//314 
f 653//289 652//288 677//315 
f 654//290 653//289 678//316 
f 655//291 654//290 679//317 
f 656//292 655//291 680//318 
f 657//293 656//292 681//319 
f 658//294 657//293 682//320 
f 659//295 658//294 683//321 
f 660//296 659//295 684//322 
f 661//297 660//296 685//323 
f 662//298 661//297 686//324 
f 663//299 662//298 687//325 
f 664//300 663//299 688//326 
f 665//301 664//300 689//327 
f 666//302 665//301 690//328 
f 667//303 666//302 691//329 
f 668//304 667//303 692//330 
f 669//305 668//304 693//331 
f 670//306 669//305 694//332 
f 671//307 670//306 695//333 
f 672//308 671//307 696//334 
f 674//310 672//308 697//335 
f 675//311 674//310 698//336 
f 675//311 699//337 207//338 
f 151//313 157//339 700//340 
f 677//315 676//314 700//340 
f 678//316 677//315 701//341 
f 679//317 678//316 702//342 
f 680//318 679//317 703//343 
f 681//319 680//318 704//344 
f 682//320 681//319 705//345 
f 683//321 682//320 706//346 
f 684//322 683//321 707//347 
f 685//323 684//322 708//348 
f 686//324 685//323 709//349 
f 687//325 686//324 710//350 
f 688//326 687//325 711//351 
f 689//327 688//326 712//352 
f 690//328 689//327 713//353 
f 691//329 690//328 714//354 
f 692//330 691//329 715//355 
f 693//331 692//330 716//356 
f 694//332 693//331 717//357 
f 695//333 694//332 718//358 
f 696//334 695//333 719//359 
f 697//335 696//334 720//360 
f 698//336 697//335 721//361 
f 699//337 698//336 722//362 
f 699//337 723//363 208//364 
f 157//339 163//365 724//366 
f 701//341 700//340 724//366 
f 702//342 701//341 725//367 
f 703//343 702//342 726//368 
f 704//344 703//343 727//369 
f 705//345 704//344 728//370 
f 706//346 705//345 729//371 
f 707//347 706//346 730//372 
f 708//348 707//347 731//373 
f 709//349 708//348 732//374 
f 710//350 709//349 733//375 
f 711//351 710//350 734//376 
f 712//352 711//351 735//377 
f 713//353 712//352 736//378 
f 714//354 713//353 737//379 
f 715//355 714//354 738//380 
f 716//356 715//355 739//381 
f 717//357 716//356 740//382 
f 718//358 717//357 741//383 
f 719//359 718//358 742//384 
f 720//360 719//359 743//385 
f 721//361 720//360 744//386 
f 722//362 721//361 745//387 
f 723//363 722//362 746//388 
f 723//363 747//389 209//390 
f 163//365 170//391 748//392 
f 725//367 724//366 748//392 
f 726//368 725//367 749//393 
f 727//369 726//368 750//394 
f 728//370 727//369 751//395 
f 729//371 728//370 752//396 
f 730//372 729//371 753//397 
f 731//373 730//372 754//398 
f 732//374 731//373 755//399 
f 733//375 732//374 756//400 
f 734//376 733//375 757//401 
f 735//377 734//376 758//402 
f 736//378 735//377 759//403 
f 737//379 736//378 760//404 
f 738//380 737//379 761//405 
f 739//381 738//380 762//406 
f 740//382 739//381 763//407 
f 741//383 740//382 764//408 
f 742//384 741//383 765//409 
f 743//385 742//384 766//410 
f 744//386 743//385 767//411 
f 745//387 744//386 768//412 
f 746//388 745//387 769//413 
f 747//389 746//388 770//414 
f 747//389 771//415 210//416 
f 170//391 174//417 772//418 
f 749//393 748//392 772//418 
f 750//394 749//393 773//419 
f 751//395 750//394 774//420 
f 752//396 751//395 775//421 
f 753//397 752//396 776//422 
f 754//398 753//397 777//423 
f 755//399 754//398 778//424 
f 756//400 755//399 779//425 
f 757//401 756//400 780//426 
f 758//402 757//401 781//427 
f 759//403 758//402 782//428 
f 760//404 759//403 783//429 
f 761//405 760//404 784//430 
f 762//406 761//405 785//431 
f 763//407 762//406 786//432 
f 764//408 763//407 787//433 
f 765//409 764//408 788//434 
f 766//410 765//409 789//435 
f 767//411 766//410 790//436 
f 768//412 767//411 791//437 
f 769//413 768//412 792//438 
f 770//414 769//413 793//439 
f 771//415 770//414 794//440 
f 771//415 795//441 211//442 
f 190//443 796//444 772//418 
f 773//419 772//418 796//444 
f 774//420 773//419 797//445 
f 775//421 774//420 798//446 
f 776//422 775//421 799//447 
f 777//423 776//422 800//448 
f 778//424 777//423 801//449 
f 779//425 778//424 802//450 
f 780//426 779//425 803//451 
f 781//427 780//426 804//452 
f 782//428 781//427 805//453 
f 783//429 782//428 806//454 
f 784//430 783//429 807//455 
f 785//431 784//430 808//456 
f 786//432 785//431 809//457 
f 787//433 786//432 810//458 
f 788//434 787//433 811//459 
f 789//435 788//434 812//460 
f 790//436 789//435 813//461 
f 791//437 790//436 814//462 
f 792//438 791//437 815//463 
f 793//439 792//438 816//464 
f 794//440 793//439 817//465 
f 795//441 794//440 818//466 
f 819//467 212//468 211//442 
f 177//469 820//470 796//444 
f 797//445 796//444 820//470 
f 798//446 797//445 821//471 
f 799//447 798//446 822//472 
f 800//448 799//447 823//473 
f 801//449 800//448 824//474 
f 802//450 801//449 825//475 
f 803//451 802//450 826//476 
f 804//452 803//451 827//477 
f 805//453 804//452 828//478 
f 806//454 805//453 829//479 
f 807//455 806//454 830//480 
f 808//456 807//455 831//481 
f 809//457 808//456 832//482 
f 810//458 809//457 833//483 
f 811//459 810//458 834//484 
f 812//460 811//459 835//485 
f 813//461 812//460 836//486 
f 814//462 813//461 837//487 
f 815//463 814//462 838//488 
f 816//464 815//463 839//489 
f 817//465 816//464 840//490 
f 818//466 817//465 841//491 
f 819//467 818//466 842//492 
f 843//493 213//494 212//468 
f 180//495 844//496 820//470 
f 821//471 820//470 844//496 
f 822//472 821//471 845//497 
f 823//473 822//472 846//498 
f 824//474 823//473 847//499 
f 825//475 824//474 848//500 
f 826//476 825//475 849//501 
f 827//477 826//476 850//502 
f 828//478 827//477 851//503 
f 829//479 828//478 852//504 
f 830//480 829//479 853//505 
f 831//481 830//480 854//506 
f 832//482 831//481 855//507 
f 833//483 832//482 856//508 
f 834//484 833//483 857//509 
f 835//485 834//484 858//510 
f 836//486 835//485 859//511 
f 837//487 836//486 860//512 
f 838//488 837//487 861//513 
f 839//489 838//488 862//514 
f 840//490 839//489 863//515 
f 841//491 840//490 864//516 
f 842//492 841//491 865//517 
f 843//493 842//492 866//518 
f 867//519 214//520 213//494 
f 194//521 868//522 844//496 
f 845//497 844//496 868//522 
f 846//498 845//497 869//523 
f 847//499 846//498 870//524 
f 848//500 847//499 871//525 
f 849//501 848//500 872//526 
f 850//502 849//501 873//527 
f 851//503 850//502 874//528 
f 852//504 851//503 875//529 
f 853//505 852//504 876//530 
f 854//506 853//505 877//531 
f 855//507 854//506 878//532 
f 856//508 855//507 879//533 
f 857//509 856//508 880//534 
f 858//510 857//509 881//535 
f 859//511 858//510 882//536 
f 860//512 859//511 883//537 
f 861//513 860//512 884//538 
f 862//514 861//513 885//539 
f 863//515 862//514 886//540 
f 864//516 863//515 887//541 
f 865//517 864//516 888//542 
f 866//518 865//517 889//543 
f 867//519 866//518 890//544 
f 891//545 215//546 214//520 
f 167//547 892//548 868//522 
f 869//523 868//522 892//548 
f 870//524 869//523 893//549 
f 871//525 870//524 894//550 
f 872//526 871//525 895//551 
f 873//527 872//526 896//552 
f 874//528 873//527 897//553 
f 875//529 874//528 898//554 
f 876//530 875//529 899//555 
f 877//531 876//530 900//556 
f 878//532 877//531 901//557 
f 879//533 878//532 902//558 
f 880//534 879//533 903//559 
f 881//535 880//534 904//560 
f 882//536 881//535 905//561 
f 883//537 882//536 906//562 
f 884//538 883//537 907//563 
f 885//539 884//538 908//564 
f 886//540 885//539 909//565 
f 887//541 886//540 910//566 
f 888//542 887//541 911//567 
f 889//543 888//542 912//568 
f 890//544 889//543 913//569 
f 891//545 890//544 914//570 
f 915//571 216//572 215//546 
f 161//573 916//574 892//548 
f 893//549 892//548 916//574 
f 894//550 893//549 917//575 
f 895//551 894//550 918//576 
f 896//552 895//551 919//577 
f 897//553 896//552 920//578 
f 898//554 897//553 921//579 
f 899//555 898//554 922//580 
f 900//556 899//555 923//581 
f 901//557 900//556 924//582 
f 902//558 901//557 925//583 
f 903//559 902//558 926//584 
f 904//560 903//559 927//585 
f 905//561 904//560 928//586 
f 906//562 905//561 929//587 
f 907//563 906//562 930//588 
f 908//564 907//563 931//589 
f 909//565 908//564 932//590 
f 910//566 909//565 933//591 
f 911//567 910//566 934//592 
f 912//568 911//567 935//593 
f 913//569 912//568 936//594 
f 914//570 913//569 937//595 
f 915//571 914//570 938//596 
f 939//597 217//598 216//572 
f 916//574 161//573 169//599 
f 917//575 916//574 940//600 
f 918//576 917//575 941//601 
f 919//577 918//576 942//602 
f 920//578 919//577 943//603 
f 921//579 920//578 944//604 
f 922//580 921//579 945//605 
f 923//581 922//580 946//606 
f 924//582 923//581 947//607 
f 925//583 924//582 948//608 
f 926//584 925//583 949//609 
f 927//585 926//584 950//610 
f 928//586 927//585 951//611 
f 929//587 928//586 952//612 
f 930//588 929//587 953//613 
f 931//589 930//588 954//614 
f 932//590 931//589 955//615 
f 933//591 932//590 956//616 
f 934//592 933//591 957//617 
f 935//593 934//592 958//618 
f 936//594 935//593 959//619 
f 937//595 936//594 960//620 
f 938//596 937//595 961//621 
f 939//597 938//596 962//622 
f 217//598 939//597 963//623 
f 940//600 169//599 142//624 
f 941//601 940//600 964//625 
f 942//602 941//601 965//626 
f 943//603 942//602 966//627 
f 944//604 943//603 967//628 
f 945//605 944//604 968//629 
f 946//606 945//605 969//630 
f 947//607 946//606 970//631 
f 948//608 947//607 971//632 
f 949//609 948//608 972//633 
f 950//610 949//609 973//634 
f 951//611 950//610 974//635 
f 952//612 951//611 975//636 
f 953//613 952//612 976//637 
f 954//614 953//613 977//638 
f 955//615 954//614 978//639 
f 956//616 955//615 979//640 
f 957//617 956//616 980//641 
f 958//618 957//617 981//642 
f 959//619 958//618 982//643 
f 960//620 959//619 983//644 
f 961//621 960//620 984//645 
f 962//622 961//621 985//646 
f 963//623 962//622 986//647 
f 218//648 963//623 987//649 
f 964//625 142//624 129//650 
f 965//626 964//625 988//651 
f 966//627 965//626 989//652 
f 967//628 966//627 990//653 
f 968//629 967//628 991//654 
f 969//630 968//629 992//655 
f 970//631 969//630 993//656 
f 971//632 970//631 994//657 
f 972//633 971//632 995//658 
f 973//634 972//633 996//659 
f 974//635 973//634 997//660 
f 975//636 974//635 998//661 
f 976//637 975//636 999//662 
f 977//638 976//637 1000//663 
f 978//639 977//638 1001//664 
f 979//640 978//639 1002//665 
f 980//641 979//640 1003//666 
f 981//642 980//641 1004//667 
f 982//643 981//642 1005//668 
f 983//644 982//643 1006//669 
f 984//645 983//644 1007//670 
f 985//646 984//645 1008//671 
f 986//647 985//646 1009//672 
f 987//649 986//647 1010//673 
f 219//674 987//649 1011//675 
f 988//651 129//650 117//676 
f 989//652 988//651 1012//677 
f 990//653 989//652 1013//678 
f 991//654 990//653 1014//679 
f 992//655 991//654 1015//680 
f 993//656 992//655 1016//681 
f 994//657 993//656 1017//682 
f 995//658 994//657 1018//683 
f 996//659 995//658 1019//684 
f 997//660 996//659 1020//685 
f 998//661 997//660 1021//686 
f 999//662 998//661 1022//687 
f 1000//663 999//662 1023//688 
f 1001//664 1000//663 1024//689 
f 1002//665 1001//664 1025//690 
f 1003//666 1002//665 1026//691 
f 1004//667 1003//666 1027//692 
f 1005//668 1004//667 1028//693 
f 1006//669 1005//668 1029//694 
f 1007//670 1006//669 1030//695 
f 1008//671 1007//670 1031//696 
f 1009//672 1008//671 1032//697 
f 1010//673 1009//672 1033//698 
f 1011//675 1010//673 1034//699 
f 220//700 1011//675 1035//701 
f 1012//677 117//676 116//702 
f 1013//678 1012//677 1036//703 
f 1014//679 1013//678 1037//704 
f 1015//680 1014//679 1038//705 
f 1016//681 1015//680 1039//706 
f 1017//682 1016//681 1040//707 
f 1018//683 1017//682 1041//708 
f 1019//684 1018//683 1042//709 
f 1020//685 1019//684 1043//710 
f 1021//686 1020//685 1044//711 
f 1022//687 1021//686 1045//712 
f 1023//688 1022//687 1046//713 
f 1024//689 1023//688 1047//714 
f 1025//690 1024//689 1048//715 
f 1026//691 1025//690 1049//716 
f 1027//692 1026//691 1050//717 
f 1028//693 1027//692 1051//718 
f 1029//694 1028//693 1052//719 
f 1030//695 1029//694 1053//720 
f 1031//696 1030//695 1054//721 
f 1032//697 1031//696 1055//722 
f 1033//698 1032//697 1056//723 
f 1034//699 1033//698 1057//724 
f 1035//701 1034//699 1058//725 
f 221//726 1035//701 1059//727 
f 1036//703 116//702 122//728 
f 1037//704 1036//703 1060//729 
f 1038//705 1037//704 1061//730 
f 1039//706 1038//705 1062//731 
f 1040//707 1039//706 1063//732 
f 1041//708 1040//707 1064//733 
f 1042//709 1041//708 1065//734 
f 1043//710 1042//709 1066//735 
f 1044//711 1043//710 1067//736 
f 1045//712 1044//711 1068//737 
f 1046//713 1045//712 1069//738 
f 1047//714 1046//713 1070//739 
f 1048//715 1047//714 1071//740 
f 1049//716 1048//715 1072//741 
f 1050//717 1049//716 1073//742 
f 1051//718 1050//717 1074//743 
f 1052//719 1051//718 1075//744 
f 1053//720 1052//719 1076//745 
f 1054//721 1053//720 1077//746 
f 1055//722 1054//721 1078//747 
f 1056//723 1055//722 1079//748 
f 1057//724 1056//723 1080//749 
f 1058//725 1057//724 1081//750 
f 1059//727 1058//725 1082//751 
f 222//752 1059//727 1083//753 
f 1060//729 122//728 130//754 
f 1061//730 1060//729 1084//755 
f 1062//731 1061//730 1085//756 
f 1063//732 1062//731 1086//757 
f 1064//733 1063//732 1087//758 
f 1065//734 1064//733 1088//759 
f 1066//735 1065//734 1089//760 
f 1067//736 1066//735 1090//761 
f 1068//737 1067//736 1091//762 
f 1069//738 1068//737 1092//763 
f 1070//739 1069//738 1093//764 
f 1071//740 1070//739 1094//765 
f 1072//741 1071//740 1095//766 
f 1073//742 1072//741 1096//767 
f 1074//743 1073//742 1097//768 
f 1075//744 1074//743 1098//769 
f 1076//745 1075//744 1099//770 
f 1077//746 1076//745 1100//771 
f 1078//747 1077//746 1101//772 
f 1079//748 1078//747 1102//773 
f 1080//749 1079//748 1103//774 
f 1081//750 1080//749 1104//775 
f 1082//751 1081//750 1105//776 
f 1083//753 1082//751 1106//777 
f 223//778 1083//753 1107//779 
f 1084//755 130//754 123//780 
f 1085//756 1084//755 1108//781 
f 1086//757 1085//756 1109//782 
f 1087//758 1086//757 1110//783 
f 1088//759 1087//758 1111//784 
f 1089//760 1088//759 1112//785 
f 1090//761 1089//760 1113//786 
f 1091//762 1090//761 1114//787 
f 1092//763 1091//762 1115//788 
f 1093//764 1092//763 1116//789 
f 1094//765 1093//764 1117//790 
f 1095//766 1094//765 1118//791 
f 1096//767 1095//766 1119//792 
f 1097//768 1096//767 1120//793 
f 1098//769 1097//768 1121//794 
f 1099//770 1098//769 1122//795 
f 1100//771 1099//770 1123//796 
f 1101//772 1100//771 1124//797 
f 1102//773 1101//772 1125//798 
f 1103//774 1102//773 1126//799 
f 1104//775 1103//774 1127//800 
f 1105//776 1104//775 1128//801 
f 1106//777 1105//776 1129//802 
f 1107//779 1106//777 1130//803 
f 224//804 1107//779 1131//805 
f 1108//781 123//780 108//806 
f 1109//782 1108//781 1132//807 
f 1110//783 1109//782 1133//808 
f 1111//784 1110//783 1134//809 
f 1112//785 1111//784 1135//810 
f 1113//786 1112//785 1136//811 
f 1114//787 1113//786 1137//812 
f 1115//788 1114//787 1138//813 
f 1116//789 1115//788 1139//814 
f 1117//790 1116//789 1140//815 
f 1118//791 1117//790 1141//816 
f 1119//792 1118//791 1142//817 
f 1120//793 1119//792 1143//818 
f 1121//794 1120//793 1144//819 
f 1122//795 1121//794 1145//820 
f 1123//796 1122//795 1146//821 
f 1124//797 1123//796 1147//822 
f 1125//798 1124//797 1148//823 
f 1126//799 1125//798 1149//824 
f 1127//800 1126//799 1150//825 
f 1128//801 1127//800 1151//826 
f 1129//802 1128//801 1152//827 
f 1130//803 1129//802 1153//828 
f 1131//805 1130//803 1154//829 
f 225//830 1131//805 1155//831 
f 1132//807 108//806 98//832 
f 1133//808 1132//807 1156//833 
f 1134//809 1133//808 1157//834 
f 1135//810 1134//809 1158//835 
f 1136//811 1135//810 1159//836 
f 1137//812 1136//811 1160//837 
f 1138//813 1137//812 1161//838 
f 1139//814 1138//813 1162//839 
f 1140//815 1139//814 1163//840 
f 1141//816 1140//815 1164//841 
f 1142//817 1141//816 1165//842 
f 1143//818 1142//817 1166//843 
f 1144//819 1143//818 1167//844 
f 1145//820 1144//819 1168//845 
f 1146//821 1145//820 1169//846 
f 1147//822 1146//821 1170//847 
f 1148//823 1147//822 1171//848 
f 1149//824 1148//823 1172//849 
f 1150//825 1149//824 1173//850 
f 1151//826 1150//825 1174//851 
f 1152//827 1151//826 1175//852 
f 1153//828 1152//827 1176//853 
f 1154//829 1153//828 1177//854 
f 1155//831 1154//829 1178//855 
f 226//856 1155//831 1179//857 
f 1156//833 98//832 83//858 
f 1157//834 1156//833 1180//859 
f 1158//835 1157//834 1181//860 
f 1159//836 1158//835 1182//861 
f 1160//837 1159//836 1183//862 
f 1161//838 1160//837 1184//863 
f 1162//839 1161//838 1185//864 
f 1163//840 1162//839 1186//865 
f 1164//841 1163//840 1187//866 
f 1165//842 1164//841 1188//867 
f 1166//843 1165//842 1189//868 
f 1167//844 1166//843 1190//869 
f 1168//845 1167//844 1191//870 
f 1169//846 1168//845 1192//871 
f 1170//847 1169//846 1193//872 
f 1171//848 1170//847 1194//873 
f 1172//849 1171//848 1195//874 
f 1173//850 1172//849 1196//875 
f 1174//851 1173//850 1197//876 
f 1175//852 1174//851 1198//877 
f 1176//853 1175//852 1199//878 
f 1177//854 1176//853 1200//879 
f 1178//855 1177//854 1201//880 
f 1179//857 1178//855 1202//881 
f 227//882 1179//857 1203//883 
f 1180//859 83//858 65//884 
f 1181//860 1180//859 1204//885 
f 1182//861 1181//860 1205//886 
f 1183//862 1182//861 1206//887 
f 1184//863 1183//862 1207//888 
f 1185//864 1184//863 1208//889 
f 1186//865 1185//864 1209//890 
f 1187//866 1186//865 1210//891 
f 1188//867 1187//866 1211//892 
f 1189//868 1188//867 1212//893 
f 1190//869 1189//868 1213//894 
f 1191//870 1190//869 1214//895 
f 1192//871 1191//870 1215//896 
f 1193//872 1192//871 1216//897 
f 1194//873 1193//872 1217//898 
f 1195//874 1194//873 1218//899 
f 1196//875 1195//874 1219//900 
f 1197//876 1196//875 1220//901 
f 1198//877 1197//876 1221//902 
f 1199//878 1198//877 1222//903 
f 1200//879 1199//878 1223//904 
f 1201//880 1200//879 1224//905 
f 1202//881 1201//880 1225//906 
f 1203//883 1202//881 1226//907 
f 228//908 1203//883 1227//909 
f 1204//885 65//884 50//910 
f 1205//886 1204//885 1228//911 
f 1206//887 1205//886 1229//912 
f 1207//888 1206//887 1230//913 
f 1208//889 1207//888 1231//914 
f 1209//890 1208//889 1232//915 
f 1210//891 1209//890 1233//916 
f 1211//892 1210//891 1234//917 
f 1212//893 1211//892 1235//918 
f 1213//894 1212//893 1236//919 
f 1214//895 1213//894 1237//920 
f 1215//896 1214//895 1238//921 
f 1216//897 1215//896 1239//922 
f 1217//898 1216//897 1240//923 
f 1218//899 1217//898 1241//924 
f 1219//900 1218//899 1242//925 
f 1220//901 1219//900 1243//926 
f 1221//902 1220//901 1244//927 
f 1222//903 1221//902 1245//928 
f 1223//904 1222//903 1246//929 
f 1224//905 1223//904 1247//930 
f 1225//906 1224//905 1248//931 
f 1226//907 1225//906 1249//932 
f 1227//909 1226//907 1250//933 
f 229//934 1227//909 1251//935 
f 1228//911 50//910 49//936 
f 1229//912 1228//911 1252//937 
f 1230//913 1229//912 1253//938 
f 1231//914 1230//913 1254//939 
f 1232//915 1231//914 1255//940 
f 1233//916 1232//915 1256//941 
f 1234//917 1233//916 1257//942 
f 1235//918 1234//917 1258//943 
f 1236//919 1235//918 1259//944 
f 1237//920 1236//919 1260//945 
f 1238//921 1237//920 1261//946 
f 1239//922 1238//921 1262//947 
f 1240//923 1239//922 1263//948 
f 1241//924 1240//923 1264//949 
f 1242//925 1241//924 1265//950 
f 1243//926 1242//925 1266//951 
f 1244//927 1243//926 1267//952 
f 1245//928 1244//927 1268//953 
f 1246//929 1245//928 1269//954 
f 1247//930 1246//929 1270//955 
f 1248//931 1247//930 1271//956 
f 1249//932 1248//931 1272//957 
f 1250//933 1249//932 1273//958 
f 1251//935 1250//933 1274//959 
f 230//960 1251//935 1275//961 
f 1276//962 1252//937 49//936 
f 1253//938 1252//937 1276//962 
f 1254//939 1253//938 1277//963 
f 1255//940 1254//939 1278//964 
f 1256//941 1255//940 1279//965 
f 1257//942 1256//941 1280//966 
f 1258//943 1257//942 1281//967 
f 1259//944 1258//943 1282//968 
f 1260//945 1259//944 1283//969 
f 1261//946 1260//945 1284//970 
f 1262//947 1261//946 1285//971 
f 1263//948 1262//947 1286//972 
f 1264//949 1263//948 1287//973 
f 1265//950 1264//949 1288//974 
f 1266//951 1265//950 1289//975 
f 1267//952 1266//951 1290//976 
f 1268//953 1267//952 1291//977 
f 1269//954 1268//953 1292//978 
f 1270//955 1269//954 1293//979 
f 1271//956 1270//955 1294//980 
f 1272//957 1271//956 1295//981 
f 1273//958 1272//957 1296//982 
f 1274//959 1273//958 1297//983 
f 1275//961 1274//959 1298//984 
f 231//985 232//986 1275//961 
f 1299//987 1276//962 109//988 
f 1277//963 1276//962 1299//987 
f 1278//964 1277//963 1300//989 
f 1279//965 1278//964 1301//990 
f 1280//966 1279//965 1302//991 
f 1281//967 1280//966 1303//992 
f 1282//968 1281//967 1304//993 
f 1283//969 1282//968 1305//994 
f 1284//970 1283//969 1306//995 
f 1285//971 1284//970 1307//996 
f 1286//972 1285//971 1308//997 
f 1287//973 1286//972 1309//998 
f 1288//974 1287//973 1310//999 
f 1289//975 1288//974 1311//1000 
f 1290//976 1289//975 1312//1001 
f 1291//977 1290//976 1313//1002 
f 1292//978 1291//977 1314//1003 
f 1293//979 1292//978 1315//1004 
f 1294//980 1293//979 1316//1005 
f 1295//981 1294//980 1317//1006 
f 1296//982 1295//981 1318//1007 
f 1297//983 1296//982 1319//1008 
f 1298//984 1297//983 1320//1009 
f 1321//1010 1298//984 1322//1011 
f 233//1012 231//985 1321//1010 
f 1323//1013 1299//987 67//1014 
f 1300//989 1299//987 1323//1013 
f 1301//990 1300//989 1324//1015 
f 1302//991 1301//990 1325//1016 
f 1303//992 1302//991 1326//1017 
f 1304//993 1303//992 1327//1018 
f 1305//994 1304//993 1328//1019 
f 1306//995 1305//994 1329//1020 
f 1307//996 1306//995 1330//1021 
f 1308//997 1307//996 1331//1022 
f 1309//998 1308//997 1332//1023 
f 1310//999 1309//998 1333//1024 
f 1311//1000 1310//999 1334//1025 
f 1312//1001 1311//1000 1335//1026 
f 1313//1002 1312//1001 1336//1027 
f 1314//1003 1313//1002 1337//1028 
f 1315//1004 1314//1003 1338//1029 
f 1316//1005 1315//1004 1339//1030 
f 1317//1006 1316//1005 1340//1031 
f 1318//1007 1317//1006 1341//1032 
f 1319//1008 1318//1007 1342//1033 
f 1320//1009 1319//1008 1343//1034 
f 1322//1011 1320//1009 1344//1035 
f 1345//1036 1322//1011 1346//1037 
f 234//1038 233//1012 1345//1036 
f 1347//1039 1323//1013 66//1040 
f 1324//1015 1323//1013 1347//1039 
f 1325//1016 1324//1015 1348//1041 
f 1326//1017 1325//1016 1349//1042 
f 1327//1018 1326//1017 1350//1043 
f 1328//1019 1327//1018 1351//1044 
f 1329//1020 1328//1019 1352//1045 
f 1330//1021 1329//1020 1353//1046 
f 1331//1022 1330//1021 1354//1047 
f 1332//1023 1331//1022 1355//1048 
f 1333//1024 1332//1023 1356//1049 
f 1334//1025 1333//1024 1357//1050 
f 1335//1026 1334//1025 1358//1051 
f 1336//1027 1335//1026 1359//1052 
f 1337//1028 1336//1027 1360//1053 
f 1338//1029 1337//1028 1361//1054 
f 1339//1030 1338//1029 1362//1055 
f 1340//1031 1339//1030 1363//1056 
f 1341//1032 1340//1031 1364//1057 
f 1342//1033 1341//1032 1365//1058 
f 1343//1034 1342//1033 1366//1059 
f 1344//1035 1343//1034 1367//1060 
f 1346//1037 1344//1035 1368//1061 
f 1369//1062 1346//1037 1370//1063 
f 235//1064 234//1038 1369//1062 
f 1371//1065 1347//1039 84//1066 
f 1348//1041 1347//1039 1371//1065 
f 1349//1042 1348//1041 1372//1067 
f 1350//1043 1349//1042 1373//1068 
f 1351//1044 1350//1043 1374//1069 
f 1352//1045 1351//1044 1375//1070 
f 1353//1046 1352//1045 1376//1071 
f 1354//1047 1353//1046 1377//1072 
f 1355//1048 1354//1047 1378//1073 
f 1356//1049 1355//1048 1379//1074 
f 1357//1050 1356//1049 1380//1075 
f 1358//1051 1357//1050 1381//1076 
f 1359//1052 1358//1051 1382//1077 
f 1360//1053 1359//1052 1383//1078 
f 1361//1054 1360//1053 1384//1079 
f 1362//1055 1361//1054 1385//1080 
f 1363//1056 1362//1055 1386//1081 
f 1364//1057 1363//1056 1387//1082 
f 1365//1058 1364//1057 1388//1083 
f 1366//1059 1365//1058 1389//1084 
f 1367//1060 1366//1059 1390//1085 
f 1368//1061 1367//1060 1391//1086 
f 1370//1063 1368//1061 1392//1087 
f 1393//1088 1370//1063 1394//1089 
f 236//1090 235//1064 1393//1088 
f 1395//1091 1371//1065 68//1092 
f 1372//1067 1371//1065 1395//1091 
f 1373//1068 1372//1067 1396//1093 
f 1374//1069 1373//1068 1397//1094 
f 1375//1070 1374//1069 1398//1095 
f 1376//1071 1375//1070 1399//1096 
f 1377//1072 1376//1071 1400//1097 
f 1378//1073 1377//1072 1401//1098 
f 1379//1074 1378//1073 1402//1099 
f 1380//1075 1379//1074 1403//1100 
f 1381//1076 1380//1075 1404//1101 
f 1382//1077 1381//1076 1405//1102 
f 1383//1078 1382//1077 1406//1103 
f 1384//1079 1383//1078 1407//1104 
f 1385//1080 1384//1079 1408//1105 
f 1386//1081 1385//1080 1409//1106 
f 1387//1082 1386//1081 1410//1107 
f 1388//1083 1387//1082 1411//1108 
f 1389//1084 1388//1083 1412//1109 
f 1390//1085 1389//1084 1413//1110 
f 1391//1086 1390//1085 1414//1111 
f 1392//1087 1391//1086 1415//1112 
f 1394//1089 1392//1087 1416//1113 
f 1417//1114 1394//1089 1418//1115 
f 237//1116 236//1090 1417//1114 
f 1419//1117 1395//1091 52//1118 
f 1396//1093 1395//1091 1419//1117 
f 1397//1094 1396//1093 1420//1119 
f 1398//1095 1397//1094 1421//1120 
f 1399//1096 1398//1095 1422//1121 
f 1400//1097 1399//1096 1423//1122 
f 1401//1098 1400//1097 1424//1123 
f 1402//1099 1401//1098 1425//1124 
f 1403//1100 1402//1099 1426//1125 
f 1404//1101 1403//1100 1427//1126 
f 1405//1102 1404//1101 1428//1127 
f 1406//1103 1405//1102 1429//1128 
f 1407//1104 1406//1103 1430//1129 
f 1408//1105 1407//1104 1431//1130 
f 1409//1106 1408//1105 1432//1131 
f 1410//1107 1409//1106 1433//1132 
f 1411//1108 1410//1107 1434//1133 
f 1412//1109 1411//1108 1435//1134 
f 1413//1110 1412//1109 1436//1135 
f 1414//1111 1413//1110 1437//1136 
f 1415//1112 1414//1111 1438//1137 
f 1416//1113 1415//1112 1439//1138 
f 1418//1115 1416//1113 1440//1139 
f 1441//1140 1418//1115 1442//1141 
f 238//1142 237//1116 1441//1140 
f 1443//1143 1419//1117 51//1144 
f 1420//1119 1419//1117 1443//1143 
f 1421//1120 1420//1119 1444//1145 
f 1422//1121 1421//1120 1445//1146 
f 1423//1122 1422//1121 1446//1147 
f 1424//1123 1423//1122 1447//1148 
f 1425//1124 1424//1123 1448//1149 
f 1426//1125 1425//1124 1449//1150 
f 1427//1126 1426//1125 1450//1151 
f 1428//1127 1427//1126 1451//1152 
f 1429//1128 1428//1127 1452//1153 
f 1430//1129 1429//1128 1453//1154 
f 1431//1130 1430//1129 1454//1155 
f 1432//1131 1431//1130 1455//1156 
f 1433//1132 1432//1131 1456//1157 
f 1434//1133 1433//1132 1457//1158 
f 1435//1134 1434//1133 1458//1159 
f 1436//1135 1435//1134 1459//1160 
f 1437//1136 1436//1135 1460//1161 
f 1438//1137 1437//1136 1461//1162 
f 1439//1138 1438//1137 1462//1163 
f 1440//1139 1439//1138 1463//1164 
f 1442//1141 1440//1139 1464//1165 
f 1465//1166 1442//1141 1466//1167 
f 239//1168 238//1142 1465//1166 
f 1467//1169 1443//1143 85//1170 
f 1444//1145 1443//1143 1467//1169 
f 1445//1146 1444//1145 1468//1171 
f 1446//1147 1445//1146 1469//1172 
f 1447//1148 1446//1147 1470//1173 
f 1448//1149 1447//1148 1471//1174 
f 1449//1150 1448//1149 1472//1175 
f 1450//1151 1449//1150 1473//1176 
f 1451//1152 1450//1151 1474//1177 
f 1452//1153 1451//1152 1475//1178 
f 1453//1154 1452//1153 1476//1179 
f 1454//1155 1453//1154 1477//1180 
f 1455//1156 1454//1155 1478//1181 
f 1456//1157 1455//1156 1479//1182 
f 1457//1158 1456//1157 1480//1183 
f 1458//1159 1457//1158 1481//1184 
f 1459//1160 1458//1159 1482//1185 
f 1460//1161 1459//1160 1483//1186 
f 1461//1162 1460//1161 1484//1187 
f 1462//1163 1461//1162 1485//1188 
f 1463//1164 1462//1163 1486//1189 
f 1464//1165 1463//1164 1487//1190 
f 1466//1167 1464//1165 1488//1191 
f 1489//1192 1466//1167 1490//1193 
f 240//1194 239//1168 1489//1192 
f 1491//1195 1467//1169 143//1196 
f 1468//1171 1467//1169 1491//1195 
f 1469//1172 1468//1171 1492//1197 
f 1470//1173 1469//1172 1493//1198 
f 1471//1174 1470//1173 1494//1199 
f 1472//1175 1471//1174 1495//1200 
f 1473//1176 1472//1175 1496//1201 
f 1474//1177 1473//1176 1497//1202 
f 1475//1178 1474//1177 1498//1203 
f 1476//1179 1475//1178 1499//1204 
f 1477//1180 1476//1179 1500//1205 
f 1478//1181 1477//1180 1501//1206 
f 1479//1182 1478//1181 1502//1207 
f 1480//1183 1479//1182 1503//1208 
f 1481//1184 1480//1183 1504//1209 
f 1482//1185 1481//1184 1505//1210 
f 1483//1186 1482//1185 1506//1211 
f 1484//1187 1483//1186 1507//1212 
f 1485//1188 1484//1187 1508//1213 
f 1486//1189 1485//1188 1509//1214 
f 1487//1190 1486//1189 1510//1215 
f 1488//1191 1487//1190 1511//1216 
f 1490//1193 1488//1191 1512//1217 
f 1513//1218 1490//1193 1514//1219 
f 241//1220 240//1194 1513//1218 
f 1515//1221 1491//1195 124//1222 
f 1492//1197 1491//1195 1515//1221 
f 1493//1198 1492//1197 1516//1223 
f 1494//1199 1493//1198 1517//1224 
f 1495//1200 1494//1199 1518//1225 
f 1496//1201 1495//1200 1519//1226 
f 1497//1202 1496//1201 1520//1227 
f 1498//1203 1497//1202 1521//1228 
f 1499//1204 1498//1203 1522//1229 
f 1500//1205 1499//1204 1523//1230 
f 1501//1206 1500//1205 1524//1231 
f 1502//1207 1501//1206 1525//1232 
f 1503//1208 1502//1207 1526//1233 
f 1504//1209 1503//1208 1527//1234 
f 1505//1210 1504//1209 1528//1235 
f 1506//1211 1505//1210 1529//1236 
f 1507//1212 1506//1211 1530//1237 
f 1508//1213 1507//1212 1531//1238 
f 1509//1214 1508//1213 1532//1239 
f 1510//1215 1509//1214 1533//1240 
f 1511//1216 1510//1215 1534//1241 
f 1512//1217 1511//1216 1535//1242 
f 1514//1219 1512//1217 1536//1243 
f 1537//1244 1514//1219 1538//1245 
f 242//1246 241//1220 1537//1244 
f 1539//1247 1515//1221 99//1248 
f 1516//1223 1515//1221 1539//1247 
f 1517//1224 1516//1223 1540//1249 
f 1518//1225 1517//1224 1541//1250 
f 1519//1226 1518//1225 1542//1251 
f 1520//1227 1519//1226 1543//1252 
f 1521//1228 1520//1227 1544//1253 
f 1522//1229 1521//1228 1545//1254 
f 1523//1230 1522//1229 1546//1255 
f 1524//1231 1523//1230 1547//1256 
f 1525//1232 1524//1231 1548//1257 
f 1526//1233 1525//1232 1549//1258 
f 1527//1234 1526//1233 1550//1259 
f 1528//1235 1527//1234 1551//1260 
f 1529//1236 1528//1235 1552//1261 
f 1530//1237 1529//1236 1553//1262 
f 1531//1238 1530//1237 1554//1263 
f 1532//1239 1531//1238 1555//1264 
f 1533//1240 1532//1239 1556//1265 
f 1534//1241 1533//1240 1557//1266 
f 1535//1242 1534//1241 1558//1267 
f 1536//1243 1535//1242 1559//1268 
f 1538//1245 1536//1243 1560//1269 
f 1561//1270 1538//1245 1562//1271 
f 243//1272 242//1246 1561//1270 
f 1563//1273 1539//1247 87//1274 
f 1540//1249 1539//1247 1563//1273 
f 1541//1250 1540//1249 1564//1275 
f 1542//1251 1541//1250 1565//1276 
f 1543//1252 1542//1251 1566//1277 
f 1544//1253 1543//1252 1567//1278 
f 1545//1254 1544//1253 1568//1279 
f 1546//1255 1545//1254 1569//1280 
f 1547//1256 1546//1255 1570//1281 
f 1548//1257 1547//1256 1571//1282 
f 1549//1258 1548//1257 1572//1283 
f 1550//1259 1549//1258 1573//1284 
f 1551//1260 1550//1259 1574//1285 
f 1552//1261 1551//1260 1575//1286 
f 1553//1262 1552//1261 1576//1287 
f 1554//1263 1553//1262 1577//1288 
f 1555//1264 1554//1263 1578//1289 
f 1556//1265 1555//1264 1579//1290 
f 1557//1266 1556//1265 1580//1291 
f 1558//1267 1557//1266 1581//1292 
f 1559//1268 1558//1267 1582//1293 
f 1560//1269 1559//1268 1583//1294 
f 1562//1271 1560//1269 1584//1295 
f 1585//1296 1562//1271 1586//1297 
f 244//1298 243//1272 1585//1296 
f 1587//1299 1563//1273 86//1300 
f 1564//1275 1563//1273 1587//1299 
f 1565//1276 1564//1275 1588//1301 
f 1566//1277 1565//1276 1589//1302 
f 1567//1278 1566//1277 1590//1303 
f 1568//1279 1567//1278 1591//1304 
f 1569//1280 1568//1279 1592//1305 
f 1570//1281 1569//1280 1593//1306 
f 1571//1282 1570//1281 1594//1307 
f 1572//1283 1571//1282 1595//1308 
f 1573//1284 1572//1283 1596//1309 
f 1574//1285 1573//1284 1597//1310 
f 1575//1286 1574//1285 1598//1311 
f 1576//1287 1575//1286 1599//1312 
f 1577//1288 1576//1287 1600//1313 
f 1578//1289 1577//1288 1601//1314 
f 1579//1290 1578//1289 1602//1315 
f 1580//1291 1579//1290 1603//1316 
f 1581//1292 1580//1291 1604//1317 
f 1582//1293 1581//1292 1605//1318 
f 1583//1294 1582//1293 1606//1319 
f 1584//1295 1583//1294 1607//1320 
f 1586//1297 1584//1295 1608//1321 
f 1609//1322 1586//1297 1610//1323 
f 245//1324 244//1298 1609//1322 
f 1611//1325 1587//1299 110//1326 
f 1588//1301 1587//1299 1611//1325 
f 1589//1302 1588//1301 1612//1327 
f 1590//1303 1589//1302 1613//1328 
f 1591//1304 1590//1303 1614//1329 
f 1592//1305 1591//1304 1615//1330 
f 1593//1306 1592//1305 1616//1331 
f 1594//1307 1593//1306 1617//1332 
f 1595//1308 1594//1307 1618//1333 
f 1596//1309 1595//1308 1619//1334 
f 1597//1310 1596//1309 1620//1335 
f 1598//1311 1597//1310 1621//1336 
f 1599//1312 1598//1311 1622//1337 
f 1600//1313 1599//1312 1623//1338 
f 1601//1314 1600//1313 1624//1339 
f 1602//1315 1601//1314 1625//1340 
f 1603//1316 1602//1315 1626//1341 
f 1604//1317 1603//1316 1627//1342 
f 1605//1318 1604//1317 1628//1343 
f 1606//1319 1605//1318 1629//1344 
f 1607//1320 1606//1319 1630//1345 
f 1608//1321 1607//1320 1631//1346 
f 1610//1323 1608//1321 1632//1347 
f 1633//1348 1610//1323 1634//1349 
f 246//1350 245//1324 1633//1348 
f 1635//1351 1611//1325 118//1352 
f 1612//1327 1611//1325 1635//1351 
f 1613//1328 1612//1327 1636//1353 
f 1614//1329 1613//1328 1637//1354 
f 1615//1330 1614//1329 1638//1355 
f 1616//1331 1615//1330 1639//1356 
f 1617//1332 1616//1331 1640//1357 
f 1618//1333 1617//1332 1641//1358 
f 1619//1334 1618//1333 1642//1359 
f 1620//1335 1619//1334 1643//1360 
f 1621//1336 1620//1335 1644//1361 
f 1622//1337 1621//1336 1645//1362 
f 1623//1338 1622//1337 1646//1363 
f 1624//1339 1623//1338 1647//1364 
f 1625//1340 1624//1339 1648//1365 
f 1626//1341 1625//1340 1649//1366 
f 1627//1342 1626//1341 1650//1367 
f 1628//1343 1627//1342 1651//1368 
f 1629//1344 1628//1343 1652//1369 
f 1630//1345 1629//1344 1653//1370 
f 1631//1346 1630//1345 1654//1371 
f 1632//1347 1631//1346 1655//1372 
f 1634//1349 1632//1347 1656//1373 
f 1657//1374 1634//1349 1658//1375 
f 247//1376 246//1350 1657//1374 
f 1635//1351 131//1377 139//1377 
f 1636//1353 1635//1351 1659//1378 
f 1637//1354 1636//1353 1660//1379 
f 1638//1355 1637//1354 1661//1380 
f 1639//1356 1638//1355 1662//1381 
f 1640//1357 1639//1356 1663//1382 
f 1641//1358 1640//1357 1664//1383 
f 1642//1359 1641//1358 1665//1384 
f 1643//1360 1642//1359 1666//1385 
f 1644//1361 1643//1360 1667//1386 
f 1645//1362 1644//1361 1668//1387 
f 1646//1363 1645//1362 1669//1388 
f 1647//1364 1646//1363 1670//1389 
f 1648//1365 1647//1364 1671//1390 
f 1649//1366 1648//1365 1672//1391 
f 1650//1367 1649//1366 1673//1392 
f 1651//1368 1650//1367 1674//1393 
f 1652//1369 1651//1368 1675//1394 
f 1653//1370 1652//1369 1676//1395 
f 1654//1371 1653//1370 1677//1396 
f 1655//1372 1654//1371 1678//1397 
f 1656//1373 1655//1372 1679//1398 
f 1658//1375 1656//1373 1680//1399 
f 1681//1400 1658//1375 1682//1401 
f 247//1376 1681//1400 1683//1402 
f 1659//1378 139//1377 145//1403 
f 1660//1379 1659//1378 1684//1404 
f 1661//1380 1660//1379 1685//1405 
f 1662//1381 1661//1380 1686//1406 
f 1663//1382 1662//1381 1687//1407 
f 1664//1383 1663//1382 1688//1408 
f 1665//1384 1664//1383 1689//1409 
f 1666//1385 1665//1384 1690//1410 
f 1667//1386 1666//1385 1691//1411 
f 1668//1387 1667//1386 1692//1412 
f 1669//1388 1668//1387 1693//1413 
f 1670//1389 1669//1388 1694//1414 
f 1671//1390 1670//1389 1695//1415 
f 1672//1391 1671//1390 1696//1416 
f 1673//1392 1672//1391 1697//1417 
f 1674//1393 1673//1392 1698//1418 
f 1675//1394 1674//1393 1699//1419 
f 1676//1395 1675//1394 1700//1420 
f 1677//1396 1676//1395 1701//1421 
f 1678//1397 1677//1396 1702//1422 
f 1679//1398 1678//1397 1703//1423 
f 1680//1399 1679//1398 1704//1424 
f 1682//1401 1680//1399 1705//1425 
f 1683//1402 1682//1401 1706//1426 
f 248//1427 1683//1402 1707//1428 
f 1684//1404 145//1403 133//1429 
f 1685//1405 1684//1404 1708//1430 
f 1686//1406 1685//1405 1709//1431 
f 1687//1407 1686//1406 1710//1432 
f 1688//1408 1687//1407 1711//1433 
f 1689//1409 1688//1408 1712//1434 
f 1690//1410 1689//1409 1713//1435 
f 1691//1411 1690//1410 1714//1436 
f 1692//1412 1691//1411 1715//1437 
f 1693//1413 1692//1412 1716//1438 
f 1694//1414 1693//1413 1717//1439 
f 1695//1415 1694//1414 1718//1440 
f 1696//1416 1695//1415 1719//1441 
f 1697//1417 1696//1416 1720//1442 
f 1698//1418 1697//1417 1721//1443 
f 1699//1419 1698//1418 1722//1444 
f 1700//1420 1699//1419 1723//1445 
f 1701//1421 1700//1420 1724//1446 
f 1702//1422 1701//1421 1725//1447 
f 1703//1423 1702//1422 1726//1448 
f 1704//1424 1703//1423 1727//1449 
f 1705//1425 1704//1424 1728//1450 
f 1706//1426 1705//1425 1729//1451 
f 1707//1428 1706//1426 1730//1452 
f 249//1453 1707//1428 1731//1454 
f 1708//1430 133//1429 132//1455 
f 1709//1431 1708//1430 1732//1456 
f 1710//1432 1709//1431 1733//1457 
f 1711//1433 1710//1432 1734//1458 
f 1712//1434 1711//1433 1735//1459 
f 1713//1435 1712//1434 1736//1460 
f 1714//1436 1713//1435 1737//1461 
f 1715//1437 1714//1436 1738//1462 
f 1716//1438 1715//1437 1739//1463 
f 1717//1439 1716//1438 1740//1464 
f 1718//1440 1717//1439 1741//1465 
f 1719//1441 1718//1440 1742//1466 
f 1720//1442 1719//1441 1743//1467 
f 1721//1443 1720//1442 1744//1468 
f 1722//1444 1721//1443 1745//1469 
f 1723//1445 1722//1444 1746//1470 
f 1724//1446 1723//1445 1747//1471 
f 1725//1447 1724//1446 1748//1472 
f 1726//1448 1725//1447 1749//1473 
f 1727//1449 1726//1448 1750//1474 
f 1728//1450 1727//1449 1751//1475 
f 1729//1451 1728//1450 1752//1476 
f 1730//1452 1729//1451 1753//1477 
f 1731//1454 1730//1452 1754//1478 
f 250//1479 1731//1454 1755//1480 
f 1732//1456 132//1455 134//1481 
f 1733//1457 1732//1456 1756//1482 
f 1734//1458 1733//1457 1757//1483 
f 1735//1459 1734//1458 1758//1484 
f 1736//1460 1735//1459 1759//1485 
f 1737//1461 1736//1460 1760//1486 
f 1738//1462 1737//1461 1761//1487 
f 1739//1463 1738//1462 1762//1488 
f 1740//1464 1739//1463 1763//1489 
f 1741//1465 1740//1464 1764//1490 
f 1742//1466 1741//1465 1765//1491 
f 1743//1467 1742//1466 1766//1492 
f 1744//1468 1743//1467 1767//1493 
f 1745//1469 1744//1468 1768//1494 
f 1746//1470 1745//1469 1769//1495 
f 1747//1471 1746//1470 1770//1496 
f 1748//1472 1747//1471 1771//1497 
f 1749//1473 1748//1472 1772//1498 
f 1750//1474 1749//1473 1773//1499 
f 1751//1475 1750//1474 1774//1500 
f 1752//1476 1751//1475 1775//1501 
f 1753//1477 1752//1476 1776//1502 
f 1754//1478 1753//1477 1777//1503 
f 1755//1480 1754//1478 1778//1504 
f 251//1505 1755//1480 1779//1506 
f 1756//1482 134//1481 125//1507 
f 1757//1483 1756//1482 1780//1508 
f 1758//1484 1757//1483 1781//1509 
f 1759//1485 1758//1484 1782//1510 
f 1760//1486 1759//1485 1783//1511 
f 1761//1487 1760//1486 1784//1512 
f 1762//1488 1761//1487 1785//1513 
f 1763//1489 1762//1488 1786//1514 
f 1764//1490 1763//1489 1787//1515 
f 1765//1491 1764//1490 1788//1516 
f 1766//1492 1765//1491 1789//1517 
f 1767//1493 1766//1492 1790//1518 
f 1768//1494 1767//1493 1791//1519 
f 1769//1495 1768//1494 1792//1520 
f 1770//1496 1769//1495 1793//1521 
f 1771//1497 1770//1496 1794//1522 
f 1772//1498 1771//1497 1795//1523 
f 1773//1499 1772//1498 1796//1524 
f 1774//1500 1773//1499 1797//1525 
f 1775//1501 1774//1500 1798//1526 
f 1776//1502 1775//1501 1799//1527 
f 1777//1503 1776//1502 1800//1528 
f 1778//1504 1777//1503 1801//1529 
f 1779//1506 1778//1504 1802//1530 
f 252//1531 1779//1506 1803//1532 
f 1780//1508 125//1507 119//1533 
f 1781//1509 1780//1508 1804//1534 
f 1782//1510 1781//1509 1805//1535 
f 1783//1511 1782//1510 1806//1536 
f 1784//1512 1783//1511 1807//1537 
f 1785//1513 1784//1512 1808//1538 
f 1786//1514 1785//1513 1809//1539 
f 1787//1515 1786//1514 1810//1540 
f 1788//1516 1787//1515 1811//1541 
f 1789//1517 1788//1516 1812//1542 
f 1790//1518 1789//1517 1813//1543 
f 1791//1519 1790//1518 1814//1544 
f 1792//1520 1791//1519 1815//1545 
f 1793//1521 1792//1520 1816//1546 
f 1794//1522 1793//1521 1817//1547 
f 1795//1523 1794//1522 1818//1548 
f 1796//1524 1795//1523 1819//1549 
f 1797//1525 1796//1524 1820//1550 
f 1798//1526 1797//1525 1821//1551 
f 1799//1527 1798//1526 1822//1552 
f 1800//1528 1799//1527 1823//1553 
f 1801//1529 1800//1528 1824//1554 
f 1802//1530 1801//1529 1825//1555 
f 1803//1532 1802//1530 1826//1556 
f 253//1557 1803//1532 1827//1558 
f 1804//1534 119//1533 111//1559 
f 1805//1535 1804//1534 1828//1560 
f 1806//1536 1805//1535 1829//1561 
f 1807//1537 1806//1536 1830//1562 
f 1808//1538 1807//1537 1831//1563 
f 1809//1539 1808//1538 1832//1564 
f 1810//1540 1809//1539 1833//1565 
f 1811//1541 1810//1540 1834//1566 
f 1812//1542 1811//1541 1835//1567 
f 1813//1543 1812//1542 1836//1568 
f 1814//1544 1813//1543 1837//1569 
f 1815//1545 1814//1544 1838//1570 
f 1816//1546 1815//1545 1839//1571 
f 1817//1547 1816//1546 1840//1572 
f 1818//1548 1817//1547 1841//1573 
f 1819//1549 1818//1548 1842//1574 
f 1820//1550 1819//1549 1843//1575 
f 1821//1551 1820//1550 1844//1576 
f 1822//1552 1821//1551 1845//1577 
f 1823//1553 1822//1552 1846//1578 
f 1824//1554 1823//1553 1847//1579 
f 1825//1555 1824//1554 1848//1580 
f 1826//1556 1825//1555 1849//1581 
f 1827//1558 1826//1556 1850//1582 
f 254//1583 1827//1558 1851//1584 
f 1828//1560 111//1559 100//1585 
f 1829//1561 1828//1560 1852//1586 
f 1830//1562 1829//1561 1853//1587 
f 1831//1563 1830//1562 1854//1588 
f 1832//1564 1831//1563 1855//1589 
f 1833//1565 1832//1564 1856//1590 
f 1834//1566 1833//1565 1857//1591 
f 1835//1567 1834//1566 1858//1592 
f 1836//1568 1835//1567 1859//1593 
f 1837//1569 1836//1568 1860//1594 
f 1838//1570 1837//1569 1861//1595 
f 1839//1571 1838//1570 1862//1596 
f 1840//1572 1839//1571 1863//1597 
f 1841//1573 1840//1572 1864//1598 
f 1842//1574 1841//1573 1865//1599 
f 1843//1575 1842//1574 1866//1600 
f 1844//1576 1843//1575 1867//1601 
f 1845//1577 1844//1576 1868//1602 
f 1846//1578 1845//1577 1869//1603 
f 1847//1579 1846//1578 1870//1604 
f 1848//1580 1847//1579 1871//1605 
f 1849//1581 1848//1580 1872//1606 
f 1850//1582 1849//1581 1873//1607 
f 1851//1584 1850//1582 1874//1608 
f 255//1609 1851//1584 1875//1610 
f 1852//1586 100//1585 89//1611 
f 1853//1587 1852//1586 1876//1612 
f 1854//1588 1853//1587 1877//1613 
f 1855//1589 1854//1588 1878//1614 
f 1856//1590 1855//1589 1879//1615 
f 1857//1591 1856//1590 1880//1616 
f 1858//1592 1857//1591 1881//1617 
f 1859//1593 1858//1592 1882//1618 
f 1860//1594 1859//1593 1883//1619 
f 1861//1595 1860//1594 1884//1620 
f 1862//1596 1861//1595 1885//1621 
f 1863//1597 1862//1596 1886//1622 
f 1864//1598 1863//1597 1887//1623 
f 1865//1599 1864//1598 1888//1624 
f 1866//1600 1865//1599 1889//1625 
f 1867//1601 1866//1600 1890//1626 
f 1868//1602 1867//1601 1891//1627 
f 1869//1603 1868//1602 1892//1628 
f 1870//1604 1869//1603 1893//1629 
f 1871//1605 1870//1604 1894//1630 
f 1872//1606 1871//1605 1895//1631 
f 1873//1607 1872//1606 1896//1632 
f 1874//1608 1873//1607 1897//1633 
f 1875//1610 1874//1608 1898//1634 
f 256//1635 1875//1610 1899//1636 
f 1876//1612 89//1611 88//1637 
f 1877//1613 1876//1612 1900//1638 
f 1878//1614 1877//1613 1901//1639 
f 1879//1615 1878//1614 1902//1640 
f 1880//1616 1879//1615 1903//1641 
f 1881//1617 1880//1616 1904//1642 
f 1882//1618 1881//1617 1905//1643 
f 1883//1619 1882//1618 1906//1644 
f 1884//1620 1883//1619 1907//1645 
f 1885//1621 1884//1620 1908//1646 
f 1886//1622 1885//1621 1909//1647 
f 1887//1623 1886//1622 1910//1648 
f 1888//1624 1887//1623 1911//1649 
f 1889//1625 1888//1624 1912//1650 
f 1890//1626 1889//1625 1913//1651 
f 1891//1627 1890//1626 1914//1652 
f 1892//1628 1891//1627 1915//1653 
f 1893//1629 1892//1628 1916//1654 
f 1894//1630 1893//1629 1917//1655 
f 1895//1631 1894//1630 1918//1656 
f 1896//1632 1895//1631 1919//1657 
f 1897//1633 1896//1632 1920//1658 
f 1898//1634 1897//1633 1921//1659 
f 1899//1636 1898//1634 1922//1660 
f 257//1661 1899//1636 1923//1662 
f 1900//1638 88//1637 144//1663 
f 1901//1639 1900//1638 1924//1664 
f 1902//1640 1901//1639 1925//1665 
f 1903//1641 1902//1640 1926//1666 
f 1904//1642 1903//1641 1927//1667 
f 1905//1643 1904//1642 1928//1668 
f 1906//1644 1905//1643 1929//1669 
f 1907//1645 1906//1644 1930//1670 
f 1908//1646 1907//1645 1931//1671 
f 1909//1647 1908//1646 1932//1672 
f 1910//1648 1909//1647 1933//1673 
f 1911//1649 1910//1648 1934//1674 
f 1912//1650 1911//1649 1935//1675 
f 1913//1651 1912//1650 1936//1676 
f 1914//1652 1913//1651 1937//1677 
f 1915//1653 1914//1652 1938//1678 
f 1916//1654 1915//1653 1939//1679 
f 1917//1655 1916//1654 1940//1680 
f 1918//1656 1917//1655 1941//1681 
f 1919//1657 1918//1656 1942//1682 
f 1920//1658 1919//1657 1943//1683 
f 1921//1659 1920//1658 1944//1684 
f 1922//1660 1921//1659 1945//1685 
f 1923//1662 1922//1660 1946//1686 
f 258//1687 1923//1662 1947//1688 
f 1924//1664 144//1663 135//1689 
f 1925//1665 1924//1664 1948//1690 
f 1926//1666 1925//1665 1949//1691 
f 1927//1667 1926//1666 1950//1692 
f 1928//1668 1927//1667 1951//1693 
f 1929//1669 1928//1668 1952//1694 
f 1930//1670 1929//1669 1953//1695 
f 1931//1671 1930//1670 1954//1696 
f 1932//1672 1931//1671 1955//1697 
f 1933//1673 1932//1672 1956//1698 
f 1934//1674 1933//1673 1957//1699 
f 1935//1675 1934//1674 1958//1700 
f 1936//1676 1935//1675 1959//1701 
f 1937//1677 1936//1676 1960//1702 
f 1938//1678 1937//1677 1961//1703 
f 1939//1679 1938//1678 1962//1704 
f 1940//1680 1939//1679 1963//1705 
f 1941//1681 1940//1680 1964//1706 
f 1942//1682 1941//1681 1965//1707 
f 1943//1683 1942//1682 1966//1708 
f 1944//1684 1943//1683 1967//1709 
f 1945//1685 1944//1684 1968//1710 
f 1946//1686 1945//1685 1969//1711 
f 1947//1688 1946//1686 1970//1712 
f 259//1713 1947//1688 1971//1714 
f 1948//1690 135//1689 126//1715 
f 1949//1691 1948//1690 1972//1716 
f 1950//1692 1949//1691 1973//1717 
f 1951//1693 1950//1692 1974//1718 
f 1952//1694 1951//1693 1975//1719 
f 1953//1695 1952//1694 1976//1720 
f 1954//1696 1953//1695 1977//1721 
f 1955//1697 1954//1696 1978//1722 
f 1956//1698 1955//1697 1979//1723 
f 1957//1699 1956//1698 1980//1724 
f 1958//1700 1957//1699 1981//1725 
f 1959//1701 1958//1700 1982//1726 
f 1960//1702 1959//1701 1983//1727 
f 1961//1703 1960//1702 1984//1728 
f 1962//1704 1961//1703 1985//1729 
f 1963//1705 1962//1704 1986//1730 
f 1964//1706 1963//1705 1987//1731 
f 1965//1707 1964//1706 1988//1732 
f 1966//1708 1965//1707 1989//1733 
f 1967//1709 1966//1708 1990//1734 
f 1968//1710 1967//1709 1991//1735 
f 1969//1711 1968//1710 1992//1736 
f 1970//1712 1969//1711 1993//1737 
f 1971//1714 1970//1712 1994//1738 
f 260//1739 1971//1714 1995//1740 
f 1972//1716 126//1715 120//1741 
f 1973//1717 1972//1716 1996//1742 
f 1974//1718 1973//1717 1997//1743 
f 1975//1719 1974//1718 1998//1744 
f 1976//1720 1975//1719 1999//1745 
f 1977//1721 1976//1720 2000//1746 
f 1978//1722 1977//1721 2001//1747 
f 1979//1723 1978//1722 2002//1748 
f 1980//1724 1979//1723 2003//1749 
f 1981//1725 1980//1724 2004//1750 
f 1982//1726 1981//1725 2005//1751 
f 1983//1727 1982//1726 2006//1752 
f 1984//1728 1983//1727 2007//1753 
f 1985//1729 1984//1728 2008//1754 
f 1986//1730 1985//1729 2009//1755 
f 1987//1731 1986//1730 2010//1756 
f 1988//1732 1987//1731 2011//1757 
f 1989//1733 1988//1732 2012//1758 
f 1990//1734 1989//1733 2013//1759 
f 1991//1735 1990//1734 2014//1760 
f 1992//1736 1991//1735 2015//1761 
f 1993//1737 1992//1736 2016//1762 
f 1994//1738 1993//1737 2017//1763 
f 1995//1740 1994//1738 2018//1764 
f 261//1765 1995//1740 2019//1766 
f 1996//1742 120//1741 71//1767 
f 1997//1743 1996//1742 2020//1768 
f 1998//1744 1997//1743 2021//1769 
f 1999//1745 1998//1744 2022//1770 
f 2000//1746 1999//1745 2023//1771 
f 2001//1747 2000//1746 2024//1772 
f 2002//1748 2001//1747 2025//1773 
f 2003//1749 2002//1748 2026//1774 
f 2004//1750 2003//1749 2027//1775 
f 2005//1751 2004//1750 2028//1776 
f 2006//1752 2005//1751 2029//1777 
f 2007//1753 2006//1752 2030//1778 
f 2008//1754 2007//1753 2031//1779 
f 2009//1755 2008//1754 2032//1780 
f 2010//1756 2009//1755 2033//1781 
f 2011//1757 2010//1756 2034//1782 
f 2012//1758 2011//1757 2035//1783 
f 2013//1759 2012//1758 2036//1784 
f 2014//1760 2013//1759 2037//1785 
f 2015//1761 2014//1760 2038//1786 
f 2016//1762 2015//1761 2039//1787 
f 2017//1763 2016//1762 2040//1788 
f 2018//1764 2017//1763 2041//1789 
f 2019//1766 2018//1764 2042//1790 
f 262//1791 2019//1766 2043//1792 
f 2044//1793 2020//1768 71//1767 
f 2021//1769 2020//1768 2044//1793 
f 2022//1770 2021//1769 2045//1794 
f 2023//1771 2022//1770 2046//1795 
f 2024//1772 2023//1771 2047//1796 
f 2025//1773 2024//1772 2048//1797 
f 2026//1774 2025//1773 2049//1798 
f 2027//1775 2026//1774 2050//1799 
f 2028//1776 2027//1775 2051//1800 
f 2029//1777 2028//1776 2052//1801 
f 2030//1778 2029//1777 2053//1802 
f 2031//1779 2030//1778 2054//1803 
f 2032//1780 2031//1779 2055//1804 
f 2033//1781 2032//1780 2056//1805 
f 2034//1782 2033//1781 2057//1806 
f 2035//1783 2034//1782 2058//1807 
f 2036//1784 2035//1783 2059//1808 
f 2037//1785 2036//1784 2060//1809 
f 2038//1786 2037//1785 2061//1810 
f 2039//1787 2038//1786 2062//1811 
f 2040//1788 2039//1787 2063//1812 
f 2041//1789 2040//1788 2064//1813 
f 2042//1790 2041//1789 2065//1814 
f 2043//1792 2042//1790 2066//1815 
f 263//1816 264//1817 2043//1792 
f 2067//1818 2044//1793 70//1819 
f 2045//1794 2044//1793 2067//1818 
f 2046//1795 2045//1794 2068//1820 
f 2047//1796 2046//1795 2069//1821 
f 2048//1797 2047//1796 2070//1822 
f 2049//1798 2048//1797 2071//1823 
f 2050//1799 2049//1798 2072//1824 
f 2051//1800 2050//1799 2073//1825 
f 2052//1801 2051//1800 2074//1826 
f 2053//1802 2052//1801 2075//1827 
f 2054//1803 2053//1802 2076//1828 
f 2055//1804 2054//1803 2077//1829 
f 2056//1805 2055//1804 2078//1830 
f 2057//1806 2056//1805 2079//1831 
f 2058//1807 2057//1806 2080//1832 
f 2059//1808 2058//1807 2081//1833 
f 2060//1809 2059//1808 2082//1834 
f 2061//1810 2060//1809 2083//1835 
f 2062//1811 2061//1810 2084//1836 
f 2063//1812 2062//1811 2085//1837 
f 2064//1813 2063//1812 2086//1838 
f 2065//1814 2064//1813 2087//1839 
f 2066//1815 2065//1814 2088//1840 
f 2089//1841 2066//1815 2090//1842 
f 265//1843 263//1816 2089//1841 
f 2091//1844 2067//1818 90//1845 
f 2068//1820 2067//1818 2091//1844 
f 2069//1821 2068//1820 2092//1846 
f 2070//1822 2069//1821 2093//1847 
f 2071//1823 2070//1822 2094//1848 
f 2072//1824 2071//1823 2095//1849 
f 2073//1825 2072//1824 2096//1850 
f 2074//1826 2073//1825 2097//1851 
f 2075//1827 2074//1826 2098//1852 
f 2076//1828 2075//1827 2099//1853 
f 2077//1829 2076//1828 2100//1854 
f 2078//1830 2077//1829 2101//1855 
f 2079//1831 2078//1830 2102//1856 
f 2080//1832 2079//1831 2103//1857 
f 2081//1833 2080//1832 2104//1858 
f 2082//1834 2081//1833 2105//1859 
f 2083//1835 2082//1834 2106//1860 
f 2084//1836 2083//1835 2107//1861 
f 2085//1837 2084//1836 2108//1862 
f 2086//1838 2085//1837 2109//1863 
f 2087//1839 2086//1838 2110//1864 
f 2088//1840 2087//1839 2111//1865 
f 2090//1842 2088//1840 2112//1866 
f 2113//1867 2090//1842 2114//1868 
f 266//1869 265//1843 2113//1867 
f 2115//1870 2091//1844 101//1871 
f 2092//1846 2091//1844 2115//1870 
f 2093//1847 2092//1846 2116//1872 
f 2094//1848 2093//1847 2117//1873 
f 2095//1849 2094//1848 2118//1874 
f 2096//1850 2095//1849 2119//1875 
f 2097//1851 2096//1850 2120//1876 
f 2098//1852 2097//1851 2121//1877 
f 2099//1853 2098//1852 2122//1878 
f 2100//1854 2099//1853 2123//1879 
f 2101//1855 2100//1854 2124//1880 
f 2102//1856 2101//1855 2125//1881 
f 2103//1857 2102//1856 2126//1882 
f 2104//1858 2103//1857 2127//1883 
f 2105//1859 2104//1858 2128//1884 
f 2106//1860 2105//1859 2129//1885 
f 2107//1861 2106//1860 2130//1886 
f 2108//1862 2107//1861 2131//1887 
f 2109//1863 2108//1862 2132//1888 
f 2110//1864 2109//1863 2133//1889 
f 2111//1865 2110//1864 2134//1890 
f 2112//1866 2111//1865 2135//1891 
f 2114//1868 2112//1866 2136//1892 
f 2137//1893 2114//1868 2138//1894 
f 267//1895 266//1869 2137//1893 
f 2139//1896 2115//1870 112//1897 
f 2116//1872 2115//1870 2139//1896 
f 2117//1873 2116//1872 2140//1898 
f 2118//1874 2117//1873 2141//1899 
f 2119//1875 2118//1874 2142//1900 
f 2120//1876 2119//1875 2143//1901 
f 2121//1877 2120//1876 2144//1902 
f 2122//1878 2121//1877 2145//1903 
f 2123//1879 2122//1878 2146//1904 
f 2124//1880 2123//1879 2147//1905 
f 2125//1881 2124//1880 2148//1906 
f 2126//1882 2125//1881 2149//1907 
f 2127//1883 2126//1882 2150//1908 
f 2128//1884 2127//1883 2151//1909 
f 2129//1885 2128//1884 2152//1910 
f 2130//1886 2129//1885 2153//1911 
f 2131//1887 2130//1886 2154//1912 
f 2132//1888 2131//1887 2155//1913 
f 2133//1889 2132//1888 2156//1914 
f 2134//1890 2133//1889 2157//1915 
f 2135//1891 2134//1890 2158//1916 
f 2136//1892 2135//1891 2159//1917 
f 2138//1894 2136//1892 2160//1918 
f 2161//1919 2138//1894 2162//1920 
f 268//1921 267//1895 2161//1919 
f 2163//1922 2139//1896 136//1923 
f 2140//1898 2139//1896 2163//1922 
f 2141//1899 2140//1898 2164//1924 
f 2142//1900 2141//1899 2165//1925 
f 2143//1901 2142//1900 2166//1926 
f 2144//1902 2143//1901 2167//1927 
f 2145//1903 2144//1902 2168//1928 
f 2146//1904 2145//1903 2169//1929 
f 2147//1905 2146//1904 2170//1930 
f 2148//1906 2147//1905 2171//1931 
f 2149//1907 2148//1906 2172//1932 
f 2150//1908 2149//1907 2173//1933 
f 2151//1909 2150//1908 2174//1934 
f 2152//1910 2151//1909 2175//1935 
f 2153//1911 2152//1910 2176//1936 
f 2154//1912 2153//1911 2177//1937 
f 2155//1913 2154//1912 2178//1938 
f 2156//1914 2155//1913 2179//1939 
f 2157//1915 2156//1914 2180//1940 
f 2158//1916 2157//1915 2181//1941 
f 2159//1917 2158//1916 2182//1942 
f 2160//1918 2159//1917 2183//1943 
f 2162//1920 2160//1918 2184//1944 
f 2185//1945 2162//1920 2186//1946 
f 269//1947 268//1921 2185//1945 
f 2187//1948 2163//1922 127//1949 
f 2164//1924 2163//1922 2187//1948 
f 2165//1925 2164//1924 2188//1950 
f 2166//1926 2165//1925 2189//1951 
f 2167//1927 2166//1926 2190//1952 
f 2168//1928 2167//1927 2191//1953 
f 2169//1929 2168//1928 2192//1954 
f 2170//1930 2169//1929 2193//1955 
f 2171//1931 2170//1930 2194//1956 
f 2172//1932 2171//1931 2195//1957 
f 2173//1933 2172//1932 2196//1958 
f 2174//1934 2173//1933 2197//1959 
f 2175//1935 2174//1934 2198//1960 
f 2176//1936 2175//1935 2199//1961 
f 2177//1937 2176//1936 2200//1962 
f 2178//1938 2177//1937 2201//1963 
f 2179//1939 2178//1938 2202//1964 
f 2180//1940 2179//1939 2203//1965 
f 2181//1941 2180//1940 2204//1966 
f 2182//1942 2181//1941 2205//1967 
f 2183//1943 2182//1942 2206//1968 
f 2184//1944 2183//1943 2207//1969 
f 2186//1946 2184//1944 2208//1970 
f 2209//1971 2186//1946 2210//1972 
f 270//1973 269//1947 2209//1971 
f 2211//1974 2187//1948 91//1975 
f 2188//1950 2187//1948 2211//1974 
f 2189//1951 2188//1950 2212//1976 
f 2190//1952 2189//1951 2213//1977 
f 2191//1953 2190//1952 2214//1978 
f 2192//1954 2191//1953 2215//1979 
f 2193//1955 2192//1954 2216//1980 
f 2194//1956 2193//1955 2217//1981 
f 2195//1957 2194//1956 2218//1982 
f 2196//1958 2195//1957 2219//1983 
f 2197//1959 2196//1958 2220//1984 
f 2198//1960 2197//1959 2221//1985 
f 2199//1961 2198//1960 2222//1986 
f 2200//1962 2199//1961 2223//1987 
f 2201//1963 2200//1962 2224//1988 
f 2202//1964 2201//1963 2225//1989 
f 2203//1965 2202//1964 2226//1990 
f 2204//1966 2203//1965 2227//1991 
f 2205//1967 2204//1966 2228//1992 
f 2206//1968 2205//1967 2229//1993 
f 2207//1969 2206//1968 2230//1994 
f 2208//1970 2207//1969 2231//1995 
f 2210//1972 2208//1970 2232//1996 
f 2233//1997 2210//1972 2234//1998 
f 271//1999 270//1973 2233//1997 
f 2235//2000 2211//1974 55//2001 
f 2212//1976 2211//1974 2235//2000 
f 2213//1977 2212//1976 2236//2002 
f 2214//1978 2213//1977 2237//2003 
f 2215//1979 2214//1978 2238//2004 
f 2216//1980 2215//1979 2239//2005 
f 2217//1981 2216//1980 2240//2006 
f 2218//1982 2217//1981 2241//2007 
f 2219//1983 2218//1982 2242//2008 
f 2220//1984 2219//1983 2243//2009 
f 2221//1985 2220//1984 2244//2010 
f 2222//1986 2221//1985 2245//2011 
f 2223//1987 2222//1986 2246//2012 
f 2224//1988 2223//1987 2247//2013 
f 2225//1989 2224//1988 2248//2014 
f 2226//1990 2225//1989 2249//2015 
f 2227//1991 2226//1990 2250//2016 
f 2228//1992 2227//1991 2251//2017 
f 2229//1993 2228//1992 2252//2018 
f 2230//1994 2229//1993 2253//2019 
f 2231//1995 2230//1994 2254//2020 
f 2232//1996 2231//1995 2255//2021 
f 2234//1998 2232//1996 2256//2022 
f 2257//2023 2234//1998 2258//2024 
f 272//2025 271//1999 2257//2023 
f 2259//2026 2235//2000 54//2027 
f 2236//2002 2235//2000 2259//2026 
f 2237//2003 2236//2002 2260//2028 
f 2238//2004 2237//2003 2261//2029 
f 2239//2005 2238//2004 2262//2030 
f 2240//2006 2239//2005 2263//2031 
f 2241//2007 2240//2006 2264//2032 
f 2242//2008 2241//2007 2265//2033 
f 2243//2009 2242//2008 2266//2034 
f 2244//2010 2243//2009 2267//2035 
f 2245//2011 2244//2010 2268//2036 
f 2246//2012 2245//2011 2269//2037 
f 2247//2013 2246//2012 2270//2038 
f 2248//2014 2247//2013 2271//2039 
f 2249//2015 2248//2014 2272//2040 
f 2250//2016 2249//2015 2273//2041 
f 2251//2017 2250//2016 2274//2042 
f 2252//2018 2251//2017 2275//2043 
f 2253//2019 2252//2018 2276//2044 
f 2254//2020 2253//2019 2277//2045 
f 2255//2021 2254//2020 2278//2046 
f 2256//2022 2255//2021 2279//2047 
f 2258//2024 2256//2022 2280//2048 
f 2281//2049 2258//2024 2282//2050 
f 273//2051 272//2025 2281//2049 
f 2283//2052 2259//2026 72//2053 
f 2260//2028 2259//2026 2283//2052 
f 2261//2029 2260//2028 2284//2054 
f 2262//2030 2261//2029 2285//2055 
f 2263//2031 2262//2030 2286//2056 
f 2264//2032 2263//2031 2287//2057 
f 2265//2033 2264//2032 2288//2058 
f 2266//2034 2265//2033 2289//2059 
f 2267//2035 2266//2034 2290//2060 
f 2268//2036 2267//2035 2291//2061 
f 2269//2037 2268//2036 2292//2062 
f 2270//2038 2269//2037 2293//2063 
f 2271//2039 2270//2038 2294//2064 
f 2272//2040 2271//2039 2295//2065 
f 2273//2041 2272//2040 2296//2066 
f 2274//2042 2273//2041 2297//2067 
f 2275//2043 2274//2042 2298//2068 
f 2276//2044 2275//2043 2299//2069 
f 2277//2045 2276//2044 2300//2070 
f 2278//2046 2277//2045 2301//2071 
f 2279//2047 2278//2046 2302//2072 
f 2280//2048 2279//2047 2303//2073 
f 2282//2050 2280//2048 2304//2074 
f 2305//2075 2282//2050 2306//2076 
f 274//2077 273//2051 2305//2075 
f 2307//2078 2283//2052 74//2079 
f 2284//2054 2283//2052 2307//2078 
f 2285//2055 2284//2054 2308//2080 
f 2286//2056 2285//2055 2309//2081 
f 2287//2057 2286//2056 2310//2082 
f 2288//2058 2287//2057 2311//2083 
f 2289//2059 2288//2058 2312//2084 
f 2290//2060 2289//2059 2313//2085 
f 2291//2061 2290//2060 2314//2086 
f 2292//2062 2291//2061 2315//2087 
f 2293//2063 2292//2062 2316//2088 
f 2294//2064 2293//2063 2317//2089 
f 2295//2065 2294//2064 2318//2090 
f 2296//2066 2295//2065 2319//2091 
f 2297//2067 2296//2066 2320//2092 
f 2298//2068 2297//2067 2321//2093 
f 2299//2069 2298//2068 2322//2094 
f 2300//2070 2299//2069 2323//2095 
f 2301//2071 2300//2070 2324//2096 
f 2302//2072 2301//2071 2325//2097 
f 2303//2073 2302//2072 2326//2098 
f 2304//2074 2303//2073 2327//2099 
f 2306//2076 2304//2074 2328//2100 
f 2329//2101 2306//2076 2330//2102 
f 275//2103 274//2077 2329//2101 
f 2331//2104 2307//2078 73//2105 
f 2308//2080 2307//2078 2331//2104 
f 2309//2081 2308//2080 2332//2106 
f 2310//2082 2309//2081 2333//2107 
f 2311//2083 2310//2082 2334//2108 
f 2312//2084 2311//2083 2335//2109 
f 2313//2085 2312//2084 2336//2110 
f 2314//2086 2313//2085 2337//2111 
f 2315//2087 2314//2086 2338//2112 
f 2316//2088 2315//2087 2339//2113 
f 2317//2089 2316//2088 2340//2114 
f 2318//2090 2317//2089 2341//2115 
f 2319//2091 2318//2090 2342//2116 
f 2320//2092 2319//2091 2343//2117 
f 2321//2093 2320//2092 2344//2118 
f 2322//2094 2321//2093 2345//2119 
f 2323//2095 2322//2094 2346//2120 
f 2324//2096 2323//2095 2347//2121 
f 2325//2097 2324//2096 2348//2122 
f 2326//2098 2325//2097 2349//2123 
f 2327//2099 2326//2098 2350//2124 
f 2328//2100 2327//2099 2351//2125 
f 2330//2102 2328//2100 2352//2126 
f 2353//2127 2330//2102 2354//2128 
f 276//2129 275//2103 2353//2127 
f 2355//2130 2331//2104 92//2131 
f 2332//2106 2331//2104 2355//2130 
f 2333//2107 2332//2106 2356//2132 
f 2334//2108 2333//2107 2357//2133 
f 2335//2109 2334//2108 2358//2134 
f 2336//2110 2335//2109 2359//2135 
f 2337//2111 2336//2110 2360//2136 
f 2338//2112 2337//2111 2361//2137 
f 2339//2113 2338//2112 2362//2138 
f 2340//2114 2339//2113 2363//2139 
f 2341//2115 2340//2114 2364//2140 
f 2342//2116 2341//2115 2365//2141 
f 2343//2117 2342//2116 2366//2142 
f 2344//2118 2343//2117 2367//2143 
f 2345//2119 2344//2118 2368//2144 
f 2346//2120 2345//2119 2369//2145 
f 2347//2121 2346//2120 2370//2146 
f 2348//2122 2347//2121 2371//2147 
f 2349//2123 2348//2122 2372//2148 
f 2350//2124 2349//2123 2373//2149 
f 2351//2125 2350//2124 2374//2150 
f 2352//2126 2351//2125 2375//2151 
f 2354//2128 2352//2126 2376//2152 
f 2377//2153 2354//2128 2378//2154 
f 277//2155 276//2129 2377//2153 
f 2379//2156 2355//2130 102//2157 
f 2356//2132 2355//2130 2379//2156 
f 2357//2133 2356//2132 2380//2158 
f 2358//2134 2357//2133 2381//2159 
f 2359//2135 2358//2134 2382//2160 
f 2360//2136 2359//2135 2383//2161 
f 2361//2137 2360//2136 2384//2162 
f 2362//2138 2361//2137 2385//2163 
f 2363//2139 2362//2138 2386//2164 
f 2364//2140 2363//2139 2387//2165 
f 2365//2141 2364//2140 2388//2166 
f 2366//2142 2365//2141 2389//2167 
f 2367//2143 2366//2142 2390//2168 
f 2368//2144 2367//2143 2391//2169 
f 2369//2145 2368//2144 2392//2170 
f 2370//2146 2369//2145 2393//2171 
f 2371//2147 2370//2146 2394//2172 
f 2372//2148 2371//2147 2395//2173 
f 2373//2149 2372//2148 2396//2174 
f 2374//2150 2373//2149 2397//2175 
f 2375//2151 2374//2150 2398//2176 
f 2376//2152 2375//2151 2399//2177 
f 2378//2154 2376//2152 2400//2178 
f 2401//2179 2378//2154 2402//2180 
f 278//2181 277//2155 2401//2179 
f 2403//2182 2379//2156 75//2183 
f 2380//2158 2379//2156 2403//2182 
f 2381//2159 2380//2158 2404//2184 
f 2382//2160 2381//2159 2405//2185 
f 2383//2161 2382//2160 2406//2186 
f 2384//2162 2383//2161 2407//2187 
f 2385//2163 2384//2162 2408//2188 
f 2386//2164 2385//2163 2409//2189 
f 2387//2165 2386//2164 2410//2190 
f 2388//2166 2387//2165 2411//2191 
f 2389//2167 2388//2166 2412//2192 
f 2390//2168 2389//2167 2413//2193 
f 2391//2169 2390//2168 2414//2194 
f 2392//2170 2391//2169 2415//2195 
f 2393//2171 2392//2170 2416//2196 
f 2394//2172 2393//2171 2417//2197 
f 2395//2173 2394//2172 2418//2198 
f 2396//2174 2395//2173 2419//2199 
f 2397//2175 2396//2174 2420//2200 
f 2398//2176 2397//2175 2421//2201 
f 2399//2177 2398//2176 2422//2202 
f 2400//2178 2399//2177 2423//2203 
f 2402//2180 2400//2178 2424//2204 
f 2425//2205 2402//2180 2426//2206 
f 279//2207 278//2181 2425//2205 
f 2427//2208 2403//2182 40//2209 
f 2404//2184 2403//2182 2427//2208 
f 2405//2185 2404//2184 2428//2210 
f 2406//2186 2405//2185 2429//2211 
f 2407//2187 2406//2186 2430//2212 
f 2408//2188 2407//2187 2431//2213 
f 2409//2189 2408//2188 2432//2214 
f 2410//2190 2409//2189 2433//2215 
f 2411//2191 2410//2190 2434//2216 
f 2412//2192 2411//2191 2435//2217 
f 2413//2193 2412//2192 2436//2218 
f 2414//2194 2413//2193 2437//2219 
f 2415//2195 2414//2194 2438//2220 
f 2416//2196 2415//2195 2439//2221 
f 2417//2197 2416//2196 2440//2222 
f 2418//2198 2417//2197 2441//2223 
f 2419//2199 2418//2198 2442//2224 
f 2420//2200 2419//2199 2443//2225 
f 2421//2201 2420//2200 2444//2226 
f 2422//2202 2421//2201 2445//2227 
f 2423//2203 2422//2202 2446//2228 
f 2424//2204 2423//2203 2447//2229 
f 2426//2206 2424//2204 2448//2230 
f 2449//2231 2426//2206 2450//2232 
f 280//2233 279//2207 2449//2231 
f 2451//2234 2427//2208 39//2235 
f 2428//2210 2427//2208 2451//2234 
f 2429//2211 2428//2210 2452//2236 
f 2430//2212 2429//2211 2453//2237 
f 2431//2213 2430//2212 2454//2238 
f 2432//2214 2431//2213 2455//2239 
f 2433//2215 2432//2214 2456//2240 
f 2434//2216 2433//2215 2457//2241 
f 2435//2217 2434//2216 2458//2242 
f 2436//2218 2435//2217 2459//2243 
f 2437//2219 2436//2218 2460//2244 
f 2438//2220 2437//2219 2461//2245 
f 2439//2221 2438//2220 2462//2246 
f 2440//2222 2439//2221 2463//2247 
f 2441//2223 2440//2222 2464//2248 
f 2442//2224 2441//2223 2465//2249 
f 2443//2225 2442//2224 2466//2250 
f 2444//2226 2443//2225 2467//2251 
f 2445//2227 2444//2226 2468//2252 
f 2446//2228 2445//2227 2469//2253 
f 2447//2229 2446//2228 2470//2254 
f 2448//2230 2447//2229 2471//2255 
f 2450//2232 2448//2230 2472//2256 
f 2473//2257 2450//2232 2474//2258 
f 281//2259 280//2233 2473//2257 
f 2475//2260 2451//2234 56//2261 
f 2452//2236 2451//2234 2475//2260 
f 2453//2237 2452//2236 2476//2262 
f 2454//2238 2453//2237 2477//2263 
f 2455//2239 2454//2238 2478//2264 
f 2456//2240 2455//2239 2479//2265 
f 2457//2241 2456//2240 2480//2266 
f 2458//2242 2457//2241 2481//2267 
f 2459//2243 2458//2242 2482//2268 
f 2460//2244 2459//2243 2483//2269 
f 2461//2245 2460//2244 2484//2270 
f 2462//2246 2461//2245 2485//2271 
f 2463//2247 2462//2246 2486//2272 
f 2464//2248 2463//2247 2487//2273 
f 2465//2249 2464//2248 2488//2274 
f 2466//2250 2465//2249 2489//2275 
f 2467//2251 2466//2250 2490//2276 
f 2468//2252 2467//2251 2491//2277 
f 2469//2253 2468//2252 2492//2278 
f 2470//2254 2469//2253 2493//2279 
f 2471//2255 2470//2254 2494//2280 
f 2472//2256 2471//2255 2495//2281 
f 2474//2258 2472//2256 2496//2282 
f 2497//2283 2474//2258 2498//2284 
f 282//2285 281//2259 2497//2283 
f 2499//2286 2475//2260 57//2287 
f 2476//2262 2475//2260 2499//2286 
f 2477//2263 2476//2262 2500//2288 
f 2478//2264 2477//2263 2501//2289 
f 2479//2265 2478//2264 2502//2290 
f 2480//2266 2479//2265 2503//2291 
f 2481//2267 2480//2266 2504//2292 
f 2482//2268 2481//2267 2505//2293 
f 2483//2269 2482//2268 2506//2294 
f 2484//2270 2483//2269 2507//2295 
f 2485//2271 2484//2270 2508//2296 
f 2486//2272 2485//2271 2509//2297 
f 2487//2273 2486//2272 2510//2298 
f 2488//2274 2487//2273 2511//2299 
f 2489//2275 2488//2274 2512//2300 
f 2490//2276 2489//2275 2513//2301 
f 2491//2277 2490//2276 2514//2302 
f 2492//2278 2491//2277 2515//2303 
f 2493//2279 2492//2278 2516//2304 
f 2494//2280 2493//2279 2517//2305 
f 2495//2281 2494//2280 2518//2306 
f 2496//2282 2495//2281 2519//2307 
f 2498//2284 2496//2282 2520//2308 
f 2521//2309 2498//2284 2522//2310 
f 283//2311 282//2285 2521//2309 
f 2523//2312 2499//2286 43//2313 
f 2500//2288 2499//2286 2523//2312 
f 2501//2289 2500//2288 2524//2314 
f 2502//2290 2501//2289 2525//2315 
f 2503//2291 2502//2290 2526//2316 
f 2504//2292 2503//2291 2527//2317 
f 2505//2293 2504//2292 2528//2318 
f 2506//2294 2505//2293 2529//2319 
f 2507//2295 2506//2294 2530//2320 
f 2508//2296 2507//2295 2531//2321 
f 2509//2297 2508//2296 2532//2322 
f 2510//2298 2509//2297 2533//2323 
f 2511//2299 2510//2298 2534//2324 
f 2512//2300 2511//2299 2535//2325 
f 2513//2301 2512//2300 2536//2326 
f 2514//2302 2513//2301 2537//2327 
f 2515//2303 2514//2302 2538//2328 
f 2516//2304 2515//2303 2539//2329 
f 2517//2305 2516//2304 2540//2330 
f 2518//2306 2517//2305 2541//2331 
f 2519//2307 2518//2306 2542//2332 
f 2520//2308 2519//2307 2543//2333 
f 2522//2310 2520//2308 2544//2334 
f 2545//2335 2522//2310 2546//2336 
f 284//2337 283//2311 2545//2335 
f 2547//2338 2523//2312 42//2339 
f 2524//2314 2523//2312 2547//2338 
f 2525//2315 2524//2314 2548//2340 
f 2526//2316 2525//2315 2549//2341 
f 2527//2317 2526//2316 2550//2342 
f 2528//2318 2527//2317 2551//2343 
f 2529//2319 2528//2318 2552//2344 
f 2530//2320 2529//2319 2553//2345 
f 2531//2321 2530//2320 2554//2346 
f 2532//2322 2531//2321 2555//2347 
f 2533//2323 2532//2322 2556//2348 
f 2534//2324 2533//2323 2557//2349 
f 2535//2325 2534//2324 2558//2350 
f 2536//2326 2535//2325 2559//2351 
f 2537//2327 2536//2326 2560//2352 
f 2538//2328 2537//2327 2561//2353 
f 2539//2329 2538//2328 2562//2354 
f 2540//2330 2539//2329 2563//2355 
f 2541//2331 2540//2330 2564//2356 
f 2542//2332 2541//2331 2565//2357 
f 2543//2333 2542//2332 2566//2358 
f 2544//2334 2543//2333 2567//2359 
f 2546//2336 2544//2334 2568//2360 
f 2569//2361 2546//2336 2570//2362 
f 285//2363 284//2337 2569//2361 
f 2571//2364 2547//2338 41//2365 
f 2548//2340 2547//2338 2571//2364 
f 2549//2341 2548//2340 2572//2366 
f 2550//2342 2549//2341 2573//2367 
f 2551//2343 2550//2342 2574//2368 
f 2552//2344 2551//2343 2575//2369 
f 2553//2345 2552//2344 2576//2370 
f 2554//2346 2553//2345 2577//2371 
f 2555//2347 2554//2346 2578//2372 
f 2556//2348 2555//2347 2579//2373 
f 2557//2349 2556//2348 2580//2374 
f 2558//2350 2557//2349 2581//2375 
f 2559//2351 2558//2350 2582//2376 
f 2560//2352 2559//2351 2583//2377 
f 2561//2353 2560//2352 2584//2378 
f 2562//2354 2561//2353 2585//2379 
f 2563//2355 2562//2354 2586//2380 
f 2564//2356 2563//2355 2587//2381 
f 2565//2357 2564//2356 2588//2382 
f 2566//2358 2565//2357 2589//2383 
f 2567//2359 2566//2358 2590//2384 
f 2568//2360 2567//2359 2591//2385 
f 2570//2362 2568//2360 2592//2386 
f 2593//2387 2570//2362 2594//2388 
f 286//2389 285//2363 2593//2387 
f 2595//2390 2571//2364 38//2391 
f 2572//2366 2571//2364 2595//2390 
f 2573//2367 2572//2366 2596//2392 
f 2574//2368 2573//2367 2597//2393 
f 2575//2369 2574//2368 2598//2394 
f 2576//2370 2575//2369 2599//2395 
f 2577//2371 2576//2370 2600//2396 
f 2578//2372 2577//2371 2601//2397 
f 2579//2373 2578//2372 2602//2398 
f 2580//2374 2579//2373 2603//2399 
f 2581//2375 2580//2374 2604//2400 
f 2582//2376 2581//2375 2605//2401 
f 2583//2377 2582//2376 2606//2402 
f 2584//2378 2583//2377 2607//2403 
f 2585//2379 2584//2378 2608//2404 
f 2586//2380 2585//2379 2609//2405 
f 2587//2381 2586//2380 2610//2406 
f 2588//2382 2587//2381 2611//2407 
f 2589//2383 2588//2382 2612//2408 
f 2590//2384 2589//2383 2613//2409 
f 2591//2385 2590//2384 2614//2410 
f 2592//2386 2591//2385 2615//2411 
f 2594//2388 2592//2386 2616//2412 
f 2617//2413 2594//2388 2618//2414 
f 287//2415 286//2389 2617//2413 
f 2619//2416 2595//2390 103//2417 
f 2596//2392 2595//2390 2619//2416 
f 2597//2393 2596//2392 2620//2418 
f 2598//2394 2597//2393 2621//2419 
f 2599//2395 2598//2394 2622//2420 
f 2600//2396 2599//2395 2623//2421 
f 2601//2397 2600//2396 2624//2422 
f 2602//2398 2601//2397 2625//2423 
f 2603//2399 2602//2398 2626//2424 
f 2604//2400 2603//2399 2627//2425 
f 2605//2401 2604//2400 2628//2426 
f 2606//2402 2605//2401 2629//2427 
f 2607//2403 2606//2402 2630//2428 
f 2608//2404 2607//2403 2631//2429 
f 2609//2405 2608//2404 2632//2430 
f 2610//2406 2609//2405 2633//2431 
f 2611//2407 2610//2406 2634//2432 
f 2612//2408 2611//2407 2635//2433 
f 2613//2409 2612//2408 2636//2434 
f 2614//2410 2613//2409 2637//2435 
f 2615//2411 2614//2410 2638//2436 
f 2616//2412 2615//2411 2639//2437 
f 2618//2414 2616//2412 2640//2438 
f 2641//2439 2618//2414 2642//2440 
f 288//2441 287//2415 2641//2439 
f 2643//2442 2619//2416 53//2443 
f 2620//2418 2619//2416 2643//2442 
f 2621//2419 2620//2418 2644//2444 
f 2622//2420 2621//2419 2645//2445 
f 2623//2421 2622//2420 2646//2446 
f 2624//2422 2623//2421 2647//2447 
f 2625//2423 2624//2422 2648//2448 
f 2626//2424 2625//2423 2649//2449 
f 2627//2425 2626//2424 2650//2450 
f 2628//2426 2627//2425 2651//2451 
f 2629//2427 2628//2426 2652//2452 
f 2630//2428 2629//2427 2653//2453 
f 2631//2429 2630//2428 2654//2454 
f 2632//2430 2631//2429 2655//2455 
f 2633//2431 2632//2430 2656//2456 
f 2634//2432 2633//2431 2657//2457 
f 2635//2433 2634//2432 2658//2458 
f 2636//2434 2635//2433 2659//2459 
f 2637//2435 2636//2434 2660//2460 
f 2638//2436 2637//2435 2661//2461 
f 2639//2437 2638//2436 2662//2462 
f 2640//2438 2639//2437 2663//2463 
f 2642//2440 2640//2438 2664//2464 
f 2665//2465 2642//2440 2666//2466 
f 289//2467 288//2441 2665//2465 
f 2643//2442 137//2468 69//2468 
f 2644//2444 2643//2442 2667//2469 
f 2645//2445 2644//2444 2668//2470 
f 2646//2446 2645//2445 2669//2471 
f 2647//2447 2646//2446 2670//2472 
f 2648//2448 2647//2447 2671//2473 
f 2649//2449 2648//2448 2672//2474 
f 2650//2450 2649//2449 2673//2475 
f 2651//2451 2650//2450 2674//2476 
f 2652//2452 2651//2451 2675//2477 
f 2653//2453 2652//2452 2676//2478 
f 2654//2454 2653//2453 2677//2479 
f 2655//2455 2654//2454 2678//2480 
f 2656//2456 2655//2455 2679//2481 
f 2657//2457 2656//2456 2680//2482 
f 2658//2458 2657//2457 2681//2483 
f 2659//2459 2658//2458 2682//2484 
f 2660//2460 2659//2459 2683//2485 
f 2661//2461 2660//2460 2684//2486 
f 2662//2462 2661//2461 2685//2487 
f 2663//2463 2662//2462 2686//2488 
f 2664//2464 2663//2463 2687//2489 
f 2666//2466 2664//2464 2688//2490 
f 2689//2491 2666//2466 2690//2492 
f 289//2467 2689//2491 2691//2493 
f 2667//2469 69//2468 153//2494 
f 2668//2470 2667//2469 2692//2495 
f 2669//2471 2668//2470 2693//2496 
f 2670//2472 2669//2471 2694//2497 
f 2671//2473 2670//2472 2695//2498 
f 2672//2474 2671//2473 2696//2499 
f 2673//2475 2672//2474 2697//2500 
f 2674//2476 2673//2475 2698//2501 
f 2675//2477 2674//2476 2699//2502 
f 2676//2478 2675//2477 2700//2503 
f 2677//2479 2676//2478 2701//2504 
f 2678//2480 2677//2479 2702//2505 
f 2679//2481 2678//2480 2703//2506 
f 2680//2482 2679//2481 2704//2507 
f 2681//2483 2680//2482 2705//2508 
f 2682//2484 2681//2483 2706//2509 
f 2683//2485 2682//2484 2707//2510 
f 2684//2486 2683//2485 2708//2511 
f 2685//2487 2684//2486 2709//2512 
f 2686//2488 2685//2487 2710//2513 
f 2687//2489 2686//2488 2711//2514 
f 2688//2490 2687//2489 2712//2515 
f 2690//2492 2688//2490 2713//2516 
f 2691//2493 2690//2492 2714//2517 
f 290//2518 2691//2493 2715//2519 
f 2716//2520 2692//2495 153//2494 
f 2693//2496 2692//2495 2716//2520 
f 2694//2497 2693//2496 2717//2521 
f 2695//2498 2694//2497 2718//2522 
f 2696//2499 2695//2498 2719//2523 
f 2697//2500 2696//2499 2720//2524 
f 2698//2501 2697//2500 2721//2525 
f 2699//2502 2698//2501 2722//2526 
f 2700//2503 2699//2502 2723//2527 
f 2701//2504 2700//2503 2724//2528 
f 2702//2505 2701//2504 2725//2529 
f 2703//2506 2702//2505 2726//2530 
f 2704//2507 2703//2506 2727//2531 
f 2705//2508 2704//2507 2728//2532 
f 2706//2509 2705//2508 2729//2533 
f 2707//2510 2706//2509 2730//2534 
f 2708//2511 2707//2510 2731//2535 
f 2709//2512 2708//2511 2732//2536 
f 2710//2513 2709//2512 2733//2537 
f 2711//2514 2710//2513 2734//2538 
f 2712//2515 2711//2514 2735//2539 
f 2713//2516 2712//2515 2736//2540 
f 2714//2517 2713//2516 2737//2541 
f 2715//2519 2714//2517 2738//2542 
f 291//2543 292//2544 2715//2519 
f 2716//2520 146//2545 48//2545 
f 2717//2521 2716//2520 2739//2546 
f 2718//2522 2717//2521 2740//2547 
f 2719//2523 2718//2522 2741//2548 
f 2720//2524 2719//2523 2742//2549 
f 2721//2525 2720//2524 2743//2550 
f 2722//2526 2721//2525 2744//2551 
f 2723//2527 2722//2526 2745//2552 
f 2724//2528 2723//2527 2746//2553 
f 2725//2529 2724//2528 2747//2554 
f 2726//2530 2725//2529 2748//2555 
f 2727//2531 2726//2530 2749//2556 
f 2728//2532 2727//2531 2750//2557 
f 2729//2533 2728//2532 2751//2558 
f 2730//2534 2729//2533 2752//2559 
f 2731//2535 2730//2534 2753//2560 
f 2732//2536 2731//2535 2754//2561 
f 2733//2537 2732//2536 2755//2562 
f 2734//2538 2733//2537 2756//2563 
f 2735//2539 2734//2538 2757//2564 
f 2736//2540 2735//2539 2758//2565 
f 2737//2541 2736//2540 2759//2566 
f 2738//2542 2737//2541 2760//2567 
f 2761//2568 2738//2542 2762//2569 
f 291//2543 2761//2568 2763//2570 
f 2739//2546 48//2545 162//2571 
f 2740//2547 2739//2546 2764//2572 
f 2741//2548 2740//2547 2765//2573 
f 2742//2549 2741//2548 2766//2574 
f 2743//2550 2742//2549 2767//2575 
f 2744//2551 2743//2550 2768//2576 
f 2745//2552 2744//2551 2769//2577 
f 2746//2553 2745//2552 2770//2578 
f 2747//2554 2746//2553 2771//2579 
f 2748//2555 2747//2554 2772//2580 
f 2749//2556 2748//2555 2773//2581 
f 2750//2557 2749//2556 2774//2582 
f 2751//2558 2750//2557 2775//2583 
f 2752//2559 2751//2558 2776//2584 
f 2753//2560 2752//2559 2777//2585 
f 2754//2561 2753//2560 2778//2586 
f 2755//2562 2754//2561 2779//2587 
f 2756//2563 2755//2562 2780//2588 
f 2757//2564 2756//2563 2781//2589 
f 2758//2565 2757//2564 2782//2590 
f 2759//2566 2758//2565 2783//2591 
f 2760//2567 2759//2566 2784//2592 
f 2762//2569 2760//2567 2785//2593 
f 2763//2570 2762//2569 2786//2594 
f 293//2595 2763//2570 2787//2596 
f 2764//2572 162//2571 168//2597 
f 2765//2573 2764//2572 2788//2598 
f 2766//2574 2765//2573 2789//2599 
f 2767//2575 2766//2574 2790//2600 
f 2768//2576 2767//2575 2791//2601 
f 2769//2577 2768//2576 2792//2602 
f 2770//2578 2769//2577 2793//2603 
f 2771//2579 2770//2578 2794//2604 
f 2772//2580 2771//2579 2795//2605 
f 2773//2581 2772//2580 2796//2606 
f 2774//2582 2773//2581 2797//2607 
f 2775//2583 2774//2582 2798//2608 
f 2776//2584 2775//2583 2799//2609 
f 2777//2585 2776//2584 2800//2610 
f 2778//2586 2777//2585 2801//2611 
f 2779//2587 2778//2586 2802//2612 
f 2780//2588 2779//2587 2803//2613 
f 2781//2589 2780//2588 2804//2614 
f 2782//2590 2781//2589 2805//2615 
f 2783//2591 2782//2590 2806//2616 
f 2784//2592 2783//2591 2807//2617 
f 2785//2593 2784//2592 2808//2618 
f 2786//2594 2785//2593 2809//2619 
f 2787//2596 2786//2594 2810//2620 
f 294//2621 2787//2596 2811//2622 
f 2788//2598 168//2597 181//2623 
f 2789//2599 2788//2598 2812//2624 
f 2790//2600 2789//2599 2813//2625 
f 2791//2601 2790//2600 2814//2626 
f 2792//2602 2791//2601 2815//2627 
f 2793//2603 2792//2602 2816//2628 
f 2794//2604 2793//2603 2817//2629 
f 2795//2605 2794//2604 2818//2630 
f 2796//2606 2795//2605 2819//2631 
f 2797//2607 2796//2606 2820//2632 
f 2798//2608 2797//2607 2821//2633 
f 2799//2609 2798//2608 2822//2634 
f 2800//2610 2799//2609 2823//2635 
f 2801//2611 2800//2610 2824//2636 
f 2802//2612 2801//2611 2825//2637 
f 2803//2613 2802//2612 2826//2638 
f 2804//2614 2803//2613 2827//2639 
f 2805//2615 2804//2614 2828//2640 
f 2806//2616 2805//2615 2829//2641 
f 2807//2617 2806//2616 2830//2642 
f 2808//2618 2807//2617 2831//2643 
f 2809//2619 2808//2618 2832//2644 
f 2810//2620 2809//2619 2833//2645 
f 2811//2622 2810//2620 2834//2646 
f 295//2647 2811//2622 2835//2648 
f 2812//2624 181//2623 182//2649 
f 2813//2625 2812//2624 2836//2650 
f 2814//2626 2813//2625 2837//2651 
f 2815//2627 2814//2626 2838//2652 
f 2816//2628 2815//2627 2839//2653 
f 2817//2629 2816//2628 2840//2654 
f 2818//2630 2817//2629 2841//2655 
f 2819//2631 2818//2630 2842//2656 
f 2820//2632 2819//2631 2843//2657 
f 2821//2633 2820//2632 2844//2658 
f 2822//2634 2821//2633 2845//2659 
f 2823//2635 2822//2634 2846//2660 
f 2824//2636 2823//2635 2847//2661 
f 2825//2637 2824//2636 2848//2662 
f 2826//2638 2825//2637 2849//2663 
f 2827//2639 2826//2638 2850//2664 
f 2828//2640 2827//2639 2851//2665 
f 2829//2641 2828//2640 2852//2666 
f 2830//2642 2829//2641 2853//2667 
f 2831//2643 2830//2642 2854//2668 
f 2832//2644 2831//2643 2855//2669 
f 2833//2645 2832//2644 2856//2670 
f 2834//2646 2833//2645 2857//2671 
f 2835//2648 2834//2646 2858//2672 
f 296//2673 2835//2648 2859//2674 
f 2836//2650 182//2649 179//2675 
f 2837//2651 2836//2650 2860//2676 
f 2838//2652 2837//2651 2861//2677 
f 2839//2653 2838//2652 2862//2678 
f 2840//2654 2839//2653 2863//2679 
f 2841//2655 2840//2654 2864//2680 
f 2842//2656 2841//2655 2865//2681 
f 2843//2657 2842//2656 2866//2682 
f 2844//2658 2843//2657 2867//2683 
f 2845//2659 2844//2658 2868//2684 
f 2846//2660 2845//2659 2869//2685 
f 2847//2661 2846//2660 2870//2686 
f 2848//2662 2847//2661 2871//2687 
f 2849//2663 2848//2662 2872//2688 
f 2850//2664 2849//2663 2873//2689 
f 2851//2665 2850//2664 2874//2690 
f 2852//2666 2851//2665 2875//2691 
f 2853//2667 2852//2666 2876//2692 
f 2854//2668 2853//2667 2877//2693 
f 2855//2669 2854//2668 2878//2694 
f 2856//2670 2855//2669 2879//2695 
f 2857//2671 2856//2670 2880//2696 
f 2858//2672 2857//2671 2881//2697 
f 2859//2674 2858//2672 2882//2698 
f 297//2699 2859//2674 2883//2700 
f 2860//2676 179//2675 178//2701 
f 2861//2677 2860//2676 2884//2702 
f 2862//2678 2861//2677 2885//2703 
f 2863//2679 2862//2678 2886//2704 
f 2864//2680 2863//2679 2887//2705 
f 2865//2681 2864//2680 2888//2706 
f 2866//2682 2865//2681 2889//2707 
f 2867//2683 2866//2682 2890//2708 
f 2868//2684 2867//2683 2891//2709 
f 2869//2685 2868//2684 2892//2710 
f 2870//2686 2869//2685 2893//2711 
f 2871//2687 2870//2686 2894//2712 
f 2872//2688 2871//2687 2895//2713 
f 2873//2689 2872//2688 2896//2714 
f 2874//2690 2873//2689 2897//2715 
f 2875//2691 2874//2690 2898//2716 
f 2876//2692 2875//2691 2899//2717 
f 2877//2693 2876//2692 2900//2718 
f 2878//2694 2877//2693 2901//2719 
f 2879//2695 2878//2694 2902//2720 
f 2880//2696 2879//2695 2903//2721 
f 2881//2697 2880//2696 2904//2722 
f 2882//2698 2881//2697 2905//2723 
f 2883//2700 2882//2698 2906//2724 
f 298//2725 2883//2700 2907//2726 
f 2884//2702 178//2701 185//2727 
f 2885//2703 2884//2702 2908//2728 
f 2886//2704 2885//2703 2909//2729 
f 2887//2705 2886//2704 2910//2730 
f 2888//2706 2887//2705 2911//2731 
f 2889//2707 2888//2706 2912//2732 
f 2890//2708 2889//2707 2913//2733 
f 2891//2709 2890//2708 2914//2734 
f 2892//2710 2891//2709 2915//2735 
f 2893//2711 2892//2710 2916//2736 
f 2894//2712 2893//2711 2917//2737 
f 2895//2713 2894//2712 2918//2738 
f 2896//2714 2895//2713 2919//2739 
f 2897//2715 2896//2714 2920//2740 
f 2898//2716 2897//2715 2921//2741 
f 2899//2717 2898//2716 2922//2742 
f 2900//2718 2899//2717 2923//2743 
f 2901//2719 2900//2718 2924//2744 
f 2902//2720 2901//2719 2925//2745 
f 2903//2721 2902//2720 2926//2746 
f 2904//2722 2903//2721 2927//2747 
f 2905//2723 2904//2722 2928//2748 
f 2906//2724 2905//2723 2929//2749 
f 2907//2726 2906//2724 2930//2750 
f 299//2751 2907//2726 2931//2752 
f 2908//2728 185//2727 192//2753 
f 2909//2729 2908//2728 2932//2754 
f 2910//2730 2909//2729 2933//2755 
f 2911//2731 2910//2730 2934//2756 
f 2912//2732 2911//2731 2935//2757 
f 2913//2733 2912//2732 2936//2758 
f 2914//2734 2913//2733 2937//2759 
f 2915//2735 2914//2734 2938//2760 
f 2916//2736 2915//2735 2939//2761 
f 2917//2737 2916//2736 2940//2762 
f 2918//2738 2917//2737 2941//2763 
f 2919//2739 2918//2738 2942//2764 
f 2920//2740 2919//2739 2943//2765 
f 2921//2741 2920//2740 2944//2766 
f 2922//2742 2921//2741 2945//2767 
f 2923//2743 2922//2742 2946//2768 
f 2924//2744 2923//2743 2947//2769 
f 2925//2745 2924//2744 2948//2770 
f 2926//2746 2925//2745 2949//2771 
f 2927//2747 2926//2746 2950//2772 
f 2928//2748 2927//2747 2951//2773 
f 2929//2749 2928//2748 2952//2774 
f 2930//2750 2929//2749 2953//2775 
f 2931//2752 2930//2750 2954//2776 
f 300//2777 2931//2752 2955//2778 
f 2932//2754 192//2753 191//2779 
f 2933//2755 2932//2754 2956//2780 
f 2934//2756 2933//2755 2957//2781 
f 2935//2757 2934//2756 2958//2782 
f 2936//2758 2935//2757 2959//2783 
f 2937//2759 2936//2758 2960//2784 
f 2938//2760 2937//2759 2961//2785 
f 2939//2761 2938//2760 2962//2786 
f 2940//2762 2939//2761 2963//2787 
f 2941//2763 2940//2762 2964//2788 
f 2942//2764 2941//2763 2965//2789 
f 2943//2765 2942//2764 2966//2790 
f 2944//2766 2943//2765 2967//2791 
f 2945//2767 2944//2766 2968//2792 
f 2946//2768 2945//2767 2969//2793 
f 2947//2769 2946//2768 2970//2794 
f 2948//2770 2947//2769 2971//2795 
f 2949//2771 2948//2770 2972//2796 
f 2950//2772 2949//2771 2973//2797 
f 2951//2773 2950//2772 2974//2798 
f 2952//2774 2951//2773 2975//2799 
f 2953//2775 2952//2774 2976//2800 
f 2954//2776 2953//2775 2977//2801 
f 2955//2778 2954//2776 2978//2802 
f 301//2803 2955//2778 2979//2804 
f 2956//2780 191//2779 193//2805 
f 2957//2781 2956//2780 2980//2806 
f 2958//2782 2957//2781 2981//2807 
f 2959//2783 2958//2782 2982//2808 
f 2960//2784 2959//2783 2983//2809 
f 2961//2785 2960//2784 2984//2810 
f 2962//2786 2961//2785 2985//2811 
f 2963//2787 2962//2786 2986//2812 
f 2964//2788 2963//2787 2987//2813 
f 2965//2789 2964//2788 2988//2814 
f 2966//2790 2965//2789 2989//2815 
f 2967//2791 2966//2790 2990//2816 
f 2968//2792 2967//2791 2991//2817 
f 2969//2793 2968//2792 2992//2818 
f 2970//2794 2969//2793 2993//2819 
f 2971//2795 2970//2794 2994//2820 
f 2972//2796 2971//2795 2995//2821 
f 2973//2797 2972//2796 2996//2822 
f 2974//2798 2973//2797 2997//2823 
f 2975//2799 2974//2798 2998//2824 
f 2976//2800 2975//2799 2999//2825 
f 2977//2801 2976//2800 3000//2826 
f 2978//2802 2977//2801 3001//2827 
f 2979//2804 2978//2802 3002//2828 
f 302//2829 2979//2804 3003//2830 
f 2980//2806 193//2805 187//2831 
f 2981//2807 2980//2806 3004//2832 
f 2982//2808 2981//2807 3005//2833 
f 2983//2809 2982//2808 3006//2834 
f 2984//2810 2983//2809 3007//2835 
f 2985//2811 2984//2810 3008//2836 
f 2986//2812 2985//2811 3009//2837 
f 2987//2813 2986//2812 3010//2838 
f 2988//2814 2987//2813 3011//2839 
f 2989//2815 2988//2814 3012//2840 
f 2990//2816 2989//2815 3013//2841 
f 2991//2817 2990//2816 3014//2842 
f 2992//2818 2991//2817 3015//2843 
f 2993//2819 2992//2818 3016//2844 
f 2994//2820 2993//2819 3017//2845 
f 2995//2821 2994//2820 3018//2846 
f 2996//2822 2995//2821 3019//2847 
f 2997//2823 2996//2822 3020//2848 
f 2998//2824 2997//2823 3021//2849 
f 2999//2825 2998//2824 3022//2850 
f 3000//2826 2999//2825 3023//2851 
f 3001//2827 3000//2826 3024//2852 
f 3002//2828 3001//2827 3025//2853 
f 3003//2830 3002//2828 3026//2854 
f 303//2855 3003//2830 3027//2856 
f 3004//2832 187//2831 186//2857 
f 3005//2833 3004//2832 3028//2858 
f 3006//2834 3005//2833 3029//2859 
f 3007//2835 3006//2834 3030//2860 
f 3008//2836 3007//2835 3031//2861 
f 3009//2837 3008//2836 3032//2862 
f 3010//2838 3009//2837 3033//2863 
f 3011//2839 3010//2838 3034//2864 
f 3012//2840 3011//2839 3035//2865 
f 3013//2841 3012//2840 3036//2866 
f 3014//2842 3013//2841 3037//2867 
f 3015//2843 3014//2842 3038//2868 
f 3016//2844 3015//2843 3039//2869 
f 3017//2845 3016//2844 3040//2870 
f 3018//2846 3017//2845 3041//2871 
f 3019//2847 3018//2846 3042//2872 
f 3020//2848 3019//2847 3043//2873 
f 3021//2849 3020//2848 3044//2874 
f 3022//2850 3021//2849 3045//2875 
f 3023//2851 3022//2850 3046//2876 
f 3024//2852 3023//2851 3047//2877 
f 3025//2853 3024//2852 3048//2878 
f 3026//2854 3025//2853 3049//2879 
f 3027//2856 3026//2854 3050//2880 
f 304//2881 3027//2856 3051//2882 
f 3028//2858 186//2857 189//2883 
f 3029//2859 3028//2858 3052//2884 
f 3030//2860 3029//2859 3053//2885 
f 3031//2861 3030//2860 3054//2886 
f 3032//2862 3031//2861 3055//2887 
f 3033//2863 3032//2862 3056//2888 
f 3034//2864 3033//2863 3057//2889 
f 3035//2865 3034//2864 3058//2890 
f 3036//2866 3035//2865 3059//2891 
f 3037//2867 3036//2866 3060//2892 
f 3038//2868 3037//2867 3061//2893 
f 3039//2869 3038//2868 3062//2894 
f 3040//2870 3039//2869 3063//2895 
f 3041//2871 3040//2870 3064//2896 
f 3042//2872 3041//2871 3065//2897 
f 3043//2873 3042//2872 3066//2898 
f 3044//2874 3043//2873 3067//2899 
f 3045//2875 3044//2874 3068//2900 
f 3046//2876 3045//2875 3069//2901 
f 3047//2877 3046//2876 3070//2902 
f 3048//2878 3047//2877 3071//2903 
f 3049//2879 3048//2878 3072//2904 
f 3050//2880 3049//2879 3073//2905 
f 3051//2882 3050//2880 3074//2906 
f 305//2907 3051//2882 3075//2908 
f 3052//2884 189//2883 188//2909 
f 3053//2885 3052//2884 3076//2910 
f 3054//2886 3053//2885 3077//2911 
f 3055//2887 3054//2886 3078//2912 
f 3056//2888 3055//2887 3079//2913 
f 3057//2889 3056//2888 3080//2914 
f 3058//2890 3057//2889 3081//2915 
f 3059//2891 3058//2890 3082//2916 
f 3060//2892 3059//2891 3083//2917 
f 3061//2893 3060//2892 3084//2918 
f 3062//2894 3061//2893 3085//2919 
f 3063//2895 3062//2894 3086//2920 
f 3064//2896 3063//2895 3087//2921 
f 3065//2897 3064//2896 3088//2922 
f 3066//2898 3065//2897 3089//2923 
f 3067//2899 3066//2898 3090//2924 
f 3068//2900 3067//2899 3091//2925 
f 3069//2901 3068//2900 3092//2926 
f 3070//2902 3069//2901 3093//2927 
f 3071//2903 3070//2902 3094//2928 
f 3072//2904 3071//2903 3095//2929 
f 3073//2905 3072//2904 3096//2930 
f 3074//2906 3073//2905 3097//2931 
f 3075//2908 3074//2906 3098//2932 
f 306//2933 3075//2908 3099//2934 
f 3076//2910 188//2909 183//2935 
f 3077//2911 3076//2910 3100//2936 
f 3078//2912 3077//2911 3101//2937 
f 3079//2913 3078//2912 3102//2938 
f 3080//2914 3079//2913 3103//2939 
f 3081//2915 3080//2914 3104//2940 
f 3082//2916 3081//2915 3105//2941 
f 3083//2917 3082//2916 3106//2942 
f 3084//2918 3083//2917 3107//2943 
f 3085//2919 3084//2918 3108//2944 
f 3086//2920 3085//2919 3109//2945 
f 3087//2921 3086//2920 3110//2946 
f 3088//2922 3087//2921 3111//2947 
f 3089//2923 3088//2922 3112//2948 
f 3090//2924 3089//2923 3113//2949 
f 3091//2925 3090//2924 3114//2950 
f 3092//2926 3091//2925 3115//2951 
f 3093//2927 3092//2926 3116//2952 
f 3094//2928 3093//2927 3117//2953 
f 3095//2929 3094//2928 3118//2954 
f 3096//2930 3095//2929 3119//2955 
f 3097//2931 3096//2930 3120//2956 
f 3098//2932 3097//2931 3121//2957 
f 3099//2934 3098//2932 3122//2958 
f 307//2959 3099//2934 3123//2960 
f 3100//2936 183//2935 176//2961 
f 3101//2937 3100//2936 3124//2962 
f 3102//2938 3101//2937 3125//2963 
f 3103//2939 3102//2938 3126//2964 
f 3104//2940 3103//2939 3127//2965 
f 3105//2941 3104//2940 3128//2966 
f 3106//2942 3105//2941 3129//2967 
f 3107//2943 3106//2942 3130//2968 
f 3108//2944 3107//2943 3131//2969 
f 3109//2945 3108//2944 3132//2970 
f 3110//2946 3109//2945 3133//2971 
f 3111//2947 3110//2946 3134//2972 
f 3112//2948 3111//2947 3135//2973 
f 3113//2949 3112//2948 3136//2974 
f 3114//2950 3113//2949 3137//2975 
f 3115//2951 3114//2950 3138//2976 
f 3116//2952 3115//2951 3139//2977 
f 3117//2953 3116//2952 3140//2978 
f 3118//2954 3117//2953 3141//2979 
f 3119//2955 3118//2954 3142//2980 
f 3120//2956 3119//2955 3143//2981 
f 3121//2957 3120//2956 3144//2982 
f 3122//2958 3121//2957 3145//2983 
f 3123//2960 3122//2958 3146//2984 
f 308//2985 3123//2960 3147//2986 
f 3124//2962 176//2961 175//2987 
f 3125//2963 3124//2962 3148//2988 
f 3126//2964 3125//2963 3149//2989 
f 3127//2965 3126//2964 3150//2990 
f 3128//2966 3127//2965 3151//2991 
f 3129//2967 3128//2966 3152//2992 
f 3130//2968 3129//2967 3153//2993 
f 3131//2969 3130//2968 3154//2994 
f 3132//2970 3131//2969 3155//2995 
f 3133//2971 3132//2970 3156//2996 
f 3134//2972 3133//2971 3157//2997 
f 3135//2973 3134//2972 3158//2998 
f 3136//2974 3135//2973 3159//2999 
f 3137//2975 3136//2974 3160//3000 
f 3138//2976 3137//2975 3161//3001 
f 3139//2977 3138//2976 3162//3002 
f 3140//2978 3139//2977 3163//3003 
f 3141//2979 3140//2978 3164//3004 
f 3142//2980 3141//2979 3165//3005 
f 3143//2981 3142//2980 3166//3006 
f 3144//2982 3143//2981 3167//3007 
f 3145//2983 3144//2982 3168//3008 
f 3146//2984 3145//2983 3169//3009 
f 3147//2986 3146//2984 3170//3010 
f 309//3011 3147//2986 3171//3012 
f 3148//2988 175//2987 184//3013 
f 3149//2989 3148//2988 3172//3014 
f 3150//2990 3149//2989 3173//3015 
f 3151//2991 3150//2990 3174//3016 
f 3152//2992 3151//2991 3175//3017 
f 3153//2993 3152//2992 3176//3018 
f 3154//2994 3153//2993 3177//3019 
f 3155//2995 3154//2994 3178//3020 
f 3156//2996 3155//2995 3179//3021 
f 3157//2997 3156//2996 3180//3022 
f 3158//2998 3157//2997 3181//3023 
f 3159//2999 3158//2998 3182//3024 
f 3160//3000 3159//2999 3183//3025 
f 3161//3001 3160//3000 3184//3026 
f 3162//3002 3161//3001 3185//3027 
f 3163//3003 3162//3002 3186//3028 
f 3164//3004 3163//3003 3187//3029 
f 3165//3005 3164//3004 3188//3030 
f 3166//3006 3165//3005 3189//3031 
f 3167//3007 3166//3006 3190//3032 
f 3168//3008 3167//3007 3191//3033 
f 3169//3009 3168//3008 3192//3034 
f 3170//3010 3169//3009 3193//3035 
f 3171//3012 3170//3010 3194//3036 
f 310//3037 3171//3012 3195//3038 
f 3172//3014 184//3013 172//3039 
f 3173//3015 3172//3014 3196//3040 
f 3174//3016 3173//3015 3197//3041 
f 3175//3017 3174//3016 3198//3042 
f 3176//3018 3175//3017 3199//3043 
f 3177//3019 3176//3018 3200//3044 
f 3178//3020 3177//3019 3201//3045 
f 3179//3021 3178//3020 3202//3046 
f 3180//3022 3179//3021 3203//3047 
f 3181//3023 3180//3022 3204//3048 
f 3182//3024 3181//3023 3205//3049 
f 3183//3025 3182//3024 3206//3050 
f 3184//3026 3183//3025 3207//3051 
f 3185//3027 3184//3026 3208//3052 
f 3186//3028 3185//3027 3209//3053 
f 3187//3029 3186//3028 3210//3054 
f 3188//3030 3187//3029 3211//3055 
f 3189//3031 3188//3030 3212//3056 
f 3190//3032 3189//3031 3213//3057 
f 3191//3033 3190//3032 3214//3058 
f 3192//3034 3191//3033 3215//3059 
f 3193//3035 3192//3034 3216//3060 
f 3194//3036 3193//3035 3217//3061 
f 3195//3038 3194//3036 3218//3062 
f 311//3063 3195//3038 3219//3064 
f 3196//3040 172//3039 171//3065 
f 3197//3041 3196//3040 3220//3066 
f 3198//3042 3197//3041 3221//3067 
f 3199//3043 3198//3042 3222//3068 
f 3200//3044 3199//3043 3223//3069 
f 3201//3045 3200//3044 3224//3070 
f 3202//3046 3201//3045 3225//3071 
f 3203//3047 3202//3046 3226//3072 
f 3204//3048 3203//3047 3227//3073 
f 3205//3049 3204//3048 3228//3074 
f 3206//3050 3205//3049 3229//3075 
f 3207//3051 3206//3050 3230//3076 
f 3208//3052 3207//3051 3231//3077 
f 3209//3053 3208//3052 3232//3078 
f 3210//3054 3209//3053 3233//3079 
f 3211//3055 3210//3054 3234//3080 
f 3212//3056 3211//3055 3235//3081 
f 3213//3057 3212//3056 3236//3082 
f 3214//3058 3213//3057 3237//3083 
f 3215//3059 3214//3058 3238//3084 
f 3216//3060 3215//3059 3239//3085 
f 3217//3061 3216//3060 3240//3086 
f 3218//3062 3217//3061 3241//3087 
f 3219//3064 3218//3062 3242//3088 
f 312//3089 3219//3064 3243//3090 
f 3220//3066 171//3065 173//3091 
f 3221//3067 3220//3066 3244//3092 
f 3222//3068 3221//3067 3245//3093 
f 3223//3069 3222//3068 3246//3094 
f 3224//3070 3223//3069 3247//3095 
f 3225//3071 3224//3070 3248//3096 
f 3226//3072 3225//3071 3249//3097 
f 3227//3073 3226//3072 3250//3098 
f 3228//3074 3227//3073 3251//3099 
f 3229//3075 3228//3074 3252//3100 
f 3230//3076 3229//3075 3253//3101 
f 3231//3077 3230//3076 3254//3102 
f 3232//3078 3231//3077 3255//3103 
f 3233//3079 3232//3078 3256//3104 
f 3234//3080 3233//3079 3257//3105 
f 3235//3081 3234//3080 3258//3106 
f 3236//3082 3235//3081 3259//3107 
f 3237//3083 3236//3082 3260//3108 
f 3238//3084 3237//3083 3261//3109 
f 3239//3085 3238//3084 3262//3110 
f 3240//3086 3239//3085 3263//3111 
f 3241//3087 3240//3086 3264//3112 
f 3242//3088 3241//3087 3265//3113 
f 3243//3090 3242//3088 3266//3114 
f 313//3115 3243//3090 3267//3116 
f 3244//3092 173//3091 165//3117 
f 3245//3093 3244//3092 3268//3118 
f 3246//3094 3245//3093 3269//3119 
f 3247//3095 3246//3094 3270//3120 
f 3248//3096 3247//3095 3271//3121 
f 3249//3097 3248//3096 3272//3122 
f 3250//3098 3249//3097 3273//3123 
f 3251//3099 3250//3098 3274//3124 
f 3252//3100 3251//3099 3275//3125 
f 3253//3101 3252//3100 3276//3126 
f 3254//3102 3253//3101 3277//3127 
f 3255//3103 3254//3102 3278//3128 
f 3256//3104 3255//3103 3279//3129 
f 3257//3105 3256//3104 3280//3130 
f 3258//3106 3257//3105 3281//3131 
f 3259//3107 3258//3106 3282//3132 
f 3260//3108 3259//3107 3283//3133 
f 3261//3109 3260//3108 3284//3134 
f 3262//3110 3261//3109 3285//3135 
f 3263//3111 3262//3110 3286//3136 
f 3264//3112 3263//3111 3287//3137 
f 3265//3113 3264//3112 3288//3138 
f 3266//3114 3265//3113 3289//3139 
f 3267//3116 3266//3114 3290//3140 
f 314//3141 3267//3116 3291//3142 
f 3268//3118 165//3117 164//3143 
f 3269//3119 3268//3118 3292//3144 
f 3270//3120 3269//3119 3293//3145 
f 3271//3121 3270//3120 3294//3146 
f 3272//3122 3271//3121 3295//3147 
f 3273//3123 3272//3122 3296//3148 
f 3274//3124 3273//3123 3297//3149 
f 3275//3125 3274//3124 3298//3150 
f 3276//3126 3275//3125 3299//3151 
f 3277//3127 3276//3126 3300//3152 
f 3278//3128 3277//3127 3301//3153 
f 3279//3129 3278//3128 3302//3154 
f 3280//3130 3279//3129 3303//3155 
f 3281//3131 3280//3130 3304//3156 
f 3282//3132 3281//3131 3305//3157 
f 3283//3133 3282//3132 3306//3158 
f 3284//3134 3283//3133 3307//3159 
f 3285//3135 3284//3134 3308//3160 
f 3286//3136 3285//3135 3309//3161 
f 3287//3137 3286//3136 3310//3162 
f 3288//3138 3287//3137 3311//3163 
f 3289//3139 3288//3138 3312//3164 
f 3290//3140 3289//3139 3313//3165 
f 3291//3142 3290//3140 3314//3166 
f 315//3167 3291//3142 3315//3168 
f 3316//3169 3292//3144 164//3143 
f 3293//3145 3292//3144 3316//3169 
f 3294//3146 3293//3145 3317//3170 
f 3295//3147 3294//3146 3318//3171 
f 3296//3148 3295//3147 3319//3172 
f 3297//3149 3296//3148 3320//3173 
f 3298//3150 3297//3149 3321//3174 
f 3299//3151 3298//3150 3322//3175 
f 3300//3152 3299//3151 3323//3176 
f 3301//3153 3300//3152 3324//3177 
f 3302//3154 3301//3153 3325//3178 
f 3303//3155 3302//3154 3326//3179 
f 3304//3156 3303//3155 3327//3180 
f 3305//3157 3304//3156 3328//3181 
f 3306//3158 3305//3157 3329//3182 
f 3307//3159 3306//3158 3330//3183 
f 3308//3160 3307//3159 3331//3184 
f 3309//3161 3308//3160 3332//3185 
f 3310//3162 3309//3161 3333//3186 
f 3311//3163 3310//3162 3334//3187 
f 3312//3164 3311//3163 3335//3188 
f 3313//3165 3312//3164 3336//3189 
f 3314//3166 3313//3165 3337//3190 
f 3315//3168 3314//3166 3338//3191 
f 316//3192 317//3193 3315//3168 
f 3339//3194 3316//3169 166//3195 
f 3317//3170 3316//3169 3339//3194 
f 3318//3171 3317//3170 3340//3196 
f 3319//3172 3318//3171 3341//3197 
f 3320//3173 3319//3172 3342//3198 
f 3321//3174 3320//3173 3343//3199 
f 3322//3175 3321//3174 3344//3200 
f 3323//3176 3322//3175 3345//3201 
f 3324//3177 3323//3176 3346//3202 
f 3325//3178 3324//3177 3347//3203 
f 3326//3179 3325//3178 3348//3204 
f 3327//3180 3326//3179 3349//3205 
f 3328//3181 3327//3180 3350//3206 
f 3329//3182 3328//3181 3351//3207 
f 3330//3183 3329//3182 3352//3208 
f 3331//3184 3330//3183 3353//3209 
f 3332//3185 3331//3184 3354//3210 
f 3333//3186 3332//3185 3355//3211 
f 3334//3187 3333//3186 3356//3212 
f 3335//3188 3334//3187 3357//3213 
f 3336//3189 3335//3188 3358//3214 
f 3337//3190 3336//3189 3359//3215 
f 3338//3191 3337//3190 3360//3216 
f 3361//3217 3338//3191 3362//3218 
f 318//3219 316//3192 3361//3217 
f 3363//3220 3339//3194 159//3221 
f 3340//3196 3339//3194 3363//3220 
f 3341//3197 3340//3196 3364//3222 
f 3342//3198 3341//3197 3365//3223 
f 3343//3199 3342//3198 3366//3224 
f 3344//3200 3343//3199 3367//3225 
f 3345//3201 3344//3200 3368//3226 
f 3346//3202 3345//3201 3369//3227 
f 3347//3203 3346//3202 3370//3228 
f 3348//3204 3347//3203 3371//3229 
f 3349//3205 3348//3204 3372//3230 
f 3350//3206 3349//3205 3373//3231 
f 3351//3207 3350//3206 3374//3232 
f 3352//3208 3351//3207 3375//3233 
f 3353//3209 3352//3208 3376//3234 
f 3354//3210 3353//3209 3377//3235 
f 3355//3211 3354//3210 3378//3236 
f 3356//3212 3355//3211 3379//3237 
f 3357//3213 3356//3212 3380//3238 
f 3358//3214 3357//3213 3381//3239 
f 3359//3215 3358//3214 3382//3240 
f 3360//3216 3359//3215 3383//3241 
f 3362//3218 3360//3216 3384//3242 
f 3385//3243 3362//3218 3386//3244 
f 319//3245 318//3219 3385//3243 
f 3387//3246 3363//3220 158//3247 
f 3364//3222 3363//3220 3387//3246 
f 3365//3223 3364//3222 3388//3248 
f 3366//3224 3365//3223 3389//3249 
f 3367//3225 3366//3224 3390//3250 
f 3368//3226 3367//3225 3391//3251 
f 3369//3227 3368//3226 3392//3252 
f 3370//3228 3369//3227 3393//3253 
f 3371//3229 3370//3228 3394//3254 
f 3372//3230 3371//3229 3395//3255 
f 3373//3231 3372//3230 3396//3256 
f 3374//3232 3373//3231 3397//3257 
f 3375//3233 3374//3232 3398//3258 
f 3376//3234 3375//3233 3399//3259 
f 3377//3235 3376//3234 3400//3260 
f 3378//3236 3377//3235 3401//3261 
f 3379//3237 3378//3236 3402//3262 
f 3380//3238 3379//3237 3403//3263 
f 3381//3239 3380//3238 3404//3264 
f 3382//3240 3381//3239 3405//3265 
f 3383//3241 3382//3240 3406//3266 
f 3384//3242 3383//3241 3407//3267 
f 3386//3244 3384//3242 3408//3268 
f 3409//3269 3386//3244 3410//3270 
f 320//3271 319//3245 3409//3269 
f 3411//3272 3387//3246 160//3273 
f 3388//3248 3387//3246 3411//3272 
f 3389//3249 3388//3248 3412//3274 
f 3390//3250 3389//3249 3413//3275 
f 3391//3251 3390//3250 3414//3276 
f 3392//3252 3391//3251 3415//3277 
f 3393//3253 3392//3252 3416//3278 
f 3394//3254 3393//3253 3417//3279 
f 3395//3255 3394//3254 3418//3280 
f 3396//3256 3395//3255 3419//3281 
f 3397//3257 3396//3256 3420//3282 
f 3398//3258 3397//3257 3421//3283 
f 3399//3259 3398//3258 3422//3284 
f 3400//3260 3399//3259 3423//3285 
f 3401//3261 3400//3260 3424//3286 
f 3402//3262 3401//3261 3425//3287 
f 3403//3263 3402//3262 3426//3288 
f 3404//3264 3403//3263 3427//3289 
f 3405//3265 3404//3264 3428//3290 
f 3406//3266 3405//3265 3429//3291 
f 3407//3267 3406//3266 3430//3292 
f 3408//3268 3407//3267 3431//3293 
f 3410//3270 3408//3268 3432//3294 
f 3433//3295 3410//3270 3434//3296 
f 321//3297 320//3271 3433//3295 
f 3435//3298 3411//3272 156//3299 
f 3412//3274 3411//3272 3435//3298 
f 3413//3275 3412//3274 3436//3300 
f 3414//3276 3413//3275 3437//3301 
f 3415//3277 3414//3276 3438//3302 
f 3416//3278 3415//3277 3439//3303 
f 3417//3279 3416//3278 3440//3304 
f 3418//3280 3417//3279 3441//3305 
f 3419//3281 3418//3280 3442//3306 
f 3420//3282 3419//3281 3443//3307 
f 3421//3283 3420//3282 3444//3308 
f 3422//3284 3421//3283 3445//3309 
f 3423//3285 3422//3284 3446//3310 
f 3424//3286 3423//3285 3447//3311 
f 3425//3287 3424//3286 3448//3312 
f 3426//3288 3425//3287 3449//3313 
f 3427//3289 3426//3288 3450//3314 
f 3428//3290 3427//3289 3451//3315 
f 3429//3291 3428//3290 3452//3316 
f 3430//3292 3429//3291 3453//3317 
f 3431//3293 3430//3292 3454//3318 
f 3432//3294 3431//3293 3455//3319 
f 3434//3296 3432//3294 3456//3320 
f 3457//3321 3434//3296 3458//3322 
f 322//3323 321//3297 3457//3321 
f 3459//3324 3435//3298 155//3325 
f 3436//3300 3435//3298 3459//3324 
f 3437//3301 3436//3300 3460//3326 
f 3438//3302 3437//3301 3461//3327 
f 3439//3303 3438//3302 3462//3328 
f 3440//3304 3439//3303 3463//3329 
f 3441//3305 3440//3304 3464//3330 
f 3442//3306 3441//3305 3465//3331 
f 3443//3307 3442//3306 3466//3332 
f 3444//3308 3443//3307 3467//3333 
f 3445//3309 3444//3308 3468//3334 
f 3446//3310 3445//3309 3469//3335 
f 3447//3311 3446//3310 3470//3336 
f 3448//3312 3447//3311 3471//3337 
f 3449//3313 3448//3312 3472//3338 
f 3450//3314 3449//3313 3473//3339 
f 3451//3315 3450//3314 3474//3340 
f 3452//3316 3451//3315 3475//3341 
f 3453//3317 3452//3316 3476//3342 
f 3454//3318 3453//3317 3477//3343 
f 3455//3319 3454//3318 3478//3344 
f 3456//3320 3455//3319 3479//3345 
f 3458//3322 3456//3320 3480//3346 
f 3481//3347 3458//3322 3482//3348 
f 323//3349 322//3323 3481//3347 
f 3483//3350 3459//3324 152//3351 
f 3460//3326 3459//3324 3483//3350 
f 3461//3327 3460//3326 3484//3352 
f 3462//3328 3461//3327 3485//3353 
f 3463//3329 3462//3328 3486//3354 
f 3464//3330 3463//3329 3487//3355 
f 3465//3331 3464//3330 3488//3356 
f 3466//3332 3465//3331 3489//3357 
f 3467//3333 3466//3332 3490//3358 
f 3468//3334 3467//3333 3491//3359 
f 3469//3335 3468//3334 3492//3360 
f 3470//3336 3469//3335 3493//3361 
f 3471//3337 3470//3336 3494//3362 
f 3472//3338 3471//3337 3495//3363 
f 3473//3339 3472//3338 3496//3364 
f 3474//3340 3473//3339 3497//3365 
f 3475//3341 3474//3340 3498//3366 
f 3476//3342 3475//3341 3499//3367 
f 3477//3343 3476//3342 3500//3368 
f 3478//3344 3477//3343 3501//3369 
f 3479//3345 3478//3344 3502//3370 
f 3480//3346 3479//3345 3503//3371 
f 3482//3348 3480//3346 3504//3372 
f 3505//3373 3482//3348 3506//3374 
f 324//3375 323//3349 3505//3373 
f 3507//3376 3483//3350 154//3377 
f 3484//3352 3483//3350 3507//3376 
f 3485//3353 3484//3352 3508//3378 
f 3486//3354 3485//3353 3509//3379 
f 3487//3355 3486//3354 3510//3380 
f 3488//3356 3487//3355 3511//3381 
f 3489//3357 3488//3356 3512//3382 
f 3490//3358 3489//3357 3513//3383 
f 3491//3359 3490//3358 3514//3384 
f 3492//3360 3491//3359 3515//3385 
f 3493//3361 3492//3360 3516//3386 
f 3494//3362 3493//3361 3517//3387 
f 3495//3363 3494//3362 3518//3388 
f 3496//3364 3495//3363 3519//3389 
f 3497//3365 3496//3364 3520//3390 
f 3498//3366 3497//3365 3521//3391 
f 3499//3367 3498//3366 3522//3392 
f 3500//3368 3499//3367 3523//3393 
f 3501//3369 3500//3368 3524//3394 
f 3502//3370 3501//3369 3525//3395 
f 3503//3371 3502//3370 3526//3396 
f 3504//3372 3503//3371 3527//3397 
f 3506//3374 3504//3372 3528//3398 
f 3529//3399 3506//3374 3530//3400 
f 325//3401 324//3375 3529//3399 
f 3531//3402 3507//3376 150//3403 
f 3508//3378 3507//3376 3531//3402 
f 3509//3379 3508//3378 3532//3404 
f 3510//3380 3509//3379 3533//3405 
f 3511//3381 3510//3380 3534//3406 
f 3512//3382 3511//3381 3535//3407 
f 3513//3383 3512//3382 3536//3408 
f 3514//3384 3513//3383 3537//3409 
f 3515//3385 3514//3384 3538//3410 
f 3516//3386 3515//3385 3539//3411 
f 3517//3387 3516//3386 3540//3412 
f 3518//3388 3517//3387 3541//3413 
f 3519//3389 3518//3388 3542//3414 
f 3520//3390 3519//3389 3543//3415 
f 3521//3391 3520//3390 3544//3416 
f 3522//3392 3521//3391 3545//3417 
f 3523//3393 3522//3392 3546//3418 
f 3524//3394 3523//3393 3547//3419 
f 3525//3395 3524//3394 3548//3420 
f 3526//3396 3525//3395 3549//3421 
f 3527//3397 3526//3396 3550//3422 
f 3528//3398 3527//3397 3551//3423 
f 3530//3400 3528//3398 3552//3424 
f 3553//3425 3530//3400 3554//3426 
f 326//3427 325//3401 3553//3425 
f 3555//3428 3531//3402 147//3429 
f 3532//3404 3531//3402 3555//3428 
f 3533//3405 3532//3404 3556//3430 
f 3534//3406 3533//3405 3557//3431 
f 3535//3407 3534//3406 3558//3432 
f 3536//3408 3535//3407 3559//3433 
f 3537//3409 3536//3408 3560//3434 
f 3538//3410 3537//3409 3561//3435 
f 3539//3411 3538//3410 3562//3436 
f 3540//3412 3539//3411 3563//3437 
f 3541//3413 3540//3412 3564//3438 
f 3542//3414 3541//3413 3565//3439 
f 3543//3415 3542//3414 3566//3440 
f 3544//3416 3543//3415 3567//3441 
f 3545//3417 3544//3416 3568//3442 
f 3546//3418 3545//3417 3569//3443 
f 3547//3419 3546//3418 3570//3444 
f 3548//3420 3547//3419 3571//3445 
f 3549//3421 3548//3420 3572//3446 
f 3550//3422 3549//3421 3573//3447 
f 3551//3423 3550//3422 3574//3448 
f 3552//3424 3551//3423 3575//3449 
f 3554//3426 3552//3424 3576//3450 
f 3577//3451 3554//3426 3578//3452 
f 327//3453 326//3427 3577//3451 
f 3579//3454 3555//3428 140//3455 
f 3556//3430 3555//3428 3579//3454 
f 3557//3431 3556//3430 3580//3456 
f 3558//3432 3557//3431 3581//3457 
f 3559//3433 3558//3432 3582//3458 
f 3560//3434 3559//3433 3583//3459 
f 3561//3435 3560//3434 3584//3460 
f 3562//3436 3561//3435 3585//3461 
f 3563//3437 3562//3436 3586//3462 
f 3564//3438 3563//3437 3587//3463 
f 3565//3439 3564//3438 3588//3464 
f 3566//3440 3565//3439 3589//3465 
f 3567//3441 3566//3440 3590//3466 
f 3568//3442 3567//3441 3591//3467 
f 3569//3443 3568//3442 3592//3468 
f 3570//3444 3569//3443 3593//3469 
f 3571//3445 3570//3444 3594//3470 
f 3572//3446 3571//3445 3595//3471 
f 3573//3447 3572//3446 3596//3472 
f 3574//3448 3573//3447 3597//3473 
f 3575//3449 3574//3448 3598//3474 
f 3576//3450 3575//3449 3599//3475 
f 3578//3452 3576//3450 3600//3476 
f 3601//3477 3578//3452 3602//3478 
f 328//3479 327//3453 3601//3477 
f 3603//3480 3579//3454 35//3481 
f 3580//3456 3579//3454 3603//3480 
f 3581//3457 3580//3456 3604//3482 
f 3582//3458 3581//3457 3605//3483 
f 3583//3459 3582//3458 3606//3484 
f 3584//3460 3583//3459 3607//3485 
f 3585//3461 3584//3460 3608//3486 
f 3586//3462 3585//3461 3609//3487 
f 3587//3463 3586//3462 3610//3488 
f 3588//3464 3587//3463 3611//3489 
f 3589//3465 3588//3464 3612//3490 
f 3590//3466 3589//3465 3613//3491 
f 3591//3467 3590//3466 3614//3492 
f 3592//3468 3591//3467 3615//3493 
f 3593//3469 3592//3468 3616//3494 
f 3594//3470 3593//3469 3617//3495 
f 3595//3471 3594//3470 3618//3496 
f 3596//3472 3595//3471 3619//3497 
f 3597//3473 3596//3472 3620//3498 
f 3598//3474 3597//3473 3621//3499 
f 3599//3475 3598//3474 3622//3500 
f 3600//3476 3599//3475 3623//3501 
f 3602//3478 3600//3476 3624//3502 
f 3625//3503 3602//3478 3626//3504 
f 329//3505 328//3479 3625//3503 
f 3627//3506 3603//3480 29//3507 
f 3604//3482 3603//3480 3627//3506 
f 3605//3483 3604//3482 3628//3508 
f 3606//3484 3605//3483 3629//3509 
f 3607//3485 3606//3484 3630//3510 
f 3608//3486 3607//3485 3631//3511 
f 3609//3487 3608//3486 3632//3512 
f 3610//3488 3609//3487 3633//3513 
f 3611//3489 3610//3488 3634//3514 
f 3612//3490 3611//3489 3635//3515 
f 3613//3491 3612//3490 3636//3516 
f 3614//3492 3613//3491 3637//3517 
f 3615//3493 3614//3492 3638//3518 
f 3616//3494 3615//3493 3639//3519 
f 3617//3495 3616//3494 3640//3520 
f 3618//3496 3617//3495 3641//3521 
f 3619//3497 3618//3496 3642//3522 
f 3620//3498 3619//3497 3643//3523 
f 3621//3499 3620//3498 3644//3524 
f 3622//3500 3621//3499 3645//3525 
f 3623//3501 3622//3500 3646//3526 
f 3624//3502 3623//3501 3647//3527 
f 3626//3504 3624//3502 3648//3528 
f 3649//3529 3626//3504 3650//3530 
f 330//3531 329//3505 3649//3529 
f 3651//3532 3627//3506 28//3533 
f 3628//3508 3627//3506 3651//3532 
f 3629//3509 3628//3508 3652//3534 
f 3630//3510 3629//3509 3653//3535 
f 3631//3511 3630//3510 3654//3536 
f 3632//3512 3631//3511 3655//3537 
f 3633//3513 3632//3512 3656//3538 
f 3634//3514 3633//3513 3657//3539 
f 3635//3515 3634//3514 3658//3540 
f 3636//3516 3635//3515 3659//3541 
f 3637//3517 3636//3516 3660//3542 
f 3638//3518 3637//3517 3661//3543 
f 3639//3519 3638//3518 3662//3544 
f 3640//3520 3639//3519 3663//3545 
f 3641//3521 3640//3520 3664//3546 
f 3642//3522 3641//3521 3665//3547 
f 3643//3523 3642//3522 3666//3548 
f 3644//3524 3643//3523 3667//3549 
f 3645//3525 3644//3524 3668//3550 
f 3646//3526 3645//3525 3669//3551 
f 3647//3527 3646//3526 3670//3552 
f 3648//3528 3647//3527 3671//3553 
f 3650//3530 3648//3528 3672//3554 
f 3673//3555 3650//3530 3674//3556 
f 331//3557 330//3531 3673//3555 
f 3675//3558 3651//3532 32//3559 
f 3652//3534 3651//3532 3675//3558 
f 3653//3535 3652//3534 3676//3560 
f 3654//3536 3653//3535 3677//3561 
f 3655//3537 3654//3536 3678//3562 
f 3656//3538 3655//3537 3679//3563 
f 3657//3539 3656//3538 3680//3564 
f 3658//3540 3657//3539 3681//3565 
f 3659//3541 3658//3540 3682//3566 
f 3660//3542 3659//3541 3683//3567 
f 3661//3543 3660//3542 3684//3568 
f 3662//3544 3661//3543 3685//3569 
f 3663//3545 3662//3544 3686//3570 
f 3664//3546 3663//3545 3687//3571 
f 3665//3547 3664//3546 3688//3572 
f 3666//3548 3665//3547 3689//3573 
f 3667//3549 3666//3548 3690//3574 
f 3668//3550 3667//3549 3691//3575 
f 3669//3551 3668//3550 3692//3576 
f 3670//3552 3669//3551 3693//3577 
f 3671//3553 3670//3552 3694//3578 
f 3672//3554 3671//3553 3695//3579 
f 3674//3556 3672//3554 3696//3580 
f 3697//3581 3674//3556 3698//3582 
f 332//3583 331//3557 3697//3581 
f 3699//3584 3675//3558 44//3585 
f 3676//3560 3675//3558 3699//3584 
f 3677//3561 3676//3560 3700//3586 
f 3678//3562 3677//3561 3701//3587 
f 3679//3563 3678//3562 3702//3588 
f 3680//3564 3679//3563 3703//3589 
f 3681//3565 3680//3564 3704//3590 
f 3682//3566 3681//3565 3705//3591 
f 3683//3567 3682//3566 3706//3592 
f 3684//3568 3683//3567 3707//3593 
f 3685//3569 3684//3568 3708//3594 
f 3686//3570 3685//3569 3709//3595 
f 3687//3571 3686//3570 3710//3596 
f 3688//3572 3687//3571 3711//3597 
f 3689//3573 3688//3572 3712//3598 
f 3690//3574 3689//3573 3713//3599 
f 3691//3575 3690//3574 3714//3600 
f 3692//3576 3691//3575 3715//3601 
f 3693//3577 3692//3576 3716//3602 
f 3694//3578 3693//3577 3717//3603 
f 3695//3579 3694//3578 3718//3604 
f 3696//3580 3695//3579 3719//3605 
f 3698//3582 3696//3580 3720//3606 
f 3721//3607 3698//3582 3722//3608 
f 333//3609 332//3583 3721//3607 
f 3699//3584 58//3610 76//3610 
f 3700//3586 3699//3584 3723//3611 
f 3701//3587 3700//3586 3724//3612 
f 3702//3588 3701//3587 3725//3613 
f 3703//3589 3702//3588 3726//3614 
f 3704//3590 3703//3589 3727//3615 
f 3705//3591 3704//3590 3728//3616 
f 3706//3592 3705//3591 3729//3617 
f 3707//3593 3706//3592 3730//3618 
f 3708//3594 3707//3593 3731//3619 
f 3709//3595 3708//3594 3732//3620 
f 3710//3596 3709//3595 3733//3621 
f 3711//3597 3710//3596 3734//3622 
f 3712//3598 3711//3597 3735//3623 
f 3713//3599 3712//3598 3736//3624 
f 3714//3600 3713//3599 3737//3625 
f 3715//3601 3714//3600 3738//3626 
f 3716//3602 3715//3601 3739//3627 
f 3717//3603 3716//3602 3740//3628 
f 3718//3604 3717//3603 3741//3629 
f 3719//3605 3718//3604 3742//3630 
f 3720//3606 3719//3605 3743//3631 
f 3722//3608 3720//3606 3744//3632 
f 3745//3633 3722//3608 3746//3634 
f 333//3609 3745//3633 3747//3635 
f 3723//3611 76//3610 77//3636 
f 3724//3612 3723//3611 3748//3637 
f 3725//3613 3724//3612 3749//3638 
f 3726//3614 3725//3613 3750//3639 
f 3727//3615 3726//3614 3751//3640 
f 3728//3616 3727//3615 3752//3641 
f 3729//3617 3728//3616 3753//3642 
f 3730//3618 3729//3617 3754//3643 
f 3731//3619 3730//3618 3755//3644 
f 3732//3620 3731//3619 3756//3645 
f 3733//3621 3732//3620 3757//3646 
f 3734//3622 3733//3621 3758//3647 
f 3735//3623 3734//3622 3759//3648 
f 3736//3624 3735//3623 3760//3649 
f 3737//3625 3736//3624 3761//3650 
f 3738//3626 3737//3625 3762//3651 
f 3739//3627 3738//3626 3763//3652 
f 3740//3628 3739//3627 3764//3653 
f 3741//3629 3740//3628 3765//3654 
f 3742//3630 3741//3629 3766//3655 
f 3743//3631 3742//3630 3767//3656 
f 3744//3632 3743//3631 3768//3657 
f 3746//3634 3744//3632 3769//3658 
f 3747//3635 3746//3634 3770//3659 
f 334//3660 3747//3635 3771//3661 
f 3748//3637 77//3636 59//3662 
f 3749//3638 3748//3637 3772//3663 
f 3750//3639 3749//3638 3773//3664 
f 3751//3640 3750//3639 3774//3665 
f 3752//3641 3751//3640 3775//3666 
f 3753//3642 3752//3641 3776//3667 
f 3754//3643 3753//3642 3777//3668 
f 3755//3644 3754//3643 3778//3669 
f 3756//3645 3755//3644 3779//3670 
f 3757//3646 3756//3645 3780//3671 
f 3758//3647 3757//3646 3781//3672 
f 3759//3648 3758//3647 3782//3673 
f 3760//3649 3759//3648 3783//3674 
f 3761//3650 3760//3649 3784//3675 
f 3762//3651 3761//3650 3785//3676 
f 3763//3652 3762//3651 3786//3677 
f 3764//3653 3763//3652 3787//3678 
f 3765//3654 3764//3653 3788//3679 
f 3766//3655 3765//3654 3789//3680 
f 3767//3656 3766//3655 3790//3681 
f 3768//3657 3767//3656 3791//3682 
f 3769//3658 3768//3657 3792//3683 
f 3770//3659 3769//3658 3793//3684 
f 3771//3661 3770//3659 3794//3685 
f 335//3686 3771//3661 3795//3687 
f 3772//3663 59//3662 46//3688 
f 3773//3664 3772//3663 3796//3689 
f 3774//3665 3773//3664 3797//3690 
f 3775//3666 3774//3665 3798//3691 
f 3776//3667 3775//3666 3799//3692 
f 3777//3668 3776//3667 3800//3693 
f 3778//3669 3777//3668 3801//3694 
f 3779//3670 3778//3669 3802//3695 
f 3780//3671 3779//3670 3803//3696 
f 3781//3672 3780//3671 3804//3697 
f 3782//3673 3781//3672 3805//3698 
f 3783//3674 3782//3673 3806//3699 
f 3784//3675 3783//3674 3807//3700 
f 3785//3676 3784//3675 3808//3701 
f 3786//3677 3785//3676 3809//3702 
f 3787//3678 3786//3677 3810//3703 
f 3788//3679 3787//3678 3811//3704 
f 3789//3680 3788//3679 3812//3705 
f 3790//3681 3789//3680 3813//3706 
f 3791//3682 3790//3681 3814//3707 
f 3792//3683 3791//3682 3815//3708 
f 3793//3684 3792//3683 3816//3709 
f 3794//3685 3793//3684 3817//3710 
f 3795//3687 3794//3685 3818//3711 
f 336//3712 3795//3687 3819//3713 
f 3796//3689 46//3688 45//3714 
f 3797//3690 3796//3689 3820//3715 
f 3798//3691 3797//3690 3821//3716 
f 3799//3692 3798//3691 3822//3717 
f 3800//3693 3799//3692 3823//3718 
f 3801//3694 3800//3693 3824//3719 
f 3802//3695 3801//3694 3825//3720 
f 3803//3696 3802//3695 3826//3721 
f 3804//3697 3803//3696 3827//3722 
f 3805//3698 3804//3697 3828//3723 
f 3806//3699 3805//3698 3829//3724 
f 3807//3700 3806//3699 3830//3725 
f 3808//3701 3807//3700 3831//3726 
f 3809//3702 3808//3701 3832//3727 
f 3810//3703 3809//3702 3833//3728 
f 3811//3704 3810//3703 3834//3729 
f 3812//3705 3811//3704 3835//3730 
f 3813//3706 3812//3705 3836//3731 
f 3814//3707 3813//3706 3837//3732 
f 3815//3708 3814//3707 3838//3733 
f 3816//3709 3815//3708 3839//3734 
f 3817//3710 3816//3709 3840//3735 
f 3818//3711 3817//3710 3841//3736 
f 3819//3713 3818//3711 3842//3737 
f 337//3738 3819//3713 3843//3739 
f 3820//3715 45//3714 104//3740 
f 3821//3716 3820//3715 3844//3741 
f 3822//3717 3821//3716 3845//3742 
f 3823//3718 3822//3717 3846//3743 
f 3824//3719 3823//3718 3847//3744 
f 3825//3720 3824//3719 3848//3745 
f 3826//3721 3825//3720 3849//3746 
f 3827//3722 3826//3721 3850//3747 
f 3828//3723 3827//3722 3851//3748 
f 3829//3724 3828//3723 3852//3749 
f 3830//3725 3829//3724 3853//3750 
f 3831//3726 3830//3725 3854//3751 
f 3832//3727 3831//3726 3855//3752 
f 3833//3728 3832//3727 3856//3753 
f 3834//3729 3833//3728 3857//3754 
f 3835//3730 3834//3729 3858//3755 
f 3836//3731 3835//3730 3859//3756 
f 3837//3732 3836//3731 3860//3757 
f 3838//3733 3837//3732 3861//3758 
f 3839//3734 3838//3733 3862//3759 
f 3840//3735 3839//3734 3863//3760 
f 3841//3736 3840//3735 3864//3761 
f 3842//3737 3841//3736 3865//3762 
f 3843//3739 3842//3737 3866//3763 
f 338//3764 3843//3739 3867//3765 
f 3844//3741 104//3740 105//3766 
f 3845//3742 3844//3741 3868//3767 
f 3846//3743 3845//3742 3869//3768 
f 3847//3744 3846//3743 3870//3769 
f 3848//3745 3847//3744 3871//3770 
f 3849//3746 3848//3745 3872//3771 
f 3850//3747 3849//3746 3873//3772 
f 3851//3748 3850//3747 3874//3773 
f 3852//3749 3851//3748 3875//3774 
f 3853//3750 3852//3749 3876//3775 
f 3854//3751 3853//3750 3877//3776 
f 3855//3752 3854//3751 3878//3777 
f 3856//3753 3855//3752 3879//3778 
f 3857//3754 3856//3753 3880//3779 
f 3858//3755 3857//3754 3881//3780 
f 3859//3756 3858//3755 3882//3781 
f 3860//3757 3859//3756 3883//3782 
f 3861//3758 3860//3757 3884//3783 
f 3862//3759 3861//3758 3885//3784 
f 3863//3760 3862//3759 3886//3785 
f 3864//3761 3863//3760 3887//3786 
f 3865//3762 3864//3761 3888//3787 
f 3866//3763 3865//3762 3889//3788 
f 3867//3765 3866//3763 3890//3789 
f 339//3790 3867//3765 3891//3791 
f 3868//3767 105//3766 93//3792 
f 3869//3768 3868//3767 3892//3793 
f 3870//3769 3869//3768 3893//3794 
f 3871//3770 3870//3769 3894//3795 
f 3872//3771 3871//3770 3895//3796 
f 3873//3772 3872//3771 3896//3797 
f 3874//3773 3873//3772 3897//3798 
f 3875//3774 3874//3773 3898//3799 
f 3876//3775 3875//3774 3899//3800 
f 3877//3776 3876//3775 3900//3801 
f 3878//3777 3877//3776 3901//3802 
f 3879//3778 3878//3777 3902//3803 
f 3880//3779 3879//3778 3903//3804 
f 3881//3780 3880//3779 3904//3805 
f 3882//3781 3881//3780 3905//3806 
f 3883//3782 3882//3781 3906//3807 
f 3884//3783 3883//3782 3907//3808 
f 3885//3784 3884//3783 3908//3809 
f 3886//3785 3885//3784 3909//3810 
f 3887//3786 3886//3785 3910//3811 
f 3888//3787 3887//3786 3911//3812 
f 3889//3788 3888//3787 3912//3813 
f 3890//3789 3889//3788 3913//3814 
f 3891//3791 3890//3789 3914//3815 
f 340//3816 3891//3791 3915//3817 
f 3892//3793 93//3792 79//3818 
f 3893//3794 3892//3793 3916//3819 
f 3894//3795 3893//3794 3917//3820 
f 3895//3796 3894//3795 3918//3821 
f 3896//3797 3895//3796 3919//3822 
f 3897//3798 3896//3797 3920//3823 
f 3898//3799 3897//3798 3921//3824 
f 3899//3800 3898//3799 3922//3825 
f 3900//3801 3899//3800 3923//3826 
f 3901//3802 3900//3801 3924//3827 
f 3902//3803 3901//3802 3925//3828 
f 3903//3804 3902//3803 3926//3829 
f 3904//3805 3903//3804 3927//3830 
f 3905//3806 3904//3805 3928//3831 
f 3906//3807 3905//3806 3929//3832 
f 3907//3808 3906//3807 3930//3833 
f 3908//3809 3907//3808 3931//3834 
f 3909//3810 3908//3809 3932//3835 
f 3910//3811 3909//3810 3933//3836 
f 3911//3812 3910//3811 3934//3837 
f 3912//3813 3911//3812 3935//3838 
f 3913//3814 3912//3813 3936//3839 
f 3914//3815 3913//3814 3937//3840 
f 3915//3817 3914//3815 3938//3841 
f 341//3842 3915//3817 3939//3843 
f 3916//3819 79//3818 78//3844 
f 3917//3820 3916//3819 3940//3845 
f 3918//3821 3917//3820 3941//3846 
f 3919//3822 3918//3821 3942//3847 
f 3920//3823 3919//3822 3943//3848 
f 3921//3824 3920//3823 3944//3849 
f 3922//3825 3921//3824 3945//3850 
f 3923//3826 3922//3825 3946//3851 
f 3924//3827 3923//3826 3947//3852 
f 3925//3828 3924//3827 3948//3853 
f 3926//3829 3925//3828 3949//3854 
f 3927//3830 3926//3829 3950//3855 
f 3928//3831 3927//3830 3951//3856 
f 3929//3832 3928//3831 3952//3857 
f 3930//3833 3929//3832 3953//3858 
f 3931//3834 3930//3833 3954//3859 
f 3932//3835 3931//3834 3955//3860 
f 3933//3836 3932//3835 3956//3861 
f 3934//3837 3933//3836 3957//3862 
f 3935//3838 3934//3837 3958//3863 
f 3936//3839 3935//3838 3959//3864 
f 3937//3840 3936//3839 3960//3865 
f 3938//3841 3937//3840 3961//3866 
f 3939//3843 3938//3841 3962//3867 
f 342//3868 3939//3843 3963//3869 
f 3940//3845 78//3844 61//3870 
f 3941//3846 3940//3845 3964//3871 
f 3942//3847 3941//3846 3965//3872 
f 3943//3848 3942//3847 3966//3873 
f 3944//3849 3943//3848 3967//3874 
f 3945//3850 3944//3849 3968//3875 
f 3946//3851 3945//3850 3969//3876 
f 3947//3852 3946//3851 3970//3877 
f 3948//3853 3947//3852 3971//3878 
f 3949//3854 3948//3853 3972//3879 
f 3950//3855 3949//3854 3973//3880 
f 3951//3856 3950//3855 3974//3881 
f 3952//3857 3951//3856 3975//3882 
f 3953//3858 3952//3857 3976//3883 
f 3954//3859 3953//3858 3977//3884 
f 3955//3860 3954//3859 3978//3885 
f 3956//3861 3955//3860 3979//3886 
f 3957//3862 3956//3861 3980//3887 
f 3958//3863 3957//3862 3981//3888 
f 3959//3864 3958//3863 3982//3889 
f 3960//3865 3959//3864 3983//3890 
f 3961//3866 3960//3865 3984//3891 
f 3962//3867 3961//3866 3985//3892 
f 3963//3869 3962//3867 3986//3893 
f 343//3894 3963//3869 3987//3895 
f 3964//3871 61//3870 113//3896 
f 3965//3872 3964//3871 3988//3897 
f 3966//3873 3965//3872 3989//3898 
f 3967//3874 3966//3873 3990//3899 
f 3968//3875 3967//3874 3991//3900 
f 3969//3876 3968//3875 3992//3901 
f 3970//3877 3969//3876 3993//3902 
f 3971//3878 3970//3877 3994//3903 
f 3972//3879 3971//3878 3995//3904 
f 3973//3880 3972//3879 3996//3905 
f 3974//3881 3973//3880 3997//3906 
f 3975//3882 3974//3881 3998//3907 
f 3976//3883 3975//3882 3999//3908 
f 3977//3884 3976//3883 4000//3909 
f 3978//3885 3977//3884 4001//3910 
f 3979//3886 3978//3885 4002//3911 
f 3980//3887 3979//3886 4003//3912 
f 3981//3888 3980//3887 4004//3913 
f 3982//3889 3981//3888 4005//3914 
f 3983//3890 3982//3889 4006//3915 
f 3984//3891 3983//3890 4007//3916 
f 3985//3892 3984//3891 4008//3917 
f 3986//3893 3985//3892 4009//3918 
f 3987//3895 3986//3893 4010//3919 
f 344//3920 3987//3895 4011//3921 
f 3988//3897 113//3896 106//3922 
f 3989//3898 3988//3897 4012//3923 
f 3990//3899 3989//3898 4013//3924 
f 3991//3900 3990//3899 4014//3925 
f 3992//3901 3991//3900 4015//3926 
f 3993//3902 3992//3901 4016//3927 
f 3994//3903 3993//3902 4017//3928 
f 3995//3904 3994//3903 4018//3929 
f 3996//3905 3995//3904 4019//3930 
f 3997//3906 3996//3905 4020//3931 
f 3998//3907 3997//3906 4021//3932 
f 3999//3908 3998//3907 4022//3933 
f 4000//3909 3999//3908 4023//3934 
f 4001//3910 4000//3909 4024//3935 
f 4002//3911 4001//3910 4025//3936 
f 4003//3912 4002//3911 4026//3937 
f 4004//3913 4003//3912 4027//3938 
f 4005//3914 4004//3913 4028//3939 
f 4006//3915 4005//3914 4029//3940 
f 4007//3916 4006//3915 4030//3941 
f 4008//3917 4007//3916 4031//3942 
f 4009//3918 4008//3917 4032//3943 
f 4010//3919 4009//3918 4033//3944 
f 4011//3921 4010//3919 4034//3945 
f 345//3946 4011//3921 4035//3947 
f 4012//3923 106//3922 94//3948 
f 4013//3924 4012//3923 4036//3949 
f 4014//3925 4013//3924 4037//3950 
f 4015//3926 4014//3925 4038//3951 
f 4016//3927 4015//3926 4039//3952 
f 4017//3928 4016//3927 4040//3953 
f 4018//3929 4017//3928 4041//3954 
f 4019//3930 4018//3929 4042//3955 
f 4020//3931 4019//3930 4043//3956 
f 4021//3932 4020//3931 4044//3957 
f 4022//3933 4021//3932 4045//3958 
f 4023//3934 4022//3933 4046//3959 
f 4024//3935 4023//3934 4047//3960 
f 4025//3936 4024//3935 4048//3961 
f 4026//3937 4025//3936 4049//3962 
f 4027//3938 4026//3937 4050//3963 
f 4028//3939 4027//3938 4051//3964 
f 4029//3940 4028//3939 4052//3965 
f 4030//3941 4029//3940 4053//3966 
f 4031//3942 4030//3941 4054//3967 
f 4032//3943 4031//3942 4055//3968 
f 4033//3944 4032//3943 4056//3969 
f 4034//3945 4033//3944 4057//3970 
f 4035//3947 4034//3945 4058//3971 
f 346//3972 4035//3947 4059//3973 
f 4036//3949 94//3948 80//3974 
f 4037//3950 4036//3949 4060//3975 
f 4038//3951 4037//3950 4061//3976 
f 4039//3952 4038//3951 4062//3977 
f 4040//3953 4039//3952 4063//3978 
f 4041//3954 4040//3953 4064//3979 
f 4042//3955 4041//3954 4065//3980 
f 4043//3956 4042//3955 4066//3981 
f 4044//3957 4043//3956 4067//3982 
f 4045//3958 4044//3957 4068//3983 
f 4046//3959 4045//3958 4069//3984 
f 4047//3960 4046//3959 4070//3985 
f 4048//3961 4047//3960 4071//3986 
f 4049//3962 4048//3961 4072//3987 
f 4050//3963 4049//3962 4073//3988 
f 4051//3964 4050//3963 4074//3989 
f 4052//3965 4051//3964 4075//3990 
f 4053//3966 4052//3965 4076//3991 
f 4054//3967 4053//3966 4077//3992 
f 4055//3968 4054//3967 4078//3993 
f 4056//3969 4055//3968 4079//3994 
f 4057//3970 4056//3969 4080//3995 
f 4058//3971 4057//3970 4081//3996 
f 4059//3973 4058//3971 4082//3997 
f 347//3998 4059//3973 4083//3999 
f 4060//3975 80//3974 60//4000 
f 4061//3976 4060//3975 4084//4001 
f 4062//3977 4061//3976 4085//4002 
f 4063//3978 4062//3977 4086//4003 
f 4064//3979 4063//3978 4087//4004 
f 4065//3980 4064//3979 4088//4005 
f 4066//3981 4065//3980 4089//4006 
f 4067//3982 4066//3981 4090//4007 
f 4068//3983 4067//3982 4091//4008 
f 4069//3984 4068//3983 4092//4009 
f 4070//3985 4069//3984 4093//4010 
f 4071//3986 4070//3985 4094//4011 
f 4072//3987 4071//3986 4095//4012 
f 4073//3988 4072//3987 4096//4013 
f 4074//3989 4073//3988 4097//4014 
f 4075//3990 4074//3989 4098//4015 
f 4076//3991 4075//3990 4099//4016 
f 4077//3992 4076//3991 4100//4017 
f 4078//3993 4077//3992 4101//4018 
f 4079//3994 4078//3993 4102//4019 
f 4080//3995 4079//3994 4103//4020 
f 4081//3996 4080//3995 4104//4021 
f 4082//3997 4081//3996 4105//4022 
f 4083//3999 4082//3997 4106//4023 
f 348//4024 4083//3999 4107//4025 
f 4084//4001 60//4000 30//4026 
f 4085//4002 4084//4001 4108//4027 
f 4086//4003 4085//4002 4109//4028 
f 4087//4004 4086//4003 4110//4029 
f 4088//4005 4087//4004 4111//4030 
f 4089//4006 4088//4005 4112//4031 
f 4090//4007 4089//4006 4113//4032 
f 4091//4008 4090//4007 4114//4033 
f 4092//4009 4091//4008 4115//4034 
f 4093//4010 4092//4009 4116//4035 
f 4094//4011 4093//4010 4117//4036 
f 4095//4012 4094//4011 4118//4037 
f 4096//4013 4095//4012 4119//4038 
f 4097//4014 4096//4013 4120//4039 
f 4098//4015 4097//4014 4121//4040 
f 4099//4016 4098//4015 4122//4041 
f 4100//4017 4099//4016 4123//4042 
f 4101//4018 4100//4017 4124//4043 
f 4102//4019 4101//4018 4125//4044 
f 4103//4020 4102//4019 4126//4045 
f 4104//4021 4103//4020 4127//4046 
f 4105//4022 4104//4021 4128//4047 
f 4106//4023 4105//4022 4129//4048 
f 4107//4025 4106//4023 4130//4049 
f 349//4050 4107//4025 4131//4051 
f 4108//4027 30//4026 23//4052 
f 4109//4028 4108//4027 4132//4053 
f 4110//4029 4109//4028 4133//4054 
f 4111//4030 4110//4029 4134//4055 
f 4112//4031 4111//4030 4135//4056 
f 4113//4032 4112//4031 4136//4057 
f 4114//4033 4113//4032 4137//4058 
f 4115//4034 4114//4033 4138//4059 
f 4116//4035 4115//4034 4139//4060 
f 4117//4036 4116//4035 4140//4061 
f 4118//4037 4117//4036 4141//4062 
f 4119//4038 4118//4037 4142//4063 
f 4120//4039 4119//4038 4143//4064 
f 4121//4040 4120//4039 4144//4065 
f 4122//4041 4121//4040 4145//4066 
f 4123//4042 4122//4041 4146//4067 
f 4124//4043 4123//4042 4147//4068 
f 4125//4044 4124//4043 4148//4069 
f 4126//4045 4125//4044 4149//4070 
f 4127//4046 4126//4045 4150//4071 
f 4128//4047 4127//4046 4151//4072 
f 4129//4048 4128//4047 4152//4073 
f 4130//4049 4129//4048 4153//4074 
f 4131//4051 4130//4049 4154//4075 
f 350//4076 4131//4051 4155//4077 
f 4132//4053 23//4052 22//4078 
f 4133//4054 4132//4053 4156//4079 
f 4134//4055 4133//4054 4157//4080 
f 4135//4056 4134//4055 4158//4081 
f 4136//4057 4135//4056 4159//4082 
f 4137//4058 4136//4057 4160//4083 
f 4138//4059 4137//4058 4161//4084 
f 4139//4060 4138//4059 4162//4085 
f 4140//4061 4139//4060 4163//4086 
f 4141//4062 4140//4061 4164//4087 
f 4142//4063 4141//4062 4165//4088 
f 4143//4064 4142//4063 4166//4089 
f 4144//4065 4143//4064 4167//4090 
f 4145//4066 4144//4065 4168//4091 
f 4146//4067 4145//4066 4169//4092 
f 4147//4068 4146//4067 4170//4093 
f 4148//4069 4147//4068 4171//4094 
f 4149//4070 4148//4069 4172//4095 
f 4150//4071 4149//4070 4173//4096 
f 4151//4072 4150//4071 4174//4097 
f 4152//4073 4151//4072 4175//4098 
f 4153//4074 4152//4073 4176//4099 
f 4154//4075 4153//4074 4177//4100 
f 4155//4077 4154//4075 4178//4101 
f 351//4102 4155//4077 4179//4103 
f 4156//4079 22//4078 26//4104 
f 4157//4080 4156//4079 4180//4105 
f 4158//4081 4157//4080 4181//4106 
f 4159//4082 4158//4081 4182//4107 
f 4160//4083 4159//4082 4183//4108 
f 4161//4084 4160//4083 4184//4109 
f 4162//4085 4161//4084 4185//4110 
f 4163//4086 4162//4085 4186//4111 
f 4164//4087 4163//4086 4187//4112 
f 4165//4088 4164//4087 4188//4113 
f 4166//4089 4165//4088 4189//4114 
f 4167//4090 4166//4089 4190//4115 
f 4168//4091 4167//4090 4191//4116 
f 4169//4092 4168//4091 4192//4117 
f 4170//4093 4169//4092 4193//4118 
f 4171//4094 4170//4093 4194//4119 
f 4172//4095 4171//4094 4195//4120 
f 4173//4096 4172//4095 4196//4121 
f 4174//4097 4173//4096 4197//4122 
f 4175//4098 4174//4097 4198//4123 
f 4176//4099 4175//4098 4199//4124 
f 4177//4100 4176//4099 4200//4125 
f 4178//4101 4177//4100 4201//4126 
f 4179//4103 4178//4101 4202//4127 
f 352//4128 4179//4103 4203//4129 
f 4180//4105 26//4104 33//4130 
f 4181//4106 4180//4105 4204//4131 
f 4182//4107 4181//4106 4205//4132 
f 4183//4108 4182//4107 4206//4133 
f 4184//4109 4183//4108 4207//4134 
f 4185//4110 4184//4109 4208//4135 
f 4186//4111 4185//4110 4209//4136 
f 4187//4112 4186//4111 4210//4137 
f 4188//4113 4187//4112 4211//4138 
f 4189//4114 4188//4113 4212//4139 
f 4190//4115 4189//4114 4213//4140 
f 4191//4116 4190//4115 4214//4141 
f 4192//4117 4191//4116 4215//4142 
f 4193//4118 4192//4117 4216//4143 
f 4194//4119 4193//4118 4217//4144 
f 4195//4120 4194//4119 4218//4145 
f 4196//4121 4195//4120 4219//4146 
f 4197//4122 4196//4121 4220//4147 
f 4198//4123 4197//4122 4221//4148 
f 4199//4124 4198//4123 4222//4149 
f 4200//4125 4199//4124 4223//4150 
f 4201//4126 4200//4125 4224//4151 
f 4202//4127 4201//4126 4225//4152 
f 4203//4129 4202//4127 4226//4153 
f 353//4154 4203//4129 4227//4155 
f 4204//4131 33//4130 34//4156 
f 4205//4132 4204//4131 4228//4157 
f 4206//4133 4205//4132 4229//4158 
f 4207//4134 4206//4133 4230//4159 
f 4208//4135 4207//4134 4231//4160 
f 4209//4136 4208//4135 4232//4161 
f 4210//4137 4209//4136 4233//4162 
f 4211//4138 4210//4137 4234//4163 
f 4212//4139 4211//4138 4235//4164 
f 4213//4140 4212//4139 4236//4165 
f 4214//4141 4213//4140 4237//4166 
f 4215//4142 4214//4141 4238//4167 
f 4216//4143 4215//4142 4239//4168 
f 4217//4144 4216//4143 4240//4169 
f 4218//4145 4217//4144 4241//4170 
f 4219//4146 4218//4145 4242//4171 
f 4220//4147 4219//4146 4243//4172 
f 4221//4148 4220//4147 4244//4173 
f 4222//4149 4221//4148 4245//4174 
f 4223//4150 4222//4149 4246//4175 
f 4224//4151 4223//4150 4247//4176 
f 4225//4152 4224//4151 4248//4177 
f 4226//4153 4225//4152 4249//4178 
f 4227//4155 4226//4153 4250//4179 
f 354//4180 4227//4155 4251//4181 
f 4228//4157 34//4156 31//4182 
f 4229//4158 4228//4157 4252//4183 
f 4230//4159 4229//4158 4253//4184 
f 4231//4160 4230//4159 4254//4185 
f 4232//4161 4231//4160 4255//4186 
f 4233//4162 4232//4161 4256//4187 
f 4234//4163 4233//4162 4257//4188 
f 4235//4164 4234//4163 4258//4189 
f 4236//4165 4235//4164 4259//4190 
f 4237//4166 4236//4165 4260//4191 
f 4238//4167 4237//4166 4261//4192 
f 4239//4168 4238//4167 4262//4193 
f 4240//4169 4239//4168 4263//4194 
f 4241//4170 4240//4169 4264//4195 
f 4242//4171 4241//4170 4265//4196 
f 4243//4172 4242//4171 4266//4197 
f 4244//4173 4243//4172 4267//4198 
f 4245//4174 4244//4173 4268//4199 
f 4246//4175 4245//4174 4269//4200 
f 4247//4176 4246//4175 4270//4201 
f 4248//4177 4247//4176 4271//4202 
f 4249//4178 4248//4177 4272//4203 
f 4250//4179 4249//4178 4273//4204 
f 4251//4181 4250//4179 4274//4205 
f 355//4206 4251//4181 4275//4207 
f 4252//4183 31//4182 24//4208 
f 4253//4184 4252//4183 4276//4209 
f 4254//4185 4253//4184 4277//4210 
f 4255//4186 4254//4185 4278//4211 
f 4256//4187 4255//4186 4279//4212 
f 4257//4188 4256//4187 4280//4213 
f 4258//4189 4257//4188 4281//4214 
f 4259//4190 4258//4189 4282//4215 
f 4260//4191 4259//4190 4283//4216 
f 4261//4192 4260//4191 4284//4217 
f 4262//4193 4261//4192 4285//4218 
f 4263//4194 4262//4193 4286//4219 
f 4264//4195 4263//4194 4287//4220 
f 4265//4196 4264//4195 4288//4221 
f 4266//4197 4265//4196 4289//4222 
f 4267//4198 4266//4197 4290//4223 
f 4268//4199 4267//4198 4291//4224 
f 4269//4200 4268//4199 4292//4225 
f 4270//4201 4269//4200 4293//4226 
f 4271//4202 4270//4201 4294//4227 
f 4272//4203 4271//4202 4295//4228 
f 4273//4204 4272//4203 4296//4229 
f 4274//4205 4273//4204 4297//4230 
f 4275//4207 4274//4205 4298//4231 
f 356//4232 4275//4207 4299//4233 
f 4276//4209 24//4208 18//4234 
f 4277//4210 4276//4209 4300//4235 
f 4278//4211 4277//4210 4301//4236 
f 4279//4212 4278//4211 4302//4237 
f 4280//4213 4279//4212 4303//4238 
f 4281//4214 4280//4213 4304//4239 
f 4282//4215 4281//4214 4305//4240 
f 4283//4216 4282//4215 4306//4241 
f 4284//4217 4283//4216 4307//4242 
f 4285//4218 4284//4217 4308//4243 
f 4286//4219 4285//4218 4309//4244 
f 4287//4220 4286//4219 4310//4245 
f 4288//4221 4287//4220 4311//4246 
f 4289//4222 4288//4221 4312//4247 
f 4290//4223 4289//4222 4313//4248 
f 4291//4224 4290//4223 4314//4249 
f 4292//4225 4291//4224 4315//4250 
f 4293//4226 4292//4225 4316//4251 
f 4294//4227 4293//4226 4317//4252 
f 4295//4228 4294//4227 4318//4253 
f 4296//4229 4295//4228 4319//4254 
f 4297//4230 4296//4229 4320//4255 
f 4298//4231 4297//4230 4321//4256 
f 4299//4233 4298//4231 4322//4257 
f 357//4258 4299//4233 4323//4259 
f 4300//4235 18//4234 16//4260 
f 4301//4236 4300//4235 4324//4261 
f 4302//4237 4301//4236 4325//4262 
f 4303//4238 4302//4237 4326//4263 
f 4304//4239 4303//4238 4327//4264 
f 4305//4240 4304//4239 4328//4265 
f 4306//4241 4305//4240 4329//4266 
f 4307//4242 4306//4241 4330//4267 
f 4308//4243 4307//4242 4331//4268 
f 4309//4244 4308//4243 4332//4269 
f 4310//4245 4309//4244 4333//4270 
f 4311//4246 4310//4245 4334//4271 
f 4312//4247 4311//4246 4335//4272 
f 4313//4248 4312//4247 4336//4273 
f 4314//4249 4313//4248 4337//4274 
f 4315//4250 4314//4249 4338//4275 
f 4316//4251 4315//4250 4339//4276 
f 4317//4252 4316//4251 4340//4277 
f 4318//4253 4317//4252 4341//4278 
f 4319//4254 4318//4253 4342//4279 
f 4320//4255 4319//4254 4343//4280 
f 4321//4256 4320//4255 4344//4281 
f 4322//4257 4321//4256 4345//4282 
f 4323//4259 4322//4257 4346//4283 
f 358//4284 4323//4259 4347//4285 
f 4324//4261 16//4260 15//4286 
f 4325//4262 4324//4261 4348//4287 
f 4326//4263 4325//4262 4349//4288 
f 4327//4264 4326//4263 4350//4289 
f 4328//4265 4327//4264 4351//4290 
f 4329//4266 4328//4265 4352//4291 
f 4330//4267 4329//4266 4353//4292 
f 4331//4268 4330//4267 4354//4293 
f 4332//4269 4331//4268 4355//4294 
f 4333//4270 4332//4269 4356//4295 
f 4334//4271 4333//4270 4357//4296 
f 4335//4272 4334//4271 4358//4297 
f 4336//4273 4335//4272 4359//4298 
f 4337//4274 4336//4273 4360//4299 
f 4338//4275 4337//4274 4361//4300 
f 4339//4276 4338//4275 4362//4301 
f 4340//4277 4339//4276 4363//4302 
f 4341//4278 4340//4277 4364//4303 
f 4342//4279 4341//4278 4365//4304 
f 4343//4280 4342//4279 4366//4305 
f 4344//4281 4343//4280 4367//4306 
f 4345//4282 4344//4281 4368//4307 
f 4346//4283 4345//4282 4369//4308 
f 4347//4285 4346//4283 4370//4309 
f 359//4310 4347//4285 4371//4311 
f 4348//4287 15//4286 20//4312 
f 4349//4288 4348//4287 4372//4313 
f 4350//4289 4349//4288 4373//4314 
f 4351//4290 4350//4289 4374//4315 
f 4352//4291 4351//4290 4375//4316 
f 4353//4292 4352//4291 4376//4317 
f 4354//4293 4353//4292 4377//4318 
f 4355//4294 4354//4293 4378//4319 
f 4356//4295 4355//4294 4379//4320 
f 4357//4296 4356//4295 4380//4321 
f 4358//4297 4357//4296 4381//4322 
f 4359//4298 4358//4297 4382//4323 
f 4360//4299 4359//4298 4383//4324 
f 4361//4300 4360//4299 4384//4325 
f 4362//4301 4361//4300 4385//4326 
f 4363//4302 4362//4301 4386//4327 
f 4364//4303 4363//4302 4387//4328 
f 4365//4304 4364//4303 4388//4329 
f 4366//4305 4365//4304 4389//4330 
f 4367//4306 4366//4305 4390//4331 
f 4368//4307 4367//4306 4391//4332 
f 4369//4308 4368//4307 4392//4333 
f 4370//4309 4369//4308 4393//4334 
f 4371//4311 4370//4309 4394//4335 
f 360//4336 4371//4311 4395//4337 
f 4372//4313 20//4312 25//4338 
f 4373//4314 4372//4313 4396//4339 
f 4374//4315 4373//4314 4397//4340 
f 4375//4316 4374//4315 4398//4341 
f 4376//4317 4375//4316 4399//4342 
f 4377//4318 4376//4317 4400//4343 
f 4378//4319 4377//4318 4401//4344 
f 4379//4320 4378//4319 4402//4345 
f 4380//4321 4379//4320 4403//4346 
f 4381//4322 4380//4321 4404//4347 
f 4382//4323 4381//4322 4405//4348 
f 4383//4324 4382//4323 4406//4349 
f 4384//4325 4383//4324 4407//4350 
f 4385//4326 4384//4325 4408//4351 
f 4386//4327 4385//4326 4409//4352 
f 4387//4328 4386//4327 4410//4353 
f 4388//4329 4387//4328 4411//4354 
f 4389//4330 4388//4329 4412//4355 
f 4390//4331 4389//4330 4413//4356 
f 4391//4332 4390//4331 4414//4357 
f 4392//4333 4391//4332 4415//4358 
f 4393//4334 4392//4333 4416//4359 
f 4394//4335 4393//4334 4417//4360 
f 4395//4337 4394//4335 4418//4361 
f 361//4362 4395//4337 4419//4363 
f 4396//4339 25//4338 21//4364 
f 4397//4340 4396//4339 4420//4365 
f 4398//4341 4397//4340 4421//4366 
f 4399//4342 4398//4341 4422//4367 
f 4400//4343 4399//4342 4423//4368 
f 4401//4344 4400//4343 4424//4369 
f 4402//4345 4401//4344 4425//4370 
f 4403//4346 4402//4345 4426//4371 
f 4404//4347 4403//4346 4427//4372 
f 4405//4348 4404//4347 4428//4373 
f 4406//4349 4405//4348 4429//4374 
f 4407//4350 4406//4349 4430//4375 
f 4408//4351 4407//4350 4431//4376 
f 4409//4352 4408//4351 4432//4377 
f 4410//4353 4409//4352 4433//4378 
f 4411//4354 4410//4353 4434//4379 
f 4412//4355 4411//4354 4435//4380 
f 4413//4356 4412//4355 4436//4381 
f 4414//4357 4413//4356 4437//4382 
f 4415//4358 4414//4357 4438//4383 
f 4416//4359 4415//4358 4439//4384 
f 4417//4360 4416//4359 4440//4385 
f 4418//4361 4417//4360 4441//4386 
f 4419//4363 4418//4361 4442//4387 
f 362//4388 4419//4363 4443//4389 
f 4420//4365 21//4364 19//4390 
f 4421//4366 4420//4365 4444//4391 
f 4422//4367 4421//4366 4445//4392 
f 4423//4368 4422//4367 4446//4393 
f 4424//4369 4423//4368 4447//4394 
f 4425//4370 4424//4369 4448//4395 
f 4426//4371 4425//4370 4449//4396 
f 4427//4372 4426//4371 4450//4397 
f 4428//4373 4427//4372 4451//4398 
f 4429//4374 4428//4373 4452//4399 
f 4430//4375 4429//4374 4453//4400 
f 4431//4376 4430//4375 4454//4401 
f 4432//4377 4431//4376 4455//4402 
f 4433//4378 4432//4377 4456//4403 
f 4434//4379 4433//4378 4457//4404 
f 4435//4380 4434//4379 4458//4405 
f 4436//4381 4435//4380 4459//4406 
f 4437//4382 4436//4381 4460//4407 
f 4438//4383 4437//4382 4461//4408 
f 4439//4384 4438//4383 4462//4409 
f 4440//4385 4439//4384 4463//4410 
f 4441//4386 4440//4385 4464//4411 
f 4442//4387 4441//4386 4465//4412 
f 4443//4389 4442//4387 4466//4413 
f 363//4414 4443//4389 4467//4415 
f 4444//4391 19//4390 17//4416 
f 4445//4392 4444//4391 4468//4417 
f 4446//4393 4445//4392 4469//4418 
f 4447//4394 4446//4393 4470//4419 
f 4448//4395 4447//4394 4471//4420 
f 4449//4396 4448//4395 4472//4421 
f 4450//4397 4449//4396 4473//4422 
f 4451//4398 4450//4397 4474//4423 
f 4452//4399 4451//4398 4475//4424 
f 4453//4400 4452//4399 4476//4425 
f 4454//4401 4453//4400 4477//4426 
f 4455//4402 4454//4401 4478//4427 
f 4456//4403 4455//4402 4479//4428 
f 4457//4404 4456//4403 4480//4429 
f 4458//4405 4457//4404 4481//4430 
f 4459//4406 4458//4405 4482//4431 
f 4460//4407 4459//4406 4483//4432 
f 4461//4408 4460//4407 4484//4433 
f 4462//4409 4461//4408 4485//4434 
f 4463//4410 4462//4409 4486//4435 
f 4464//4411 4463//4410 4487//4436 
f 4465//4412 4464//4411 4488//4437 
f 4466//4413 4465//4412 4489//4438 
f 4467//4415 4466//4413 4490//4439 
f 364//4440 4467//4415 4491//4441 
f 4468//4417 17//4416 14//4442 
f 4469//4418 4468//4417 4492//4443 
f 4470//4419 4469//4418 4493//4444 
f 4471//4420 4470//4419 4494//4445 
f 4472//4421 4471//4420 4495//4446 
f 4473//4422 4472//4421 4496//4447 
f 4474//4423 4473//4422 4497//4448 
f 4475//4424 4474//4423 4498//4449 
f 4476//4425 4475//4424 4499//4450 
f 4477//4426 4476//4425 4500//4451 
f 4478//4427 4477//4426 4501//4452 
f 4479//4428 4478//4427 4502//4453 
f 4480//4429 4479//4428 4503//4454 
f 4481//4430 4480//4429 4504//4455 
f 4482//4431 4481//4430 4505//4456 
f 4483//4432 4482//4431 4506//4457 
f 4484//4433 4483//4432 4507//4458 
f 4485//4434 4484//4433 4508//4459 
f 4486//4435 4485//4434 4509//4460 
f 4487//4436 4486//4435 4510//4461 
f 4488//4437 4487//4436 4511//4462 
f 4489//4438 4488//4437 4512//4463 
f 4490//4439 4489//4438 4513//4464 
f 4491//4441 4490//4439 4514//4465 
f 365//4466 4491//4441 4515//4467 
f 4492//4443 14//4442 13//4468 
f 4493//4444 4492//4443 4516//4469 
f 4494//4445 4493//4444 4517//4470 
f 4495//4446 4494//4445 4518//4471 
f 4496//4447 4495//4446 4519//4472 
f 4497//4448 4496//4447 4520//4473 
f 4498//4449 4497//4448 4521//4474 
f 4499//4450 4498//4449 4522//4475 
f 4500//4451 4499//4450 4523//4476 
f 4501//4452 4500//4451 4524//4477 
f 4502//4453 4501//4452 4525//4478 
f 4503//4454 4502//4453 4526//4479 
f 4504//4455 4503//4454 4527//4480 
f 4505//4456 4504//4455 4528//4481 
f 4506//4457 4505//4456 4529//4482 
f 4507//4458 4506//4457 4530//4483 
f 4508//4459 4507//4458 4531//4484 
f 4509//4460 4508//4459 4532//4485 
f 4510//4461 4509//4460 4533//4486 
f 4511//4462 4510//4461 4534//4487 
f 4512//4463 4511//4462 4535//4488 
f 4513//4464 4512//4463 4536//4489 
f 4514//4465 4513//4464 4537//4490 
f 4515//4467 4514//4465 4538//4491 
f 366//4492 4515//4467 4539//4493 
f 4516//4469 13//4468 12//4494 
f 4517//4470 4516//4469 4540//4495 
f 4518//4471 4517//4470 4541//4496 
f 4519//4472 4518//4471 4542//4497 
f 4520//4473 4519//4472 4543//4498 
f 4521//4474 4520//4473 4544//4499 
f 4522//4475 4521//4474 4545//4500 
f 4523//4476 4522//4475 4546//4501 
f 4524//4477 4523//4476 4547//4502 
f 4525//4478 4524//4477 4548//4503 
f 4526//4479 4525//4478 4549//4504 
f 4527//4480 4526//4479 4550//4505 
f 4528//4481 4527//4480 4551//4506 
f 4529//4482 4528//4481 4552//4507 
f 4530//4483 4529//4482 4553//4508 
f 4531//4484 4530//4483 4554//4509 
f 4532//4485 4531//4484 4555//4510 
f 4533//4486 4532//4485 4556//4511 
f 4534//4487 4533//4486 4557//4512 
f 4535//4488 4534//4487 4558//4513 
f 4536//4489 4535//4488 4559//4514 
f 4537//4490 4536//4489 4560//4515 
f 4538//4491 4537//4490 4561//4516 
f 4539//4493 4538//4491 4562//4517 
f 367//4518 4539//4493 4563//4519 
f 4540//4495 12//4494 9//4520 
f 4541//4496 4540//4495 4564//4521 
f 4542//4497 4541//4496 4565//4522 
f 4543//4498 4542//4497 4566//4523 
f 4544//4499 4543//4498 4567//4524 
f 4545//4500 4544//4499 4568//4525 
f 4546//4501 4545//4500 4569//4526 
f 4547//4502 4546//4501 4570//4527 
f 4548//4503 4547//4502 4571//4528 
f 4549//4504 4548//4503 4572//4529 
f 4550//4505 4549//4504 4573//4530 
f 4551//4506 4550//4505 4574//4531 
f 4552//4507 4551//4506 4575//4532 
f 4553//4508 4552//4507 4576//4533 
f 4554//4509 4553//4508 4577//4534 
f 4555//4510 4554//4509 4578//4535 
f 4556//4511 4555//4510 4579//4536 
f 4557//4512 4556//4511 4580//4537 
f 4558//4513 4557//4512 4581//4538 
f 4559//4514 4558//4513 4582//4539 
f 4560//4515 4559//4514 4583//4540 
f 4561//4516 4560//4515 4584//4541 
f 4562//4517 4561//4516 4585//4542 
f 4563//4519 4562//4517 4586//4543 
f 368//4544 4563//4519 4587//4545 
f 4564//4521 9//4520 4//4546 
f 4565//4522 4564//4521 4588//4547 
f 4566//4523 4565//4522 4589//4548 
f 4567//4524 4566//4523 4590//4549 
f 4568//4525 4567//4524 4591//4550 
f 4569//4526 4568//4525 4592//4551 
f 4570//4527 4569//4526 4593//4552 
f 4571//4528 4570//4527 4594//4553 
f 4572//4529 4571//4528 4595//4554 
f 4573//4530 4572//4529 4596//4555 
f 4574//4531 4573//4530 4597//4556 
f 4575//4532 4574//4531 4598//4557 
f 4576//4533 4575//4532 4599//4558 
f 4577//4534 4576//4533 4600//4559 
f 4578//4535 4577//4534 4601//4560 
f 4579//4536 4578//4535 4602//4561 
f 4580//4537 4579//4536 4603//4562 
f 4581//4538 4580//4537 4604//4563 
f 4582//4539 4581//4538 4605//4564 
f 4583//4540 4582//4539 4606//4565 
f 4584//4541 4583//4540 4607//4566 
f 4585//4542 4584//4541 4608//4567 
f 4586//4543 4585//4542 4609//4568 
f 4587//4545 4586//4543 4610//4569 
f 369//4570 4587//4545 4611//4571 
f 4588//4547 4//4546 3//4572 
f 4589//4548 4588//4547 4612//4573 
f 4590//4549 4589//4548 4613//4574 
f 4591//4550 4590//4549 4614//4575 
f 4592//4551 4591//4550 4615//4576 
f 4593//4552 4592//4551 4616//4577 
f 4594//4553 4593//4552 4617//4578 
f 4595//4554 4594//4553 4618//4579 
f 4596//4555 4595//4554 4619//4580 
f 4597//4556 4596//4555 4620//4581 
f 4598//4557 4597//4556 4621//4582 
f 4599//4558 4598//4557 4622//4583 
f 4600//4559 4599//4558 4623//4584 
f 4601//4560 4600//4559 4624//4585 
f 4602//4561 4601//4560 4625//4586 
f 4603//4562 4602//4561 4626//4587 
f 4604//4563 4603//4562 4627//4588 
f 4605//4564 4604//4563 4628//4589 
f 4606//4565 4605//4564 4629//4590 
f 4607//4566 4606//4565 4630//4591 
f 4608//4567 4607//4566 4631//4592 
f 4609//4568 4608//4567 4632//4593 
f 4610//4569 4609//4568 4633//4594 
f 4611//4571 4610//4569 4634//4595 
f 370//4596 4611//4571 4635//4597 
f 4636//4598 4612//4573 3//4572 
f 4613//4574 4612//4573 4636//4598 
f 4614//4575 4613//4574 4637//4599 
f 4615//4576 4614//4575 4638//4600 
f 4616//4577 4615//4576 4639//4601 
f 4617//4578 4616//4577 4640//4602 
f 4618//4579 4617//4578 4641//4603 
f 4619//4580 4618//4579 4642//4604 
f 4620//4581 4619//4580 4643//4605 
f 4621//4582 4620//4581 4644//4606 
f 4622//4583 4621//4582 4645//4607 
f 4623//4584 4622//4583 4646//4608 
f 4624//4585 4623//4584 4647//4609 
f 4625//4586 4624//4585 4648//4610 
f 4626//4587 4625//4586 4649//4611 
f 4627//4588 4626//4587 4650//4612 
f 4628//4589 4627//4588 4651//4613 
f 4629//4590 4628//4589 4652//4614 
f 4630//4591 4629//4590 4653//4615 
f 4631//4592 4630//4591 4654//4616 
f 4632//4593 4631//4592 4655//4617 
f 4633//4594 4632//4593 4656//4618 
f 4634//4595 4633//4594 4657//4619 
f 4635//4597 4634//4595 4658//4620 
f 371//4621 372//4622 4635//4597 
f 4659//4623 4636//4598 2//4624 
f 4637//4599 4636//4598 4659//4623 
f 4638//4600 4637//4599 4660//4625 
f 4639//4601 4638//4600 4661//4626 
f 4640//4602 4639//4601 4662//4627 
f 4641//4603 4640//4602 4663//4628 
f 4642//4604 4641//4603 4664//4629 
f 4643//4605 4642//4604 4665//4630 
f 4644//4606 4643//4605 4666//4631 
f 4645//4607 4644//4606 4667//4632 
f 4646//4608 4645//4607 4668//4633 
f 4647//4609 4646//4608 4669//4634 
f 4648//4610 4647//4609 4670//4635 
f 4649//4611 4648//4610 4671//4636 
f 4650//4612 4649//4611 4672//4637 
f 4651//4613 4650//4612 4673//4638 
f 4652//4614 4651//4613 4674//4639 
f 4653//4615 4652//4614 4675//4640 
f 4654//4616 4653//4615 4676//4641 
f 4655//4617 4654//4616 4677//4642 
f 4656//4618 4655//4617 4678//4643 
f 4657//4619 4656//4618 4679//4644 
f 4658//4620 4657//4619 4680//4645 
f 4681//4646 4658//4620 4682//4647 
f 373//4648 371//4621 4681//4646 
f 4683//4649 4659//4623 1//4650 
f 4660//4625 4659//4623 4683//4649 
f 4661//4626 4660//4625 4684//4651 
f 4662//4627 4661//4626 4685//4652 
f 4663//4628 4662//4627 4686//4653 
f 4664//4629 4663//4628 4687//4654 
f 4665//4630 4664//4629 4688//4655 
f 4666//4631 4665//4630 4689//4656 
f 4667//4632 4666//4631 4690//4657 
f 4668//4633 4667//4632 4691//4658 
f 4669//4634 4668//4633 4692//4659 
f 4670//4635 4669//4634 4693//4660 
f 4671//4636 4670//4635 4694//4661 
f 4672//4637 4671//4636 4695//4662 
f 4673//4638 4672//4637 4696//4663 
f 4674//4639 4673//4638 4697//4664 
f 4675//4640 4674//4639 4698//4665 
f 4676//4641 4675//4640 4699//4666 
f 4677//4642 4676//4641 4700//4667 
f 4678//4643 4677//4642 4701//4668 
f 4679//4644 4678//4643 4702//4669 
f 4680//4645 4679//4644 4703//4670 
f 4682//4647 4680//4645 4704//4671 
f 4705//4672 4682//4647 4706//4673 
f 374//4674 373//4648 4705//4672 
f 4707//4675 4683//4649 5//4676 
f 4684//4651 4683//4649 4707//4675 
f 4685//4652 4684//4651 4708//4677 
f 4686//4653 4685//4652 4709//4678 
f 4687//4654 4686//4653 4710//4679 
f 4688//4655 4687//4654 4711//4680 
f 4689//4656 4688//4655 4712//4681 
f 4690//4657 4689//4656 4713//4682 
f 4691//4658 4690//4657 4714//4683 
f 4692//4659 4691//4658 4715//4684 
f 4693//4660 4692//4659 4716//4685 
f 4694//4661 4693//4660 4717//4686 
f 4695//4662 4694//4661 4718//4687 
f 4696//4663 4695//4662 4719//4688 
f 4697//4664 4696//4663 4720//4689 
f 4698//4665 4697//4664 4721//4690 
f 4699//4666 4698//4665 4722//4691 
f 4700//4667 4699//4666 4723//4692 
f 4701//4668 4700//4667 4724//4693 
f 4702//4669 4701//4668 4725//4694 
f 4703//4670 4702//4669 4726//4695 
f 4704//4671 4703//4670 4727//4696 
f 4706//4673 4704//4671 4728//4697 
f 4729//4698 4706//4673 4730//4699 
f 375//4700 374//4674 4729//4698 
f 4731//4701 4707//4675 6//4702 
f 4708//4677 4707//4675 4731//4701 
f 4709//4678 4708//4677 4732//4703 
f 4710//4679 4709//4678 4733//4704 
f 4711//4680 4710//4679 4734//4705 
f 4712//4681 4711//4680 4735//4706 
f 4713//4682 4712//4681 4736//4707 
f 4714//4683 4713//4682 4737//4708 
f 4715//4684 4714//4683 4738//4709 
f 4716//4685 4715//4684 4739//4710 
f 4717//4686 4716//4685 4740//4711 
f 4718//4687 4717//4686 4741//4712 
f 4719//4688 4718//4687 4742//4713 
f 4720//4689 4719//4688 4743//4714 
f 4721//4690 4720//4689 4744//4715 
f 4722//4691 4721//4690 4745//4716 
f 4723//4692 4722//4691 4746//4717 
f 4724//4693 4723//4692 4747//4718 
f 4725//4694 4724//4693 4748//4719 
f 4726//4695 4725//4694 4749//4720 
f 4727//4696 4726//4695 4750//4721 
f 4728//4697 4727//4696 4751//4722 
f 4730//4699 4728//4697 4752//4723 
f 4753//4724 4730//4699 4754//4725 
f 376//4726 375//4700 4753//4724 
f 4755//4727 4731//4701 7//4728 
f 4732//4703 4731//4701 4755//4727 
f 4733//4704 4732//4703 4756//4729 
f 4734//4705 4733//4704 4757//4730 
f 4735//4706 4734//4705 4758//4731 
f 4736//4707 4735//4706 4759//4732 
f 4737//4708 4736//4707 4760//4733 
f 4738//4709 4737//4708 4761//4734 
f 4739//4710 4738//4709 4762//4735 
f 4740//4711 4739//4710 4763//4736 
f 4741//4712 4740//4711 4764//4737 
f 4742//4713 4741//4712 4765//4738 
f 4743//4714 4742//4713 4766//4739 
f 4744//4715 4743//4714 4767//4740 
f 4745//4716 4744//4715 4768//4741 
f 4746//4717 4745//4716 4769//4742 
f 4747//4718 4746//4717 4770//4743 
f 4748//4719 4747//4718 4771//4744 
f 4749//4720 4748//4719 4772//4745 
f 4750//4721 4749//4720 4773//4746 
f 4751//4722 4750//4721 4774//4747 
f 4752//4723 4751//4722 4775//4748 
f 4754//4725 4752//4723 4776//4749 
f 4777//4750 4754//4725 4778//4751 
f 377//4752 376//4726 4777//4750 
f 4779//4753 4755//4727 8//4754 
f 4756//4729 4755//4727 4779//4753 
f 4757//4730 4756//4729 4780//4755 
f 4758//4731 4757//4730 4781//4756 
f 4759//4732 4758//4731 4782//4757 
f 4760//4733 4759//4732 4783//4758 
f 4761//4734 4760//4733 4784//4759 
f 4762//4735 4761//4734 4785//4760 
f 4763//4736 4762//4735 4786//4761 
f 4764//4737 4763//4736 4787//4762 
f 4765//4738 4764//4737 4788//4763 
f 4766//4739 4765//4738 4789//4764 
f 4767//4740 4766//4739 4790//4765 
f 4768//4741 4767//4740 4791//4766 
f 4769//4742 4768//4741 4792//4767 
f 4770//4743 4769//4742 4793//4768 
f 4771//4744 4770//4743 4794//4769 
f 4772//4745 4771//4744 4795//4770 
f 4773//4746 4772//4745 4796//4771 
f 4774//4747 4773//4746 4797//4772 
f 4775//4748 4774//4747 4798//4773 
f 4776//4749 4775//4748 4799//4774 
f 4778//4751 4776//4749 4800//4775 
f 4801//4776 4778//4751 4802//4777 
f 378//4778 377//4752 4801//4776 
f 4803//4779 4779//4753 10//4780 
f 4780//4755 4779//4753 4803//4779 
f 4781//4756 4780//4755 4804//4781 
f 4782//4757 4781//4756 4805//4782 
f 4783//4758 4782//4757 4806//4783 
f 4784//4759 4783//4758 4807//4784 
f 4785//4760 4784//4759 4808//4785 
f 4786//4761 4785//4760 4809//4786 
f 4787//4762 4786//4761 4810//4787 
f 4788//4763 4787//4762 4811//4788 
f 4789//4764 4788//4763 4812//4789 
f 4790//4765 4789//4764 4813//4790 
f 4791//4766 4790//4765 4814//4791 
f 4792//4767 4791//4766 4815//4792 
f 4793//4768 4792//4767 4816//4793 
f 4794//4769 4793//4768 4817//4794 
f 4795//4770 4794//4769 4818//4795 
f 4796//4771 4795//4770 4819//4796 
f 4797//4772 4796//4771 4820//4797 
f 4798//4773 4797//4772 4821//4798 
f 4799//4774 4798//4773 4822//4799 
f 4800//4775 4799//4774 4823//4800 
f 4802//4777 4800//4775 4824//4801 
f 4825//4802 4802//4777 4826//4803 
f 379//4804 378//4778 4825//4802 
f 4827//4805 4803//4779 11//4806 
f 4804//4781 4803//4779 4827//4805 
f 4805//4782 4804//4781 4828//4807 
f 4806//4783 4805//4782 4829//4808 
f 4807//4784 4806//4783 4830//4809 
f 4808//4785 4807//4784 4831//4810 
f 4809//4786 4808//4785 4832//4811 
f 4810//4787 4809//4786 4833//4812 
f 4811//4788 4810//4787 4834//4813 
f 4812//4789 4811//4788 4835//4814 
f 4813//4790 4812//4789 4836//4815 
f 4814//4791 4813//4790 4837//4816 
f 4815//4792 4814//4791 4838//4817 
f 4816//4793 4815//4792 4839//4818 
f 4817//4794 4816//4793 4840//4819 
f 4818//4795 4817//4794 4841//4820 
f 4819//4796 4818//4795 4842//4821 
f 4820//4797 4819//4796 4843//4822 
f 4821//4798 4820//4797 4844//4823 
f 4822//4799 4821//4798 4845//4824 
f 4823//4800 4822//4799 4846//4825 
f 4824//4801 4823//4800 4847//4826 
f 4826//4803 4824//4801 4848//4827 
f 4849//4828 4826//4803 4850//4829 
f 380//4830 379//4804 4849//4828 
f 4851//4831 4827//4805 114//4832 
f 4828//4807 4827//4805 4851//4831 
f 4829//4808 4828//4807 4852//4833 
f 4830//4809 4829//4808 4853//4834 
f 4831//4810 4830//4809 4854//4835 
f 4832//4811 4831//4810 4855//4836 
f 4833//4812 4832//4811 4856//4837 
f 4834//4813 4833//4812 4857//4838 
f 4835//4814 4834//4813 4858//4839 
f 4836//4815 4835//4814 4859//4840 
f 4837//4816 4836//4815 4860//4841 
f 4838//4817 4837//4816 4861//4842 
f 4839//4818 4838//4817 4862//4843 
f 4840//4819 4839//4818 4863//4844 
f 4841//4820 4840//4819 4864//4845 
f 4842//4821 4841//4820 4865//4846 
f 4843//4822 4842//4821 4866//4847 
f 4844//4823 4843//4822 4867//4848 
f 4845//4824 4844//4823 4868//4849 
f 4846//4825 4845//4824 4869//4850 
f 4847//4826 4846//4825 4870//4851 
f 4848//4827 4847//4826 4871//4852 
f 4850//4829 4848//4827 4872//4853 
f 4873//4854 4850//4829 4874//4855 
f 381//4856 380//4830 4873//4854 
f 4875//4857 4851//4831 63//4858 
f 4852//4833 4851//4831 4875//4857 
f 4853//4834 4852//4833 4876//4859 
f 4854//4835 4853//4834 4877//4860 
f 4855//4836 4854//4835 4878//4861 
f 4856//4837 4855//4836 4879//4862 
f 4857//4838 4856//4837 4880//4863 
f 4858//4839 4857//4838 4881//4864 
f 4859//4840 4858//4839 4882//4865 
f 4860//4841 4859//4840 4883//4866 
f 4861//4842 4860//4841 4884//4867 
f 4862//4843 4861//4842 4885//4868 
f 4863//4844 4862//4843 4886//4869 
f 4864//4845 4863//4844 4887//4870 
f 4865//4846 4864//4845 4888//4871 
f 4866//4847 4865//4846 4889//4872 
f 4867//4848 4866//4847 4890//4873 
f 4868//4849 4867//4848 4891//4874 
f 4869//4850 4868//4849 4892//4875 
f 4870//4851 4869//4850 4893//4876 
f 4871//4852 4870//4851 4894//4877 
f 4872//4853 4871//4852 4895//4878 
f 4874//4855 4872//4853 4896//4879 
f 4897//4880 4874//4855 4898//4881 
f 382//4882 381//4856 4897//4880 
f 4899//4883 4875//4857 62//4884 
f 4876//4859 4875//4857 4899//4883 
f 4877//4860 4876//4859 4900//4885 
f 4878//4861 4877//4860 4901//4886 
f 4879//4862 4878//4861 4902//4887 
f 4880//4863 4879//4862 4903//4888 
f 4881//4864 4880//4863 4904//4889 
f 4882//4865 4881//4864 4905//4890 
f 4883//4866 4882//4865 4906//4891 
f 4884//4867 4883//4866 4907//4892 
f 4885//4868 4884//4867 4908//4893 
f 4886//4869 4885//4868 4909//4894 
f 4887//4870 4886//4869 4910//4895 
f 4888//4871 4887//4870 4911//4896 
f 4889//4872 4888//4871 4912//4897 
f 4890//4873 4889//4872 4913//4898 
f 4891//4874 4890//4873 4914//4899 
f 4892//4875 4891//4874 4915//4900 
f 4893//4876 4892//4875 4916//4901 
f 4894//4877 4893//4876 4917//4902 
f 4895//4878 4894//4877 4918//4903 
f 4896//4879 4895//4878 4919//4904 
f 4898//4881 4896//4879 4920//4905 
f 4921//4906 4898//4881 4922//4907 
f 383//4908 382//4882 4921//4906 
f 4923//4909 4899//4883 81//4910 
f 4900//4885 4899//4883 4923//4909 
f 4901//4886 4900//4885 4924//4911 
f 4902//4887 4901//4886 4925//4912 
f 4903//4888 4902//4887 4926//4913 
f 4904//4889 4903//4888 4927//4914 
f 4905//4890 4904//4889 4928//4915 
f 4906//4891 4905//4890 4929//4916 
f 4907//4892 4906//4891 4930//4917 
f 4908//4893 4907//4892 4931//4918 
f 4909//4894 4908//4893 4932//4919 
f 4910//4895 4909//4894 4933//4920 
f 4911//4896 4910//4895 4934//4921 
f 4912//4897 4911//4896 4935//4922 
f 4913//4898 4912//4897 4936//4923 
f 4914//4899 4913//4898 4937//4924 
f 4915//4900 4914//4899 4938//4925 
f 4916//4901 4915//4900 4939//4926 
f 4917//4902 4916//4901 4940//4927 
f 4918//4903 4917//4902 4941//4928 
f 4919//4904 4918//4903 4942//4929 
f 4920//4905 4919//4904 4943//4930 
f 4922//4907 4920//4905 4944//4931 
f 4945//4932 4922//4907 4946//4933 
f 384//4934 383//4908 4945//4932 
f 4947//4935 4923//4909 95//4936 
f 4924//4911 4923//4909 4947//4935 
f 4925//4912 4924//4911 4948//4937 
f 4926//4913 4925//4912 4949//4938 
f 4927//4914 4926//4913 4950//4939 
f 4928//4915 4927//4914 4951//4940 
f 4929//4916 4928//4915 4952//4941 
f 4930//4917 4929//4916 4953//4942 
f 4931//4918 4930//4917 4954//4943 
f 4932//4919 4931//4918 4955//4944 
f 4933//4920 4932//4919 4956//4945 
f 4934//4921 4933//4920 4957//4946 
f 4935//4922 4934//4921 4958//4947 
f 4936//4923 4935//4922 4959//4948 
f 4937//4924 4936//4923 4960//4949 
f 4938//4925 4937//4924 4961//4950 
f 4939//4926 4938//4925 4962//4951 
f 4940//4927 4939//4926 4963//4952 
f 4941//4928 4940//4927 4964//4953 
f 4942//4929 4941//4928 4965//4954 
f 4943//4930 4942//4929 4966//4955 
f 4944//4931 4943//4930 4967//4956 
f 4946//4933 4944//4931 4968//4957 
f 4969//4958 4946//4933 4970//4959 
f 385//4960 384//4934 4969//4958 
f 4947//4935 96//4961 27//4961 
f 27//4961 4971//4962 4947//4935 
f 4948//4937 4947//4935 4971//4962 
f 4949//4938 4948//4937 4972//4963 
f 4950//4939 4949//4938 4973//4964 
f 4951//4940 4950//4939 4974//4965 
f 4952//4941 4951//4940 4975//4966 
f 4953//4942 4952//4941 4976//4967 
f 4954//4943 4953//4942 4977//4968 
f 4955//4944 4954//4943 4978//4969 
f 4956//4945 4955//4944 4979//4970 
f 4957//4946 4956//4945 4980//4971 
f 4958//4947 4957//4946 4981//4972 
f 4959//4948 4958//4947 4982//4973 
f 4960//4949 4959//4948 4983//4974 
f 4961//4950 4960//4949 4984//4975 
f 4962//4951 4961//4950 4985//4976 
f 4963//4952 4962//4951 4986//4977 
f 4964//4953 4963//4952 4987//4978 
f 4965//4954 4964//4953 4988//4979 
f 4966//4955 4965//4954 4989//4980 
f 4967//4956 4966//4955 4990//4981 
f 4968//4957 4967//4956 4991//4982 
f 4970//4959 4968//4957 4992//4983 
f 4993//4984 4970//4959 4994//4985 
f 386//4986 385//4960 4993//4984 
f 4995//4987 4971//4962 128//4988 
f 4972//4963 4971//4962 4995//4987 
f 4973//4964 4972//4963 4996//4989 
f 4974//4965 4973//4964 4997//4990 
f 4975//4966 4974//4965 4998//4991 
f 4976//4967 4975//4966 4999//4992 
f 4977//4968 4976//4967 5000//4993 
f 4978//4969 4977//4968 5001//4994 
f 4979//4970 4978//4969 5002//4995 
f 4980//4971 4979//4970 5003//4996 
f 4981//4972 4980//4971 5004//4997 
f 4982//4973 4981//4972 5005//4998 
f 4983//4974 4982//4973 5006//4999 
f 4984//4975 4983//4974 5007//5000 
f 4985//4976 4984//4975 5008//5001 
f 4986//4977 4985//4976 5009//5002 
f 4987//4978 4986//4977 5010//5003 
f 4988//4979 4987//4978 5011//5004 
f 4989//4980 4988//4979 5012//5005 
f 4990//4981 4989//4980 5013//5006 
f 4991//4982 4990//4981 5014//5007 
f 4992//4983 4991//4982 5015//5008 
f 4994//4985 4992//4983 5016//5009 
f 5017//5010 4994//4985 5018//5011 
f 387//5012 386//4986 5017//5010 
f 389//3 4995//4987 82//5013 
f 4996//4989 4995//4987 389//3 
f 4997//4990 4996//4989 390//5 
f 4998//4991 4997//4990 391//6 
f 4999//4992 4998//4991 393//8 
f 5000//4993 4999//4992 395//10 
f 5001//4994 5000//4993 397//12 
f 5002//4995 5001//4994 399//14 
f 5003//4996 5002//4995 401//16 
f 5004//4997 5003//4996 403//18 
f 5005//4998 5004//4997 405//20 
f 5006//4999 5005//4998 407//22 
f 5007//5000 5006//4999 409//24 
f 5008//5001 5007//5000 411//26 
f 5009//5002 5008//5001 413//28 
f 5010//5003 5009//5002 415//30 
f 5011//5004 5010//5003 417//32 
f 5012//5005 5011//5004 419//34 
f 5013//5006 5012//5005 421//36 
f 5014//5007 5013//5006 423//38 
f 5015//5008 5014//5007 425//40 
f 5016//5009 5015//5008 427//42 
f 5018//5011 5016//5009 429//44 
f 5019//5014 5018//5011 431//46 
f 196//51 387//5012 5019//5014 
f 5019//5014 433//48 196//51 
f 431//46 433//48 5019//5014 
f 429//44 431//46 5018//5011 
f 427//42 429//44 5016//5009 
f 425//40 427//42 5015//5008 
f 423//38 425//40 5014//5007 
f 421//36 423//38 5013//5006 
f 419//34 421//36 5012//5005 
f 417//32 419//34 5011//5004 
f 415//30 417//32 5010//5003 
f 413//28 415//30 5009//5002 
f 411//26 413//28 5008//5001 
f 409//24 411//26 5007//5000 
f 407//22 409//24 5006//4999 
f 405//20 407//22 5005//4998 
f 403//18 405//20 5004//4997 
f 401//16 403//18 5003//4996 
f 399//14 401//16 5002//4995 
f 397//12 399//14 5001//4994 
f 395//10 397//12 5000//4993 
f 393//8 395//10 4999//4992 
f 391//6 393//8 4998//4991 
f 390//5 391//6 4997//4990 
f 389//3 390//5 4996//4989 
f 82//5013 64//4 389//3 
f 5017//5010 5019//5014 387//5012 
f 5018//5011 5019//5014 5017//5010 
f 5016//5009 5018//5011 4994//4985 
f 5015//5008 5016//5009 4992//4983 
f 5014//5007 5015//5008 4991//4982 
f 5013//5006 5014//5007 4990//4981 
f 5012//5005 5013//5006 4989//4980 
f 5011//5004 5012//5005 4988//4979 
f 5010//5003 5011//5004 4987//4978 
f 5009//5002 5010//5003 4986//4977 
f 5008//5001 5009//5002 4985//4976 
f 5007//5000 5008//5001 4984//4975 
f 5006//4999 5007//5000 4983//4974 
f 5005//4998 5006//4999 4982//4973 
f 5004//4997 5005//4998 4981//4972 
f 5003//4996 5004//4997 4980//4971 
f 5002//4995 5003//4996 4979//4970 
f 5001//4994 5002//4995 4978//4969 
f 5000//4993 5001//4994 4977//4968 
f 4999//4992 5000//4993 4976//4967 
f 4998//4991 4999//4992 4975//4966 
f 4997//4990 4998//4991 4974//4965 
f 4996//4989 4997//4990 4973//4964 
f 4995//4987 4996//4989 4972//4963 
f 128//4988 82//5013 4995//4987 
f 4993//4984 5017//5010 386//4986 
f 4994//4985 5017//5010 4993//4984 
f 4992//4983 4994//4985 4970//4959 
f 4991//4982 4992//4983 4968//4957 
f 4990//4981 4991//4982 4967//4956 
f 4989//4980 4990//4981 4966//4955 
f 4988//4979 4989//4980 4965//4954 
f 4987//4978 4988//4979 4964//4953 
f 4986//4977 4987//4978 4963//4952 
f 4985//4976 4986//4977 4962//4951 
f 4984//4975 4985//4976 4961//4950 
f 4983//4974 4984//4975 4960//4949 
f 4982//4973 4983//4974 4959//4948 
f 4981//4972 4982//4973 4958//4947 
f 4980//4971 4981//4972 4957//4946 
f 4979//4970 4980//4971 4956//4945 
f 4978//4969 4979//4970 4955//4944 
f 4977//4968 4978//4969 4954//4943 
f 4976//4967 4977//4968 4953//4942 
f 4975//4966 4976//4967 4952//4941 
f 4974//4965 4975//4966 4951//4940 
f 4973//4964 4974//4965 4950//4939 
f 4972//4963 4973//4964 4949//4938 
f 4971//4962 4972//4963 4948//4937 
f 27//4961 128//4988 4971//4962 
f 4969//4958 4993//4984 385//4960 
f 4970//4959 4993//4984 4969//4958 
f 4968//4957 4970//4959 4946//4933 
f 4967//4956 4968//4957 4944//4931 
f 4966//4955 4967//4956 4943//4930 
f 4965//4954 4966//4955 4942//4929 
f 4964//4953 4965//4954 4941//4928 
f 4963//4952 4964//4953 4940//4927 
f 4962//4951 4963//4952 4939//4926 
f 4961//4950 4962//4951 4938//4925 
f 4960//4949 4961//4950 4937//4924 
f 4959//4948 4960//4949 4936//4923 
f 4958//4947 4959//4948 4935//4922 
f 4957//4946 4958//4947 4934//4921 
f 4956//4945 4957//4946 4933//4920 
f 4955//4944 4956//4945 4932//4919 
f 4954//4943 4955//4944 4931//4918 
f 4953//4942 4954//4943 4930//4917 
f 4952//4941 4953//4942 4929//4916 
f 4951//4940 4952//4941 4928//4915 
f 4950//4939 4951//4940 4927//4914 
f 4949//4938 4950//4939 4926//4913 
f 4948//4937 4949//4938 4925//4912 
f 4947//4935 4948//4937 4924//4911 
f 95//4936 96//4961 4947//4935 
f 4945//4932 4969//4958 384//4934 
f 4946//4933 4969//4958 4945//4932 
f 4944//4931 4946//4933 4922//4907 
f 4943//4930 4944//4931 4920//4905 
f 4942//4929 4943//4930 4919//4904 
f 4941//4928 4942//4929 4918//4903 
f 4940//4927 4941//4928 4917//4902 
f 4939//4926 4940//4927 4916//4901 
f 4938//4925 4939//4926 4915//4900 
f 4937//4924 4938//4925 4914//4899 
f 4936//4923 4937//4924 4913//4898 
f 4935//4922 4936//4923 4912//4897 
f 4934//4921 4935//4922 4911//4896 
f 4933//4920 4934//4921 4910//4895 
f 4932//4919 4933//4920 4909//4894 
f 4931//4918 4932//4919 4908//4893 
f 4930//4917 4931//4918 4907//4892 
f 4929//4916 4930//4917 4906//4891 
f 4928//4915 4929//4916 4905//4890 
f 4927//4914 4928//4915 4904//4889 
f 4926//4913 4927//4914 4903//4888 
f 4925//4912 4926//4913 4902//4887 
f 4924//4911 4925//4912 4901//4886 
f 4923//4909 4924//4911 4900//4885 
f 81//4910 95//4936 4923//4909 
f 4921//4906 4945//4932 383//4908 
f 4922//4907 4945//4932 4921//4906 
f 4920//4905 4922//4907 4898//4881 
f 4919//4904 4920//4905 4896//4879 
f 4918//4903 4919//4904 4895//4878 
f 4917//4902 4918//4903 4894//4877 
f 4916//4901 4917//4902 4893//4876 
f 4915//4900 4916//4901 4892//4875 
f 4914//4899 4915//4900 4891//4874 
f 4913//4898 4914//4899 4890//4873 
f 4912//4897 4913//4898 4889//4872 
f 4911//4896 4912//4897 4888//4871 
f 4910//4895 4911//4896 4887//4870 
f 4909//4894 4910//4895 4886//4869 
f 4908//4893 4909//4894 4885//4868 
f 4907//4892 4908//4893 4884//4867 
f 4906//4891 4907//4892 4883//4866 
f 4905//4890 4906//4891 4882//4865 
f 4904//4889 4905//4890 4881//4864 
f 4903//4888 4904//4889 4880//4863 
f 4902//4887 4903//4888 4879//4862 
f 4901//4886 4902//4887 4878//4861 
f 4900//4885 4901//4886 4877//4860 
f 4899//4883 4900//4885 4876//4859 
f 62//4884 81//4910 4899//4883 
f 4897//4880 4921//4906 382//4882 
f 4898//4881 4921//4906 4897//4880 
f 4896//4879 4898//4881 4874//4855 
f 4895//4878 4896//4879 4872//4853 
f 4894//4877 4895//4878 4871//4852 
f 4893//4876 4894//4877 4870//4851 
f 4892//4875 4893//4876 4869//4850 
f 4891//4874 4892//4875 4868//4849 
f 4890//4873 4891//4874 4867//4848 
f 4889//4872 4890//4873 4866//4847 
f 4888//4871 4889//4872 4865//4846 
f 4887//4870 4888//4871 4864//4845 
f 4886//4869 4887//4870 4863//4844 
f 4885//4868 4886//4869 4862//4843 
f 4884//4867 4885//4868 4861//4842 
f 4883//4866 4884//4867 4860//4841 
f 4882//4865 4883//4866 4859//4840 
f 4881//4864 4882//4865 4858//4839 
f 4880//4863 4881//4864 4857//4838 
f 4879//4862 4880//4863 4856//4837 
f 4878//4861 4879//4862 4855//4836 
f 4877//4860 4878//4861 4854//4835 
f 4876//4859 4877//4860 4853//4834 
f 4875//4857 4876//4859 4852//4833 
f 63//4858 62//4884 4875//4857 
f 4873//4854 4897//4880 381//4856 
f 4874//4855 4897//4880 4873//4854 
f 4872//4853 4874//4855 4850//4829 
f 4871//4852 4872//4853 4848//4827 
f 4870//4851 4871//4852 4847//4826 
f 4869//4850 4870//4851 4846//4825 
f 4868//4849 4869//4850 4845//4824 
f 4867//4848 4868//4849 4844//4823 
f 4866//4847 4867//4848 4843//4822 
f 4865//4846 4866//4847 4842//4821 
f 4864//4845 4865//4846 4841//4820 
f 4863//4844 4864//4845 4840//4819 
f 4862//4843 4863//4844 4839//4818 
f 4861//4842 4862//4843 4838//4817 
f 4860//4841 4861//4842 4837//4816 
f 4859//4840 4860//4841 4836//4815 
f 4858//4839 4859//4840 4835//4814 
f 4857//4838 4858//4839 4834//4813 
f 4856//4837 4857//4838 4833//4812 
f 4855//4836 4856//4837 4832//4811 
f 4854//4835 4855//4836 4831//4810 
f 4853//4834 4854//4835 4830//4809 
f 4852//4833 4853//4834 4829//4808 
f 4851//4831 4852//4833 4828//4807 
f 114//4832 63//4858 4851//4831 
f 4849//4828 4873//4854 380//4830 
f 4850//4829 4873//4854 4849//4828 
f 4848//4827 4850//4829 4826//4803 
f 4847//4826 4848//4827 4824//4801 
f 4846//4825 4847//4826 4823//4800 
f 4845//4824 4846//4825 4822//4799 
f 4844//4823 4845//4824 4821//4798 
f 4843//4822 4844//4823 4820//4797 
f 4842//4821 4843//4822 4819//4796 
f 4841//4820 4842//4821 4818//4795 
f 4840//4819 4841//4820 4817//4794 
f 4839//4818 4840//4819 4816//4793 
f 4838//4817 4839//4818 4815//4792 
f 4837//4816 4838//4817 4814//4791 
f 4836//4815 4837//4816 4813//4790 
f 4835//4814 4836//4815 4812//4789 
f 4834//4813 4835//4814 4811//4788 
f 4833//4812 4834//4813 4810//4787 
f 4832//4811 4833//4812 4809//4786 
f 4831//4810 4832//4811 4808//4785 
f 4830//4809 4831//4810 4807//4784 
f 4829//4808 4830//4809 4806//4783 
f 4828//4807 4829//4808 4805//4782 
f 4827//4805 4828//4807 4804//4781 
f 11//4806 114//4832 4827//4805 
f 4825//4802 4849//4828 379//4804 
f 4826//4803 4849//4828 4825//4802 
f 4824//4801 4826//4803 4802//4777 
f 4823//4800 4824//4801 4800//4775 
f 4822//4799 4823//4800 4799//4774 
f 4821//4798 4822//4799 4798//4773 
f 4820//4797 4821//4798 4797//4772 
f 4819//4796 4820//4797 4796//4771 
f 4818//4795 4819//4796 4795//4770 
f 4817//4794 4818//4795 4794//4769 
f 4816//4793 4817//4794 4793//4768 
f 4815//4792 4816//4793 4792//4767 
f 4814//4791 4815//4792 4791//4766 
f 4813//4790 4814//4791 4790//4765 
f 4812//4789 4813//4790 4789//4764 
f 4811//4788 4812//4789 4788//4763 
f 4810//4787 4811//4788 4787//4762 
f 4809//4786 4810//4787 4786//4761 
f 4808//4785 4809//4786 4785//4760 
f 4807//4784 4808//4785 4784//4759 
f 4806//4783 4807//4784 4783//4758 
f 4805//4782 4806//4783 4782//4757 
f 4804//4781 4805//4782 4781//4756 
f 4803//4779 4804//4781 4780//4755 
f 10//4780 11//4806 4803//4779 
f 4801//4776 4825//4802 378//4778 
f 4802//4777 4825//4802 4801//4776 
f 4800//4775 4802//4777 4778//4751 
f 4799//4774 4800//4775 4776//4749 
f 4798//4773 4799//4774 4775//4748 
f 4797//4772 4798//4773 4774//4747 
f 4796//4771 4797//4772 4773//4746 
f 4795//4770 4796//4771 4772//4745 
f 4794//4769 4795//4770 4771//4744 
f 4793//4768 4794//4769 4770//4743 
f 4792//4767 4793//4768 4769//4742 
f 4791//4766 4792//4767 4768//4741 
f 4790//4765 4791//4766 4767//4740 
f 4789//4764 4790//4765 4766//4739 
f 4788//4763 4789//4764 4765//4738 
f 4787//4762 4788//4763 4764//4737 
f 4786//4761 4787//4762 4763//4736 
f 4785//4760 4786//4761 4762//4735 
f 4784//4759 4785//4760 4761//4734 
f 4783//4758 4784//4759 4760//4733 
f 4782//4757 4783//4758 4759//4732 
f 4781//4756 4782//4757 4758//4731 
f 4780//4755 4781//4756 4757//4730 
f 4779//4753 4780//4755 4756//4729 
f 8//4754 10//4780 4779//4753 
f 4777//4750 4801//4776 377//4752 
f 4778//4751 4801//4776 4777//4750 
f 4776//4749 4778//4751 4754//4725 
f 4775//4748 4776//4749 4752//4723 
f 4774//4747 4775//4748 4751//4722 
f 4773//4746 4774//4747 4750//4721 
f 4772//4745 4773//4746 4749//4720 
f 4771//4744 4772//4745 4748//4719 
f 4770//4743 4771//4744 4747//4718 
f 4769//4742 4770//4743 4746//4717 
f 4768//4741 4769//4742 4745//4716 
f 4767//4740 4768//4741 4744//4715 
f 4766//4739 4767//4740 4743//4714 
f 4765//4738 4766//4739 4742//4713 
f 4764//4737 4765//4738 4741//4712 
f 4763//4736 4764//4737 4740//4711 
f 4762//4735 4763//4736 4739//4710 
f 4761//4734 4762//4735 4738//4709 
f 4760//4733 4761//4734 4737//4708 
f 4759//4732 4760//4733 4736//4707 
f 4758//4731 4759//4732 4735//4706 
f 4757//4730 4758//4731 4734//4705 
f 4756//4729 4757//4730 4733//4704 
f 4755//4727 4756//4729 4732//4703 
f 7//4728 8//4754 4755//4727 
f 4753//4724 4777//4750 376//4726 
f 4754//4725 4777//4750 4753//4724 
f 4752//4723 4754//4725 4730//4699 
f 4751//4722 4752//4723 4728//4697 
f 4750//4721 4751//4722 4727//4696 
f 4749//4720 4750//4721 4726//4695 
f 4748//4719 4749//4720 4725//4694 
f 4747//4718 4748//4719 4724//4693 
f 4746//4717 4747//4718 4723//4692 
f 4745//4716 4746//4717 4722//4691 
f 4744//4715 4745//4716 4721//4690 
f 4743//4714 4744//4715 4720//4689 
f 4742//4713 4743//4714 4719//4688 
f 4741//4712 4742//4713 4718//4687 
f 4740//4711 4741//4712 4717//4686 
f 4739//4710 4740//4711 4716//4685 
f 4738//4709 4739//4710 4715//4684 
f 4737//4708 4738//4709 4714//4683 
f 4736//4707 4737//4708 4713//4682 
f 4735//4706 4736//4707 4712//4681 
f 4734//4705 4735//4706 4711//4680 
f 4733//4704 4734//4705 4710//4679 
f 4732//4703 4733//4704 4709//4678 
f 4731//4701 4732//4703 4708//4677 
f 6//4702 7//4728 4731//4701 
f 4729//4698 4753//4724 375//4700 
f 4730//4699 4753//4724 4729//4698 
f 4728//4697 4730//4699 4706//4673 
f 4727//4696 4728//4697 4704//4671 
f 4726//4695 4727//4696 4703//4670 
f 4725//4694 4726//4695 4702//4669 
f 4724//4693 4725//4694 4701//4668 
f 4723//4692 4724//4693 4700//4667 
f 4722//4691 4723//4692 4699//4666 
f 4721//4690 4722//4691 4698//4665 
f 4720//4689 4721//4690 4697//4664 
f 4719//4688 4720//4689 4696//4663 
f 4718//4687 4719//4688 4695//4662 
f 4717//4686 4718//4687 4694//4661 
f 4716//4685 4717//4686 4693//4660 
f 4715//4684 4716//4685 4692//4659 
f 4714//4683 4715//4684 4691//4658 
f 4713//4682 4714//4683 4690//4657 
f 4712//4681 4713//4682 4689//4656 
f 4711//4680 4712//4681 4688//4655 
f 4710//4679 4711//4680 4687//4654 
f 4709//4678 4710//4679 4686//4653 
f 4708//4677 4709//4678 4685//4652 
f 4707//4675 4708//4677 4684//4651 
f 5//4676 6//4702 4707//4675 
f 4705//4672 4729//4698 374//4674 
f 4706//4673 4729//4698 4705//4672 
f 4704//4671 4706//4673 4682//4647 
f 4703//4670 4704//4671 4680//4645 
f 4702//4669 4703//4670 4679//4644 
f 4701//4668 4702//4669 4678//4643 
f 4700//4667 4701//4668 4677//4642 
f 4699//4666 4700//4667 4676//4641 
f 4698//4665 4699//4666 4675//4640 
f 4697//4664 4698//4665 4674//4639 
f 4696//4663 4697//4664 4673//4638 
f 4695//4662 4696//4663 4672//4637 
f 4694//4661 4695//4662 4671//4636 
f 4693//4660 4694//4661 4670//4635 
f 4692//4659 4693//4660 4669//4634 
f 4691//4658 4692//4659 4668//4633 
f 4690//4657 4691//4658 4667//4632 
f 4689//4656 4690//4657 4666//4631 
f 4688//4655 4689//4656 4665//4630 
f 4687//4654 4688//4655 4664//4629 
f 4686//4653 4687//4654 4663//4628 
f 4685//4652 4686//4653 4662//4627 
f 4684//4651 4685//4652 4661//4626 
f 4683//4649 4684//4651 4660//4625 
f 1//4650 5//4676 4683//4649 
f 4681//4646 4705//4672 373//4648 
f 4682//4647 4705//4672 4681//4646 
f 4680//4645 4682//4647 4658//4620 
f 4679//4644 4680//4645 4657//4619 
f 4678//4643 4679//4644 4656//4618 
f 4677//4642 4678//4643 4655//4617 
f 4676//4641 4677//4642 4654//4616 
f 4675//4640 4676//4641 4653//4615 
f 4674//4639 4675//4640 4652//4614 
f 4673//4638 4674//4639 4651//4613 
f 4672//4637 4673//4638 4650//4612 
f 4671//4636 4672//4637 4649//4611 
f 4670//4635 4671//4636 4648//4610 
f 4669//4634 4670//4635 4647//4609 
f 4668//4633 4669//4634 4646//4608 
f 4667//4632 4668//4633 4645//4607 
f 4666//4631 4667//4632 4644//4606 
f 4665//4630 4666//4631 4643//4605 
f 4664//4629 4665//4630 4642//4604 
f 4663//4628 4664//4629 4641//4603 
f 4662//4627 4663//4628 4640//4602 
f 4661//4626 4662//4627 4639//4601 
f 4660//4625 4661//4626 4638//4600 
f 4659//4623 4660//4625 4637//4599 
f 2//4624 1//4650 4659//4623 
f 4635//4597 4681//4646 371//4621 
f 4658//4620 4681//4646 4635//4597 
f 4657//4619 4658//4620 4634//4595 
f 4656//4618 4657//4619 4633//4594 
f 4655//4617 4656//4618 4632//4593 
f 4654//4616 4655//4617 4631//4592 
f 4653//4615 4654//4616 4630//4591 
f 4652//4614 4653//4615 4629//4590 
f 4651//4613 4652//4614 4628//4589 
f 4650//4612 4651//4613 4627//4588 
f 4649//4611 4650//4612 4626//4587 
f 4648//4610 4649//4611 4625//4586 
f 4647//4609 4648//4610 4624//4585 
f 4646//4608 4647//4609 4623//4584 
f 4645//4607 4646//4608 4622//4583 
f 4644//4606 4645//4607 4621//4582 
f 4643//4605 4644//4606 4620//4581 
f 4642//4604 4643//4605 4619//4580 
f 4641//4603 4642//4604 4618//4579 
f 4640//4602 4641//4603 4617//4578 
f 4639//4601 4640//4602 4616//4577 
f 4638//4600 4639//4601 4615//4576 
f 4637//4599 4638//4600 4614//4575 
f 4636//4598 4637//4599 4613//4574 
f 3//4572 2//4624 4636//4598 
f 4635//4597 372//4622 370//4596 
f 4634//4595 4635//4597 4611//4571 
f 4633//4594 4634//4595 4610//4569 
f 4632//4593 4633//4594 4609//4568 
f 4631//4592 4632//4593 4608//4567 
f 4630//4591 4631//4592 4607//4566 
f 4629//4590 4630//4591 4606//4565 
f 4628//4589 4629//4590 4605//4564 
f 4627//4588 4628//4589 4604//4563 
f 4626//4587 4627//4588 4603//4562 
f 4625//4586 4626//4587 4602//4561 
f 4624//4585 4625//4586 4601//4560 
f 4623//4584 4624//4585 4600//4559 
f 4622//4583 4623//4584 4599//4558 
f 4621//4582 4622//4583 4598//4557 
f 4620//4581 4621//4582 4597//4556 
f 4619//4580 4620//4581 4596//4555 
f 4618//4579 4619//4580 4595//4554 
f 4617//4578 4618//4579 4594//4553 
f 4616//4577 4617//4578 4593//4552 
f 4615//4576 4616//4577 4592//4551 
f 4614//4575 4615//4576 4591//4550 
f 4613//4574 4614//4575 4590//4549 
f 4612//4573 4613//4574 4589//4548 
f 3//4572 4612//4573 4588//4547 
f 4611//4571 370//4596 369//4570 
f 4610//4569 4611//4571 4587//4545 
f 4609//4568 4610//4569 4586//4543 
f 4608//4567 4609//4568 4585//4542 
f 4607//4566 4608//4567 4584//4541 
f 4606//4565 4607//4566 4583//4540 
f 4605//4564 4606//4565 4582//4539 
f 4604//4563 4605//4564 4581//4538 
f 4603//4562 4604//4563 4580//4537 
f 4602//4561 4603//4562 4579//4536 
f 4601//4560 4602//4561 4578//4535 
f 4600//4559 4601//4560 4577//4534 
f 4599//4558 4600//4559 4576//4533 
f 4598//4557 4599//4558 4575//4532 
f 4597//4556 4598//4557 4574//4531 
f 4596//4555 4597//4556 4573//4530 
f 4595//4554 4596//4555 4572//4529 
f 4594//4553 4595//4554 4571//4528 
f 4593//4552 4594//4553 4570//4527 
f 4592//4551 4593//4552 4569//4526 
f 4591//4550 4592//4551 4568//4525 
f 4590//4549 4591//4550 4567//4524 
f 4589//4548 4590//4549 4566//4523 
f 4588//4547 4589//4548 4565//4522 
f 4//4546 4588//4547 4564//4521 
f 4587//4545 369//4570 368//4544 
f 4586//4543 4587//4545 4563//4519 
f 4585//4542 4586//4543 4562//4517 
f 4584//4541 4585//4542 4561//4516 
f 4583//4540 4584//4541 4560//4515 
f 4582//4539 4583//4540 4559//4514 
f 4581//4538 4582//4539 4558//4513 
f 4580//4537 4581//4538 4557//4512 
f 4579//4536 4580//4537 4556//4511 
f 4578//4535 4579//4536 4555//4510 
f 4577//4534 4578//4535 4554//4509 
f 4576//4533 4577//4534 4553//4508 
f 4575//4532 4576//4533 4552//4507 
f 4574//4531 4575//4532 4551//4506 
f 4573//4530 4574//4531 4550//4505 
f 4572//4529 4573//4530 4549//4504 
f 4571//4528 4572//4529 4548//4503 
f 4570//4527 4571//4528 4547//4502 
f 4569//4526 4570//4527 4546//4501 
f 4568//4525 4569//4526 4545//4500 
f 4567//4524 4568//4525 4544//4499 
f 4566//4523 4567//4524 4543//4498 
f 4565//4522 4566//4523 4542//4497 
f 4564//4521 4565//4522 4541//4496 
f 9//4520 4564//4521 4540//4495 
f 4563//4519 368//4544 367//4518 
f 4562//4517 4563//4519 4539//4493 
f 4561//4516 4562//4517 4538//4491 
f 4560//4515 4561//4516 4537//4490 
f 4559//4514 4560//4515 4536//4489 
f 4558//4513 4559//4514 4535//4488 
f 4557//4512 4558//4513 4534//4487 
f 4556//4511 4557//4512 4533//4486 
f 4555//4510 4556//4511 4532//4485 
f 4554//4509 4555//4510 4531//4484 
f 4553//4508 4554//4509 4530//4483 
f 4552//4507 4553//4508 4529//4482 
f 4551//4506 4552//4507 4528//4481 
f 4550//4505 4551//4506 4527//4480 
f 4549//4504 4550//4505 4526//4479 
f 4548//4503 4549//4504 4525//4478 
f 4547//4502 4548//4503 4524//4477 
f 4546//4501 4547//4502 4523//4476 
f 4545//4500 4546//4501 4522//4475 
f 4544//4499 4545//4500 4521//4474 
f 4543//4498 4544//4499 4520//4473 
f 4542//4497 4543//4498 4519//4472 
f 4541//4496 4542//4497 4518//4471 
f 4540//4495 4541//4496 4517//4470 
f 12//4494 4540//4495 4516//4469 
f 4539//4493 367//4518 366//4492 
f 4538//4491 4539//4493 4515//4467 
f 4537//4490 4538//4491 4514//4465 
f 4536//4489 4537//4490 4513//4464 
f 4535//4488 4536//4489 4512//4463 
f 4534//4487 4535//4488 4511//4462 
f 4533//4486 4534//4487 4510//4461 
f 4532//4485 4533//4486 4509//4460 
f 4531//4484 4532//4485 4508//4459 
f 4530//4483 4531//4484 4507//4458 
f 4529//4482 4530//4483 4506//4457 
f 4528//4481 4529//4482 4505//4456 
f 4527//4480 4528//4481 4504//4455 
f 4526//4479 4527//4480 4503//4454 
f 4525//4478 4526//4479 4502//4453 
f 4524//4477 4525//4478 4501//4452 
f 4523//4476 4524//4477 4500//4451 
f 4522//4475 4523//4476 4499//4450 
f 4521//4474 4522//4475 4498//4449 
f 4520//4473 4521//4474 4497//4448 
f 4519//4472 4520//4473 4496//4447 
f 4518//4471 4519//4472 4495//4446 
f 4517//4470 4518//4471 4494//4445 
f 4516//4469 4517//4470 4493//4444 
f 13//4468 4516//4469 4492//4443 
f 4515//4467 366//4492 365//4466 
f 4514//4465 4515//4467 4491//4441 
f 4513//4464 4514//4465 4490//4439 
f 4512//4463 4513//4464 4489//4438 
f 4511//4462 4512//4463 4488//4437 
f 4510//4461 4511//4462 4487//4436 
f 4509//4460 4510//4461 4486//4435 
f 4508//4459 4509//4460 4485//4434 
f 4507//4458 4508//4459 4484//4433 
f 4506//4457 4507//4458 4483//4432 
f 4505//4456 4506//4457 4482//4431 
f 4504//4455 4505//4456 4481//4430 
f 4503//4454 4504//4455 4480//4429 
f 4502//4453 4503//4454 4479//4428 
f 4501//4452 4502//4453 4478//4427 
f 4500//4451 4501//4452 4477//4426 
f 4499//4450 4500//4451 4476//4425 
f 4498//4449 4499//4450 4475//4424 
f 4497//4448 4498//4449 4474//4423 
f 4496//4447 4497//4448 4473//4422 
f 4495//4446 4496//4447 4472//4421 
f 4494//4445 4495//4446 4471//4420 
f 4493//4444 4494//4445 4470//4419 
f 4492//4443 4493//4444 4469//4418 
f 14//4442 4492//4443 4468//4417 
f 4491//4441 365//4466 364//4440 
f 4490//4439 4491//4441 4467//4415 
f 4489//4438 4490//4439 4466//4413 
f 4488//4437 4489//4438 4465//4412 
f 4487//4436 4488//4437 4464//4411 
f 4486//4435 4487//4436 4463//4410 
f 4485//4434 4486//4435 4462//4409 
f 4484//4433 4485//4434 4461//4408 
f 4483//4432 4484//4433 4460//4407 
f 4482//4431 4483//4432 4459//4406 
f 4481//4430 4482//4431 4458//4405 
f 4480//4429 4481//4430 4457//4404 
f 4479//4428 4480//4429 4456//4403 
f 4478//4427 4479//4428 4455//4402 
f 4477//4426 4478//4427 4454//4401 
f 4476//4425 4477//4426 4453//4400 
f 4475//4424 4476//4425 4452//4399 
f 4474//4423 4475//4424 4451//4398 
f 4473//4422 4474//4423 4450//4397 
f 4472//4421 4473//4422 4449//4396 
f 4471//4420 4472//4421 4448//4395 
f 4470//4419 4471//4420 4447//4394 
f 4469//4418 4470//4419 4446//4393 
f 4468//4417 4469//4418 4445//4392 
f 17//4416 4468//4417 4444//4391 
f 4467//4415 364//4440 363//4414 
f 4466//4413 4467//4415 4443//4389 
f 4465//4412 4466//4413 4442//4387 
f 4464//4411 4465//4412 4441//4386 
f 4463//4410 4464//4411 4440//4385 
f 4462//4409 4463//4410 4439//4384 
f 4461//4408 4462//4409 4438//4383 
f 4460//4407 4461//4408 4437//4382 
f 4459//4406 4460//4407 4436//4381 
f 4458//4405 4459//4406 4435//4380 
f 4457//4404 4458//4405 4434//4379 
f 4456//4403 4457//4404 4433//4378 
f 4455//4402 4456//4403 4432//4377 
f 4454//4401 4455//4402 4431//4376 
f 4453//4400 4454//4401 4430//4375 
f 4452//4399 4453//4400 4429//4374 
f 4451//4398 4452//4399 4428//4373 
f 4450//4397 4451//4398 4427//4372 
f 4449//4396 4450//4397 4426//4371 
f 4448//4395 4449//4396 4425//4370 
f 4447//4394 4448//4395 4424//4369 
f 4446//4393 4447//4394 4423//4368 
f 4445//4392 4446//4393 4422//4367 
f 4444//4391 4445//4392 4421//4366 
f 19//4390 4444//4391 4420//4365 
f 4443//4389 363//4414 362//4388 
f 4442//4387 4443//4389 4419//4363 
f 4441//4386 4442//4387 4418//4361 
f 4440//4385 4441//4386 4417//4360 
f 4439//4384 4440//4385 4416//4359 
f 4438//4383 4439//4384 4415//4358 
f 4437//4382 4438//4383 4414//4357 
f 4436//4381 4437//4382 4413//4356 
f 4435//4380 4436//4381 4412//4355 
f 4434//4379 4435//4380 4411//4354 
f 4433//4378 4434//4379 4410//4353 
f 4432//4377 4433//4378 4409//4352 
f 4431//4376 4432//4377 4408//4351 
f 4430//4375 4431//4376 4407//4350 
f 4429//4374 4430//4375 4406//4349 
f 4428//4373 4429//4374 4405//4348 
f 4427//4372 4428//4373 4404//4347 
f 4426//4371 4427//4372 4403//4346 
f 4425//4370 4426//4371 4402//4345 
f 4424//4369 4425//4370 4401//4344 
f 4423//4368 4424//4369 4400//4343 
f 4422//4367 4423//4368 4399//4342 
f 4421//4366 4422//4367 4398//4341 
f 4420//4365 4421//4366 4397//4340 
f 21//4364 4420//4365 4396//4339 
f 4419//4363 362//4388 361//4362 
f 4418//4361 4419//4363 4395//4337 
f 4417//4360 4418//4361 4394//4335 
f 4416//4359 4417//4360 4393//4334 
f 4415//4358 4416//4359 4392//4333 
f 4414//4357 4415//4358 4391//4332 
f 4413//4356 4414//4357 4390//4331 
f 4412//4355 4413//4356 4389//4330 
f 4411//4354 4412//4355 4388//4329 
f 4410//4353 4411//4354 4387//4328 
f 4409//4352 4410//4353 4386//4327 
f 4408//4351 4409//4352 4385//4326 
f 4407//4350 4408//4351 4384//4325 
f 4406//4349 4407//4350 4383//4324 
f 4405//4348 4406//4349 4382//4323 
f 4404//4347 4405//4348 4381//4322 
f 4403//4346 4404//4347 4380//4321 
f 4402//4345 4403//4346 4379//4320 
f 4401//4344 4402//4345 4378//4319 
f 4400//4343 4401//4344 4377//4318 
f 4399//4342 4400//4343 4376//4317 
f 4398//4341 4399//4342 4375//4316 
f 4397//4340 4398//4341 4374//4315 
f 4396//4339 4397//4340 4373//4314 
f 25//4338 4396//4339 4372//4313 
f 4395//4337 361//4362 360//4336 
f 4394//4335 4395//4337 4371//4311 
f 4393//4334 4394//4335 4370//4309 
f 4392//4333 4393//4334 4369//4308 
f 4391//4332 4392//4333 4368//4307 
f 4390//4331 4391//4332 4367//4306 
f 4389//4330 4390//4331 4366//4305 
f 4388//4329 4389//4330 4365//4304 
f 4387//4328 4388//4329 4364//4303 
f 4386//4327 4387//4328 4363//4302 
f 4385//4326 4386//4327 4362//4301 
f 4384//4325 4385//4326 4361//4300 
f 4383//4324 4384//4325 4360//4299 
f 4382//4323 4383//4324 4359//4298 
f 4381//4322 4382//4323 4358//4297 
f 4380//4321 4381//4322 4357//4296 
f 4379//4320 4380//4321 4356//4295 
f 4378//4319 4379//4320 4355//4294 
f 4377//4318 4378//4319 4354//4293 
f 4376//4317 4377//4318 4353//4292 
f 4375//4316 4376//4317 4352//4291 
f 4374//4315 4375//4316 4351//4290 
f 4373//4314 4374//4315 4350//4289 
f 4372//4313 4373//4314 4349//4288 
f 20//4312 4372//4313 4348//4287 
f 4371//4311 360//4336 359//4310 
f 4370//4309 4371//4311 4347//4285 
f 4369//4308 4370//4309 4346//4283 
f 4368//4307 4369//4308 4345//4282 
f 4367//4306 4368//4307 4344//4281 
f 4366//4305 4367//4306 4343//4280 
f 4365//4304 4366//4305 4342//4279 
f 4364//4303 4365//4304 4341//4278 
f 4363//4302 4364//4303 4340//4277 
f 4362//4301 4363//4302 4339//4276 
f 4361//4300 4362//4301 4338//4275 
f 4360//4299 4361//4300 4337//4274 
f 4359//4298 4360//4299 4336//4273 
f 4358//4297 4359//4298 4335//4272 
f 4357//4296 4358//4297 4334//4271 
f 4356//4295 4357//4296 4333//4270 
f 4355//4294 4356//4295 4332//4269 
f 4354//4293 4355//4294 4331//4268 
f 4353//4292 4354//4293 4330//4267 
f 4352//4291 4353//4292 4329//4266 
f 4351//4290 4352//4291 4328//4265 
f 4350//4289 4351//4290 4327//4264 
f 4349//4288 4350//4289 4326//4263 
f 4348//4287 4349//4288 4325//4262 
f 15//4286 4348//4287 4324//4261 
f 4347//4285 359//4310 358//4284 
f 4346//4283 4347//4285 4323//4259 
f 4345//4282 4346//4283 4322//4257 
f 4344//4281 4345//4282 4321//4256 
f 4343//4280 4344//4281 4320//4255 
f 4342//4279 4343//4280 4319//4254 
f 4341//4278 4342//4279 4318//4253 
f 4340//4277 4341//4278 4317//4252 
f 4339//4276 4340//4277 4316//4251 
f 4338//4275 4339//4276 4315//4250 
f 4337//4274 4338//4275 4314//4249 
f 4336//4273 4337//4274 4313//4248 
f 4335//4272 4336//4273 4312//4247 
f 4334//4271 4335//4272 4311//4246 
f 4333//4270 4334//4271 4310//4245 
f 4332//4269 4333//4270 4309//4244 
f 4331//4268 4332//4269 4308//4243 
f 4330//4267 4331//4268 4307//4242 
f 4329//4266 4330//4267 4306//4241 
f 4328//4265 4329//4266 4305//4240 
f 4327//4264 4328//4265 4304//4239 
f 4326//4263 4327//4264 4303//4238 
f 4325//4262 4326//4263 4302//4237 
f 4324//4261 4325//4262 4301//4236 
f 16//4260 4324//4261 4300//4235 
f 4323//4259 358//4284 357//4258 
f 4322//4257 4323//4259 4299//4233 
f 4321//4256 4322//4257 4298//4231 
f 4320//4255 4321//4256 4297//4230 
f 4319//4254 4320//4255 4296//4229 
f 4318//4253 4319//4254 4295//4228 
f 4317//4252 4318//4253 4294//4227 
f 4316//4251 4317//4252 4293//4226 
f 4315//4250 4316//4251 4292//4225 
f 4314//4249 4315//4250 4291//4224 
f 4313//4248 4314//4249 4290//4223 
f 4312//4247 4313//4248 4289//4222 
f 4311//4246 4312//4247 4288//4221 
f 4310//4245 4311//4246 4287//4220 
f 4309//4244 4310//4245 4286//4219 
f 4308//4243 4309//4244 4285//4218 
f 4307//4242 4308//4243 4284//4217 
f 4306//4241 4307//4242 4283//4216 
f 4305//4240 4306//4241 4282//4215 
f 4304//4239 4305//4240 4281//4214 
f 4303//4238 4304//4239 4280//4213 
f 4302//4237 4303//4238 4279//4212 
f 4301//4236 4302//4237 4278//4211 
f 4300//4235 4301//4236 4277//4210 
f 18//4234 4300//4235 4276//4209 
f 4299//4233 357//4258 356//4232 
f 4298//4231 4299//4233 4275//4207 
f 4297//4230 4298//4231 4274//4205 
f 4296//4229 4297//4230 4273//4204 
f 4295//4228 4296//4229 4272//4203 
f 4294//4227 4295//4228 4271//4202 
f 4293//4226 4294//4227 4270//4201 
f 4292//4225 4293//4226 4269//4200 
f 4291//4224 4292//4225 4268//4199 
f 4290//4223 4291//4224 4267//4198 
f 4289//4222 4290//4223 4266//4197 
f 4288//4221 4289//4222 4265//4196 
f 4287//4220 4288//4221 4264//4195 
f 4286//4219 4287//4220 4263//4194 
f 4285//4218 4286//4219 4262//4193 
f 4284//4217 4285//4218 4261//4192 
f 4283//4216 4284//4217 4260//4191 
f 4282//4215 4283//4216 4259//4190 
f 4281//4214 4282//4215 4258//4189 
f 4280//4213 4281//4214 4257//4188 
f 4279//4212 4280//4213 4256//4187 
f 4278//4211 4279//4212 4255//4186 
f 4277//4210 4278//4211 4254//4185 
f 4276//4209 4277//4210 4253//4184 
f 24//4208 4276//4209 4252//4183 
f 4275//4207 356//4232 355//4206 
f 4274//4205 4275//4207 4251//4181 
f 4273//4204 4274//4205 4250//4179 
f 4272//4203 4273//4204 4249//4178 
f 4271//4202 4272//4203 4248//4177 
f 4270//4201 4271//4202 4247//4176 
f 4269//4200 4270//4201 4246//4175 
f 4268//4199 4269//4200 4245//4174 
f 4267//4198 4268//4199 4244//4173 
f 4266//4197 4267//4198 4243//4172 
f 4265//4196 4266//4197 4242//4171 
f 4264//4195 4265//4196 4241//4170 
f 4263//4194 4264//4195 4240//4169 
f 4262//4193 4263//4194 4239//4168 
f 4261//4192 4262//4193 4238//4167 
f 4260//4191 4261//4192 4237//4166 
f 4259//4190 4260//4191 4236//4165 
f 4258//4189 4259//4190 4235//4164 
f 4257//4188 4258//4189 4234//4163 
f 4256//4187 4257//4188 4233//4162 
f 4255//4186 4256//4187 4232//4161 
f 4254//4185 4255//4186 4231//4160 
f 4253//4184 4254//4185 4230//4159 
f 4252//4183 4253//4184 4229//4158 
f 31//4182 4252//4183 4228//4157 
f 4251//4181 355//4206 354//4180 
f 4250//4179 4251//4181 4227//4155 
f 4249//4178 4250//4179 4226//4153 
f 4248//4177 4249//4178 4225//4152 
f 4247//4176 4248//4177 4224//4151 
f 4246//4175 4247//4176 4223//4150 
f 4245//4174 4246//4175 4222//4149 
f 4244//4173 4245//4174 4221//4148 
f 4243//4172 4244//4173 4220//4147 
f 4242//4171 4243//4172 4219//4146 
f 4241//4170 4242//4171 4218//4145 
f 4240//4169 4241//4170 4217//4144 
f 4239//4168 4240//4169 4216//4143 
f 4238//4167 4239//4168 4215//4142 
f 4237//4166 4238//4167 4214//4141 
f 4236//4165 4237//4166 4213//4140 
f 4235//4164 4236//4165 4212//4139 
f 4234//4163 4235//4164 4211//4138 
f 4233//4162 4234//4163 4210//4137 
f 4232//4161 4233//4162 4209//4136 
f 4231//4160 4232//4161 4208//4135 
f 4230//4159 4231//4160 4207//4134 
f 4229//4158 4230//4159 4206//4133 
f 4228//4157 4229//4158 4205//4132 
f 34//4156 4228//4157 4204//4131 
f 4227//4155 354//4180 353//4154 
f 4226//4153 4227//4155 4203//4129 
f 4225//4152 4226//4153 4202//4127 
f 4224//4151 4225//4152 4201//4126 
f 4223//4150 4224//4151 4200//4125 
f 4222//4149 4223//4150 4199//4124 
f 4221//4148 4222//4149 4198//4123 
f 4220//4147 4221//4148 4197//4122 
f 4219//4146 4220//4147 4196//4121 
f 4218//4145 4219//4146 4195//4120 
f 4217//4144 4218//4145 4194//4119 
f 4216//4143 4217//4144 4193//4118 
f 4215//4142 4216//4143 4192//4117 
f 4214//4141 4215//4142 4191//4116 
f 4213//4140 4214//4141 4190//4115 
f 4212//4139 4213//4140 4189//4114 
f 4211//4138 4212//4139 4188//4113 
f 4210//4137 4211//4138 4187//4112 
f 4209//4136 4210//4137 4186//4111 
f 4208//4135 4209//4136 4185//4110 
f 4207//4134 4208//4135 4184//4109 
f 4206//4133 4207//4134 4183//4108 
f 4205//4132 4206//4133 4182//4107 
f 4204//4131 4205//4132 4181//4106 
f 33//4130 4204//4131 4180//4105 
f 4203//4129 353//4154 352//4128 
f 4202//4127 4203//4129 4179//4103 
f 4201//4126 4202//4127 4178//4101 
f 4200//4125 4201//4126 4177//4100 
f 4199//4124 4200//4125 4176//4099 
f 4198//4123 4199//4124 4175//4098 
f 4197//4122 4198//4123 4174//4097 
f 4196//4121 4197//4122 4173//4096 
f 4195//4120 4196//4121 4172//4095 
f 4194//4119 4195//4120 4171//4094 
f 4193//4118 4194//4119 4170//4093 
f 4192//4117 4193//4118 4169//4092 
f 4191//4116 4192//4117 4168//4091 
f 4190//4115 4191//4116 4167//4090 
f 4189//4114 4190//4115 4166//4089 
f 4188//4113 4189//4114 4165//4088 
f 4187//4112 4188//4113 4164//4087 
f 4186//4111 4187//4112 4163//4086 
f 4185//4110 4186//4111 4162//4085 
f 4184//4109 4185//4110 4161//4084 
f 4183//4108 4184//4109 4160//4083 
f 4182//4107 4183//4108 4159//4082 
f 4181//4106 4182//4107 4158//4081 
f 4180//4105 4181//4106 4157//4080 
f 26//4104 4180//4105 4156//4079 
f 4179//4103 352//4128 351//4102 
f 4178//4101 4179//4103 4155//4077 
f 4177//4100 4178//4101 4154//4075 
f 4176//4099 4177//4100 4153//4074 
f 4175//4098 4176//4099 4152//4073 
f 4174//4097 4175//4098 4151//4072 
f 4173//4096 4174//4097 4150//4071 
f 4172//4095 4173//4096 4149//4070 
f 4171//4094 4172//4095 4148//4069 
f 4170//4093 4171//4094 4147//4068 
f 4169//4092 4170//4093 4146//4067 
f 4168//4091 4169//4092 4145//4066 
f 4167//4090 4168//4091 4144//4065 
f 4166//4089 4167//4090 4143//4064 
f 4165//4088 4166//4089 4142//4063 
f 4164//4087 4165//4088 4141//4062 
f 4163//4086 4164//4087 4140//4061 
f 4162//4085 4163//4086 4139//4060 
f 4161//4084 4162//4085 4138//4059 
f 4160//4083 4161//4084 4137//4058 
f 4159//4082 4160//4083 4136//4057 
f 4158//4081 4159//4082 4135//4056 
f 4157//4080 4158//4081 4134//4055 
f 4156//4079 4157//4080 4133//4054 
f 22//4078 4156//4079 4132//4053 
f 4155//4077 351//4102 350//4076 
f 4154//4075 4155//4077 4131//4051 
f 4153//4074 4154//4075 4130//4049 
f 4152//4073 4153//4074 4129//4048 
f 4151//4072 4152//4073 4128//4047 
f 4150//4071 4151//4072 4127//4046 
f 4149//4070 4150//4071 4126//4045 
f 4148//4069 4149//4070 4125//4044 
f 4147//4068 4148//4069 4124//4043 
f 4146//4067 4147//4068 4123//4042 
f 4145//4066 4146//4067 4122//4041 
f 4144//4065 4145//4066 4121//4040 
f 4143//4064 4144//4065 4120//4039 
f 4142//4063 4143//4064 4119//4038 
f 4141//4062 4142//4063 4118//4037 
f 4140//4061 4141//4062 4117//4036 
f 4139//4060 4140//4061 4116//4035 
f 4138//4059 4139//4060 4115//4034 
f 4137//4058 4138//4059 4114//4033 
f 4136//4057 4137//4058 4113//4032 
f 4135//4056 4136//4057 4112//4031 
f 4134//4055 4135//4056 4111//4030 
f 4133//4054 4134//4055 4110//4029 
f 4132//4053 4133//4054 4109//4028 
f 23//4052 4132//4053 4108//4027 
f 4131//4051 350//4076 349//4050 
f 4130//4049 4131//4051 4107//4025 
f 4129//4048 4130//4049 4106//4023 
f 4128//4047 4129//4048 4105//4022 
f 4127//4046 4128//4047 4104//4021 
f 4126//4045 4127//4046 4103//4020 
f 4125//4044 4126//4045 4102//4019 
f 4124//4043 4125//4044 4101//4018 
f 4123//4042 4124//4043 4100//4017 
f 4122//4041 4123//4042 4099//4016 
f 4121//4040 4122//4041 4098//4015 
f 4120//4039 4121//4040 4097//4014 
f 4119//4038 4120//4039 4096//4013 
f 4118//4037 4119//4038 4095//4012 
f 4117//4036 4118//4037 4094//4011 
f 4116//4035 4117//4036 4093//4010 
f 4115//4034 4116//4035 4092//4009 
f 4114//4033 4115//4034 4091//4008 
f 4113//4032 4114//4033 4090//4007 
f 4112//4031 4113//4032 4089//4006 
f 4111//4030 4112//4031 4088//4005 
f 4110//4029 4111//4030 4087//4004 
f 4109//4028 4110//4029 4086//4003 
f 4108//4027 4109//4028 4085//4002 
f 30//4026 4108//4027 4084//4001 
f 4107//4025 349//4050 348//4024 
f 4106//4023 4107//4025 4083//3999 
f 4105//4022 4106//4023 4082//3997 
f 4104//4021 4105//4022 4081//3996 
f 4103//4020 4104//4021 4080//3995 
f 4102//4019 4103//4020 4079//3994 
f 4101//4018 4102//4019 4078//3993 
f 4100//4017 4101//4018 4077//3992 
f 4099//4016 4100//4017 4076//3991 
f 4098//4015 4099//4016 4075//3990 
f 4097//4014 4098//4015 4074//3989 
f 4096//4013 4097//4014 4073//3988 
f 4095//4012 4096//4013 4072//3987 
f 4094//4011 4095//4012 4071//3986 
f 4093//4010 4094//4011 4070//3985 
f 4092//4009 4093//4010 4069//3984 
f 4091//4008 4092//4009 4068//3983 
f 4090//4007 4091//4008 4067//3982 
f 4089//4006 4090//4007 4066//3981 
f 4088//4005 4089//4006 4065//3980 
f 4087//4004 4088//4005 4064//3979 
f 4086//4003 4087//4004 4063//3978 
f 4085//4002 4086//4003 4062//3977 
f 4084//4001 4085//4002 4061//3976 
f 60//4000 4084//4001 4060//3975 
f 4083//3999 348//4024 347//3998 
f 4082//3997 4083//3999 4059//3973 
f 4081//3996 4082//3997 4058//3971 
f 4080//3995 4081//3996 4057//3970 
f 4079//3994 4080//3995 4056//3969 
f 4078//3993 4079//3994 4055//3968 
f 4077//3992 4078//3993 4054//3967 
f 4076//3991 4077//3992 4053//3966 
f 4075//3990 4076//3991 4052//3965 
f 4074//3989 4075//3990 4051//3964 
f 4073//3988 4074//3989 4050//3963 
f 4072//3987 4073//3988 4049//3962 
f 4071//3986 4072//3987 4048//3961 
f 4070//3985 4071//3986 4047//3960 
f 4069//3984 4070//3985 4046//3959 
f 4068//3983 4069//3984 4045//3958 
f 4067//3982 4068//3983 4044//3957 
f 4066//3981 4067//3982 4043//3956 
f 4065//3980 4066//3981 4042//3955 
f 4064//3979 4065//3980 4041//3954 
f 4063//3978 4064//3979 4040//3953 
f 4062//3977 4063//3978 4039//3952 
f 4061//3976 4062//3977 4038//3951 
f 4060//3975 4061//3976 4037//3950 
f 80//3974 4060//3975 4036//3949 
f 4059//3973 347//3998 346//3972 
f 4058//3971 4059//3973 4035//3947 
f 4057//3970 4058//3971 4034//3945 
f 4056//3969 4057//3970 4033//3944 
f 4055//3968 4056//3969 4032//3943 
f 4054//3967 4055//3968 4031//3942 
f 4053//3966 4054//3967 4030//3941 
f 4052//3965 4053//3966 4029//3940 
f 4051//3964 4052//3965 4028//3939 
f 4050//3963 4051//3964 4027//3938 
f 4049//3962 4050//3963 4026//3937 
f 4048//3961 4049//3962 4025//3936 
f 4047//3960 4048//3961 4024//3935 
f 4046//3959 4047//3960 4023//3934 
f 4045//3958 4046//3959 4022//3933 
f 4044//3957 4045//3958 4021//3932 
f 4043//3956 4044//3957 4020//3931 
f 4042//3955 4043//3956 4019//3930 
f 4041//3954 4042//3955 4018//3929 
f 4040//3953 4041//3954 4017//3928 
f 4039//3952 4040//3953 4016//3927 
f 4038//3951 4039//3952 4015//3926 
f 4037//3950 4038//3951 4014//3925 
f 4036//3949 4037//3950 4013//3924 
f 94//3948 4036//3949 4012//3923 
f 4035//3947 346//3972 345//3946 
f 4034//3945 4035//3947 4011//3921 
f 4033//3944 4034//3945 4010//3919 
f 4032//3943 4033//3944 4009//3918 
f 4031//3942 4032//3943 4008//3917 
f 4030//3941 4031//3942 4007//3916 
f 4029//3940 4030//3941 4006//3915 
f 4028//3939 4029//3940 4005//3914 
f 4027//3938 4028//3939 4004//3913 
f 4026//3937 4027//3938 4003//3912 
f 4025//3936 4026//3937 4002//3911 
f 4024//3935 4025//3936 4001//3910 
f 4023//3934 4024//3935 4000//3909 
f 4022//3933 4023//3934 3999//3908 
f 4021//3932 4022//3933 3998//3907 
f 4020//3931 4021//3932 3997//3906 
f 4019//3930 4020//3931 3996//3905 
f 4018//3929 4019//3930 3995//3904 
f 4017//3928 4018//3929 3994//3903 
f 4016//3927 4017//3928 3993//3902 
f 4015//3926 4016//3927 3992//3901 
f 4014//3925 4015//3926 3991//3900 
f 4013//3924 4014//3925 3990//3899 
f 4012//3923 4013//3924 3989//3898 
f 106//3922 4012//3923 3988//3897 
f 4011//3921 345//3946 344//3920 
f 4010//3919 4011//3921 3987//3895 
f 4009//3918 4010//3919 3986//3893 
f 4008//3917 4009//3918 3985//3892 
f 4007//3916 4008//3917 3984//3891 
f 4006//3915 4007//3916 3983//3890 
f 4005//3914 4006//3915 3982//3889 
f 4004//3913 4005//3914 3981//3888 
f 4003//3912 4004//3913 3980//3887 
f 4002//3911 4003//3912 3979//3886 
f 4001//3910 4002//3911 3978//3885 
f 4000//3909 4001//3910 3977//3884 
f 3999//3908 4000//3909 3976//3883 
f 3998//3907 3999//3908 3975//3882 
f 3997//3906 3998//3907 3974//3881 
f 3996//3905 3997//3906 3973//3880 
f 3995//3904 3996//3905 3972//3879 
f 3994//3903 3995//3904 3971//3878 
f 3993//3902 3994//3903 3970//3877 
f 3992//3901 3993//3902 3969//3876 
f 3991//3900 3992//3901 3968//3875 
f 3990//3899 3991//3900 3967//3874 
f 3989//3898 3990//3899 3966//3873 
f 3988//3897 3989//3898 3965//3872 
f 113//3896 3988//3897 3964//3871 
f 3987//3895 344//3920 343//3894 
f 3986//3893 3987//3895 3963//3869 
f 3985//3892 3986//3893 3962//3867 
f 3984//3891 3985//3892 3961//3866 
f 3983//3890 3984//3891 3960//3865 
f 3982//3889 3983//3890 3959//3864 
f 3981//3888 3982//3889 3958//3863 
f 3980//3887 3981//3888 3957//3862 
f 3979//3886 3980//3887 3956//3861 
f 3978//3885 3979//3886 3955//3860 
f 3977//3884 3978//3885 3954//3859 
f 3976//3883 3977//3884 3953//3858 
f 3975//3882 3976//3883 3952//3857 
f 3974//3881 3975//3882 3951//3856 
f 3973//3880 3974//3881 3950//3855 
f 3972//3879 3973//3880 3949//3854 
f 3971//3878 3972//3879 3948//3853 
f 3970//3877 3971//3878 3947//3852 
f 3969//3876 3970//3877 3946//3851 
f 3968//3875 3969//3876 3945//3850 
f 3967//3874 3968//3875 3944//3849 
f 3966//3873 3967//3874 3943//3848 
f 3965//3872 3966//3873 3942//3847 
f 3964//3871 3965//3872 3941//3846 
f 61//3870 3964//3871 3940//3845 
f 3963//3869 343//3894 342//3868 
f 3962//3867 3963//3869 3939//3843 
f 3961//3866 3962//3867 3938//3841 
f 3960//3865 3961//3866 3937//3840 
f 3959//3864 3960//3865 3936//3839 
f 3958//3863 3959//3864 3935//3838 
f 3957//3862 3958//3863 3934//3837 
f 3956//3861 3957//3862 3933//3836 
f 3955//3860 3956//3861 3932//3835 
f 3954//3859 3955//3860 3931//3834 
f 3953//3858 3954//3859 3930//3833 
f 3952//3857 3953//3858 3929//3832 
f 3951//3856 3952//3857 3928//3831 
f 3950//3855 3951//3856 3927//3830 
f 3949//3854 3950//3855 3926//3829 
f 3948//3853 3949//3854 3925//3828 
f 3947//3852 3948//3853 3924//3827 
f 3946//3851 3947//3852 3923//3826 
f 3945//3850 3946//3851 3922//3825 
f 3944//3849 3945//3850 3921//3824 
f 3943//3848 3944//3849 3920//3823 
f 3942//3847 3943//3848 3919//3822 
f 3941//3846 3942//3847 3918//3821 
f 3940//3845 3941//3846 3917//3820 
f 78//3844 3940//3845 3916//3819 
f 3939//3843 342//3868 341//3842 
f 3938//3841 3939//3843 3915//3817 
f 3937//3840 3938//3841 3914//3815 
f 3936//3839 3937//3840 3913//3814 
f 3935//3838 3936//3839 3912//3813 
f 3934//3837 3935//3838 3911//3812 
f 3933//3836 3934//3837 3910//3811 
f 3932//3835 3933//3836 3909//3810 
f 3931//3834 3932//3835 3908//3809 
f 3930//3833 3931//3834 3907//3808 
f 3929//3832 3930//3833 3906//3807 
f 3928//3831 3929//3832 3905//3806 
f 3927//3830 3928//3831 3904//3805 
f 3926//3829 3927//3830 3903//3804 
f 3925//3828 3926//3829 3902//3803 
f 3924//3827 3925//3828 3901//3802 
f 3923//3826 3924//3827 3900//3801 
f 3922//3825 3923//3826 3899//3800 
f 3921//3824 3922//3825 3898//3799 
f 3920//3823 3921//3824 3897//3798 
f 3919//3822 3920//3823 3896//3797 
f 3918//3821 3919//3822 3895//3796 
f 3917//3820 3918//3821 3894//3795 
f 3916//3819 3917//3820 3893//3794 
f 79//3818 3916//3819 3892//3793 
f 3915//3817 341//3842 340//3816 
f 3914//3815 3915//3817 3891//3791 
f 3913//3814 3914//3815 3890//3789 
f 3912//3813 3913//3814 3889//3788 
f 3911//3812 3912//3813 3888//3787 
f 3910//3811 3911//3812 3887//3786 
f 3909//3810 3910//3811 3886//3785 
f 3908//3809 3909//3810 3885//3784 
f 3907//3808 3908//3809 3884//3783 
f 3906//3807 3907//3808 3883//3782 
f 3905//3806 3906//3807 3882//3781 
f 3904//3805 3905//3806 3881//3780 
f 3903//3804 3904//3805 3880//3779 
f 3902//3803 3903//3804 3879//3778 
f 3901//3802 3902//3803 3878//3777 
f 3900//3801 3901//3802 3877//3776 
f 3899//3800 3900//3801 3876//3775 
f 3898//3799 3899//3800 3875//3774 
f 3897//3798 3898//3799 3874//3773 
f 3896//3797 3897//3798 3873//3772 
f 3895//3796 3896//3797 3872//3771 
f 3894//3795 3895//3796 3871//3770 
f 3893//3794 3894//3795 3870//3769 
f 3892//3793 3893//3794 3869//3768 
f 93//3792 3892//3793 3868//3767 
f 3891//3791 340//3816 339//3790 
f 3890//3789 3891//3791 3867//3765 
f 3889//3788 3890//3789 3866//3763 
f 3888//3787 3889//3788 3865//3762 
f 3887//3786 3888//3787 3864//3761 
f 3886//3785 3887//3786 3863//3760 
f 3885//3784 3886//3785 3862//3759 
f 3884//3783 3885//3784 3861//3758 
f 3883//3782 3884//3783 3860//3757 
f 3882//3781 3883//3782 3859//3756 
f 3881//3780 3882//3781 3858//3755 
f 3880//3779 3881//3780 3857//3754 
f 3879//3778 3880//3779 3856//3753 
f 3878//3777 3879//3778 3855//3752 
f 3877//3776 3878//3777 3854//3751 
f 3876//3775 3877//3776 3853//3750 
f 3875//3774 3876//3775 3852//3749 
f 3874//3773 3875//3774 3851//3748 
f 3873//3772 3874//3773 3850//3747 
f 3872//3771 3873//3772 3849//3746 
f 3871//3770 3872//3771 3848//3745 
f 3870//3769 3871//3770 3847//3744 
f 3869//3768 3870//3769 3846//3743 
f 3868//3767 3869//3768 3845//3742 
f 105//3766 3868//3767 3844//3741 
f 3867//3765 339//3790 338//3764 
f 3866//3763 3867//3765 3843//3739 
f 3865//3762 3866//3763 3842//3737 
f 3864//3761 3865//3762 3841//3736 
f 3863//3760 3864//3761 3840//3735 
f 3862//3759 3863//3760 3839//3734 
f 3861//3758 3862//3759 3838//3733 
f 3860//3757 3861//3758 3837//3732 
f 3859//3756 3860//3757 3836//3731 
f 3858//3755 3859//3756 3835//3730 
f 3857//3754 3858//3755 3834//3729 
f 3856//3753 3857//3754 3833//3728 
f 3855//3752 3856//3753 3832//3727 
f 3854//3751 3855//3752 3831//3726 
f 3853//3750 3854//3751 3830//3725 
f 3852//3749 3853//3750 3829//3724 
f 3851//3748 3852//3749 3828//3723 
f 3850//3747 3851//3748 3827//3722 
f 3849//3746 3850//3747 3826//3721 
f 3848//3745 3849//3746 3825//3720 
f 3847//3744 3848//3745 3824//3719 
f 3846//3743 3847//3744 3823//3718 
f 3845//3742 3846//3743 3822//3717 
f 3844//3741 3845//3742 3821//3716 
f 104//3740 3844//3741 3820//3715 
f 3843//3739 338//3764 337//3738 
f 3842//3737 3843//3739 3819//3713 
f 3841//3736 3842//3737 3818//3711 
f 3840//3735 3841//3736 3817//3710 
f 3839//3734 3840//3735 3816//3709 
f 3838//3733 3839//3734 3815//3708 
f 3837//3732 3838//3733 3814//3707 
f 3836//3731 3837//3732 3813//3706 
f 3835//3730 3836//3731 3812//3705 
f 3834//3729 3835//3730 3811//3704 
f 3833//3728 3834//3729 3810//3703 
f 3832//3727 3833//3728 3809//3702 
f 3831//3726 3832//3727 3808//3701 
f 3830//3725 3831//3726 3807//3700 
f 3829//3724 3830//3725 3806//3699 
f 3828//3723 3829//3724 3805//3698 
f 3827//3722 3828//3723 3804//3697 
f 3826//3721 3827//3722 3803//3696 
f 3825//3720 3826//3721 3802//3695 
f 3824//3719 3825//3720 3801//3694 
f 3823//3718 3824//3719 3800//3693 
f 3822//3717 3823//3718 3799//3692 
f 3821//3716 3822//3717 3798//3691 
f 3820//3715 3821//3716 3797//3690 
f 45//3714 3820//3715 3796//3689 
f 3819//3713 337//3738 336//3712 
f 3818//3711 3819//3713 3795//3687 
f 3817//3710 3818//3711 3794//3685 
f 3816//3709 3817//3710 3793//3684 
f 3815//3708 3816//3709 3792//3683 
f 3814//3707 3815//3708 3791//3682 
f 3813//3706 3814//3707 3790//3681 
f 3812//3705 3813//3706 3789//3680 
f 3811//3704 3812//3705 3788//3679 
f 3810//3703 3811//3704 3787//3678 
f 3809//3702 3810//3703 3786//3677 
f 3808//3701 3809//3702 3785//3676 
f 3807//3700 3808//3701 3784//3675 
f 3806//3699 3807//3700 3783//3674 
f 3805//3698 3806//3699 3782//3673 
f 3804//3697 3805//3698 3781//3672 
f 3803//3696 3804//3697 3780//3671 
f 3802//3695 3803//3696 3779//3670 
f 3801//3694 3802//3695 3778//3669 
f 3800//3693 3801//3694 3777//3668 
f 3799//3692 3800//3693 3776//3667 
f 3798//3691 3799//3692 3775//3666 
f 3797//3690 3798//3691 3774//3665 
f 3796//3689 3797//3690 3773//3664 
f 46//3688 3796//3689 3772//3663 
f 3795//3687 336//3712 335//3686 
f 3794//3685 3795//3687 3771//3661 
f 3793//3684 3794//3685 3770//3659 
f 3792//3683 3793//3684 3769//3658 
f 3791//3682 3792//3683 3768//3657 
f 3790//3681 3791//3682 3767//3656 
f 3789//3680 3790//3681 3766//3655 
f 3788//3679 3789//3680 3765//3654 
f 3787//3678 3788//3679 3764//3653 
f 3786//3677 3787//3678 3763//3652 
f 3785//3676 3786//3677 3762//3651 
f 3784//3675 3785//3676 3761//3650 
f 3783//3674 3784//3675 3760//3649 
f 3782//3673 3783//3674 3759//3648 
f 3781//3672 3782//3673 3758//3647 
f 3780//3671 3781//3672 3757//3646 
f 3779//3670 3780//3671 3756//3645 
f 3778//3669 3779//3670 3755//3644 
f 3777//3668 3778//3669 3754//3643 
f 3776//3667 3777//3668 3753//3642 
f 3775//3666 3776//3667 3752//3641 
f 3774//3665 3775//3666 3751//3640 
f 3773//3664 3774//3665 3750//3639 
f 3772//3663 3773//3664 3749//3638 
f 59//3662 3772//3663 3748//3637 
f 3771//3661 335//3686 334//3660 
f 3770//3659 3771//3661 3747//3635 
f 3769//3658 3770//3659 3746//3634 
f 3768//3657 3769//3658 3744//3632 
f 3767//3656 3768//3657 3743//3631 
f 3766//3655 3767//3656 3742//3630 
f 3765//3654 3766//3655 3741//3629 
f 3764//3653 3765//3654 3740//3628 
f 3763//3652 3764//3653 3739//3627 
f 3762//3651 3763//3652 3738//3626 
f 3761//3650 3762//3651 3737//3625 
f 3760//3649 3761//3650 3736//3624 
f 3759//3648 3760//3649 3735//3623 
f 3758//3647 3759//3648 3734//3622 
f 3757//3646 3758//3647 3733//3621 
f 3756//3645 3757//3646 3732//3620 
f 3755//3644 3756//3645 3731//3619 
f 3754//3643 3755//3644 3730//3618 
f 3753//3642 3754//3643 3729//3617 
f 3752//3641 3753//3642 3728//3616 
f 3751//3640 3752//3641 3727//3615 
f 3750//3639 3751//3640 3726//3614 
f 3749//3638 3750//3639 3725//3613 
f 3748//3637 3749//3638 3724//3612 
f 77//3636 3748//3637 3723//3611 
f 3747//3635 334//3660 333//3609 
f 3746//3634 3747//3635 3745//3633 
f 3744//3632 3746//3634 3722//3608 
f 3743//3631 3744//3632 3720//3606 
f 3742//3630 3743//3631 3719//3605 
f 3741//3629 3742//3630 3718//3604 
f 3740//3628 3741//3629 3717//3603 
f 3739//3627 3740//3628 3716//3602 
f 3738//3626 3739//3627 3715//3601 
f 3737//3625 3738//3626 3714//3600 
f 3736//3624 3737//3625 3713//3599 
f 3735//3623 3736//3624 3712//3598 
f 3734//3622 3735//3623 3711//3597 
f 3733//3621 3734//3622 3710//3596 
f 3732//3620 3733//3621 3709//3595 
f 3731//3619 3732//3620 3708//3594 
f 3730//3618 3731//3619 3707//3593 
f 3729//3617 3730//3618 3706//3592 
f 3728//3616 3729//3617 3705//3591 
f 3727//3615 3728//3616 3704//3590 
f 3726//3614 3727//3615 3703//3589 
f 3725//3613 3726//3614 3702//3588 
f 3724//3612 3725//3613 3701//3587 
f 3723//3611 3724//3612 3700//3586 
f 76//3610 3723//3611 3699//3584 
f 3721//3607 3745//3633 333//3609 
f 3722//3608 3745//3633 3721//3607 
f 3720//3606 3722//3608 3698//3582 
f 3719//3605 3720//3606 3696//3580 
f 3718//3604 3719//3605 3695//3579 
f 3717//3603 3718//3604 3694//3578 
f 3716//3602 3717//3603 3693//3577 
f 3715//3601 3716//3602 3692//3576 
f 3714//3600 3715//3601 3691//3575 
f 3713//3599 3714//3600 3690//3574 
f 3712//3598 3713//3599 3689//3573 
f 3711//3597 3712//3598 3688//3572 
f 3710//3596 3711//3597 3687//3571 
f 3709//3595 3710//3596 3686//3570 
f 3708//3594 3709//3595 3685//3569 
f 3707//3593 3708//3594 3684//3568 
f 3706//3592 3707//3593 3683//3567 
f 3705//3591 3706//3592 3682//3566 
f 3704//3590 3705//3591 3681//3565 
f 3703//3589 3704//3590 3680//3564 
f 3702//3588 3703//3589 3679//3563 
f 3701//3587 3702//3588 3678//3562 
f 3700//3586 3701//3587 3677//3561 
f 3699//3584 3700//3586 3676//3560 
f 44//3585 58//3610 3699//3584 
f 3697//3581 3721//3607 332//3583 
f 3698//3582 3721//3607 3697//3581 
f 3696//3580 3698//3582 3674//3556 
f 3695//3579 3696//3580 3672//3554 
f 3694//3578 3695//3579 3671//3553 
f 3693//3577 3694//3578 3670//3552 
f 3692//3576 3693//3577 3669//3551 
f 3691//3575 3692//3576 3668//3550 
f 3690//3574 3691//3575 3667//3549 
f 3689//3573 3690//3574 3666//3548 
f 3688//3572 3689//3573 3665//3547 
f 3687//3571 3688//3572 3664//3546 
f 3686//3570 3687//3571 3663//3545 
f 3685//3569 3686//3570 3662//3544 
f 3684//3568 3685//3569 3661//3543 
f 3683//3567 3684//3568 3660//3542 
f 3682//3566 3683//3567 3659//3541 
f 3681//3565 3682//3566 3658//3540 
f 3680//3564 3681//3565 3657//3539 
f 3679//3563 3680//3564 3656//3538 
f 3678//3562 3679//3563 3655//3537 
f 3677//3561 3678//3562 3654//3536 
f 3676//3560 3677//3561 3653//3535 
f 3675//3558 3676//3560 3652//3534 
f 32//3559 44//3585 3675//3558 
f 3673//3555 3697//3581 331//3557 
f 3674//3556 3697//3581 3673//3555 
f 3672//3554 3674//3556 3650//3530 
f 3671//3553 3672//3554 3648//3528 
f 3670//3552 3671//3553 3647//3527 
f 3669//3551 3670//3552 3646//3526 
f 3668//3550 3669//3551 3645//3525 
f 3667//3549 3668//3550 3644//3524 
f 3666//3548 3667//3549 3643//3523 
f 3665//3547 3666//3548 3642//3522 
f 3664//3546 3665//3547 3641//3521 
f 3663//3545 3664//3546 3640//3520 
f 3662//3544 3663//3545 3639//3519 
f 3661//3543 3662//3544 3638//3518 
f 3660//3542 3661//3543 3637//3517 
f 3659//3541 3660//3542 3636//3516 
f 3658//3540 3659//3541 3635//3515 
f 3657//3539 3658//3540 3634//3514 
f 3656//3538 3657//3539 3633//3513 
f 3655//3537 3656//3538 3632//3512 
f 3654//3536 3655//3537 3631//3511 
f 3653//3535 3654//3536 3630//3510 
f 3652//3534 3653//3535 3629//3509 
f 3651//3532 3652//3534 3628//3508 
f 28//3533 32//3559 3651//3532 
f 3649//3529 3673//3555 330//3531 
f 3650//3530 3673//3555 3649//3529 
f 3648//3528 3650//3530 3626//3504 
f 3647//3527 3648//3528 3624//3502 
f 3646//3526 3647//3527 3623//3501 
f 3645//3525 3646//3526 3622//3500 
f 3644//3524 3645//3525 3621//3499 
f 3643//3523 3644//3524 3620//3498 
f 3642//3522 3643//3523 3619//3497 
f 3641//3521 3642//3522 3618//3496 
f 3640//3520 3641//3521 3617//3495 
f 3639//3519 3640//3520 3616//3494 
f 3638//3518 3639//3519 3615//3493 
f 3637//3517 3638//3518 3614//3492 
f 3636//3516 3637//3517 3613//3491 
f 3635//3515 3636//3516 3612//3490 
f 3634//3514 3635//3515 3611//3489 
f 3633//3513 3634//3514 3610//3488 
f 3632//3512 3633//3513 3609//3487 
f 3631//3511 3632//3512 3608//3486 
f 3630//3510 3631//3511 3607//3485 
f 3629//3509 3630//3510 3606//3484 
f 3628//3508 3629//3509 3605//3483 
f 3627//3506 3628//3508 3604//3482 
f 29//3507 28//3533 3627//3506 
f 3625//3503 3649//3529 329//3505 
f 3626//3504 3649//3529 3625//3503 
f 3624//3502 3626//3504 3602//3478 
f 3623//3501 3624//3502 3600//3476 
f 3622//3500 3623//3501 3599//3475 
f 3621//3499 3622//3500 3598//3474 
f 3620//3498 3621//3499 3597//3473 
f 3619//3497 3620//3498 3596//3472 
f 3618//3496 3619//3497 3595//3471 
f 3617//3495 3618//3496 3594//3470 
f 3616//3494 3617//3495 3593//3469 
f 3615//3493 3616//3494 3592//3468 
f 3614//3492 3615//3493 3591//3467 
f 3613//3491 3614//3492 3590//3466 
f 3612//3490 3613//3491 3589//3465 
f 3611//3489 3612//3490 3588//3464 
f 3610//3488 3611//3489 3587//3463 
f 3609//3487 3610//3488 3586//3462 
f 3608//3486 3609//3487 3585//3461 
f 3607//3485 3608//3486 3584//3460 
f 3606//3484 3607//3485 3583//3459 
f 3605//3483 3606//3484 3582//3458 
f 3604//3482 3605//3483 3581//3457 
f 3603//3480 3604//3482 3580//3456 
f 35//3481 29//3507 3603//3480 
f 3601//3477 3625//3503 328//3479 
f 3602//3478 3625//3503 3601//3477 
f 3600//3476 3602//3478 3578//3452 
f 3599//3475 3600//3476 3576//3450 
f 3598//3474 3599//3475 3575//3449 
f 3597//3473 3598//3474 3574//3448 
f 3596//3472 3597//3473 3573//3447 
f 3595//3471 3596//3472 3572//3446 
f 3594//3470 3595//3471 3571//3445 
f 3593//3469 3594//3470 3570//3444 
f 3592//3468 3593//3469 3569//3443 
f 3591//3467 3592//3468 3568//3442 
f 3590//3466 3591//3467 3567//3441 
f 3589//3465 3590//3466 3566//3440 
f 3588//3464 3589//3465 3565//3439 
f 3587//3463 3588//3464 3564//3438 
f 3586//3462 3587//3463 3563//3437 
f 3585//3461 3586//3462 3562//3436 
f 3584//3460 3585//3461 3561//3435 
f 3583//3459 3584//3460 3560//3434 
f 3582//3458 3583//3459 3559//3433 
f 3581//3457 3582//3458 3558//3432 
f 3580//3456 3581//3457 3557//3431 
f 3579//3454 3580//3456 3556//3430 
f 140//3455 35//3481 3579//3454 
f 3577//3451 3601//3477 327//3453 
f 3578//3452 3601//3477 3577//3451 
f 3576//3450 3578//3452 3554//3426 
f 3575//3449 3576//3450 3552//3424 
f 3574//3448 3575//3449 3551//3423 
f 3573//3447 3574//3448 3550//3422 
f 3572//3446 3573//3447 3549//3421 
f 3571//3445 3572//3446 3548//3420 
f 3570//3444 3571//3445 3547//3419 
f 3569//3443 3570//3444 3546//3418 
f 3568//3442 3569//3443 3545//3417 
f 3567//3441 3568//3442 3544//3416 
f 3566//3440 3567//3441 3543//3415 
f 3565//3439 3566//3440 3542//3414 
f 3564//3438 3565//3439 3541//3413 
f 3563//3437 3564//3438 3540//3412 
f 3562//3436 3563//3437 3539//3411 
f 3561//3435 3562//3436 3538//3410 
f 3560//3434 3561//3435 3537//3409 
f 3559//3433 3560//3434 3536//3408 
f 3558//3432 3559//3433 3535//3407 
f 3557//3431 3558//3432 3534//3406 
f 3556//3430 3557//3431 3533//3405 
f 3555//3428 3556//3430 3532//3404 
f 147//3429 140//3455 3555//3428 
f 3553//3425 3577//3451 326//3427 
f 3554//3426 3577//3451 3553//3425 
f 3552//3424 3554//3426 3530//3400 
f 3551//3423 3552//3424 3528//3398 
f 3550//3422 3551//3423 3527//3397 
f 3549//3421 3550//3422 3526//3396 
f 3548//3420 3549//3421 3525//3395 
f 3547//3419 3548//3420 3524//3394 
f 3546//3418 3547//3419 3523//3393 
f 3545//3417 3546//3418 3522//3392 
f 3544//3416 3545//3417 3521//3391 
f 3543//3415 3544//3416 3520//3390 
f 3542//3414 3543//3415 3519//3389 
f 3541//3413 3542//3414 3518//3388 
f 3540//3412 3541//3413 3517//3387 
f 3539//3411 3540//3412 3516//3386 
f 3538//3410 3539//3411 3515//3385 
f 3537//3409 3538//3410 3514//3384 
f 3536//3408 3537//3409 3513//3383 
f 3535//3407 3536//3408 3512//3382 
f 3534//3406 3535//3407 3511//3381 
f 3533//3405 3534//3406 3510//3380 
f 3532//3404 3533//3405 3509//3379 
f 3531//3402 3532//3404 3508//3378 
f 150//3403 147//3429 3531//3402 
f 3529//3399 3553//3425 325//3401 
f 3530//3400 3553//3425 3529//3399 
f 3528//3398 3530//3400 3506//3374 
f 3527//3397 3528//3398 3504//3372 
f 3526//3396 3527//3397 3503//3371 
f 3525//3395 3526//3396 3502//3370 
f 3524//3394 3525//3395 3501//3369 
f 3523//3393 3524//3394 3500//3368 
f 3522//3392 3523//3393 3499//3367 
f 3521//3391 3522//3392 3498//3366 
f 3520//3390 3521//3391 3497//3365 
f 3519//3389 3520//3390 3496//3364 
f 3518//3388 3519//3389 3495//3363 
f 3517//3387 3518//3388 3494//3362 
f 3516//3386 3517//3387 3493//3361 
f 3515//3385 3516//3386 3492//3360 
f 3514//3384 3515//3385 3491//3359 
f 3513//3383 3514//3384 3490//3358 
f 3512//3382 3513//3383 3489//3357 
f 3511//3381 3512//3382 3488//3356 
f 3510//3380 3511//3381 3487//3355 
f 3509//3379 3510//3380 3486//3354 
f 3508//3378 3509//3379 3485//3353 
f 3507//3376 3508//3378 3484//3352 
f 154//3377 150//3403 3507//3376 
f 3505//3373 3529//3399 324//3375 
f 3506//3374 3529//3399 3505//3373 
f 3504//3372 3506//3374 3482//3348 
f 3503//3371 3504//3372 3480//3346 
f 3502//3370 3503//3371 3479//3345 
f 3501//3369 3502//3370 3478//3344 
f 3500//3368 3501//3369 3477//3343 
f 3499//3367 3500//3368 3476//3342 
f 3498//3366 3499//3367 3475//3341 
f 3497//3365 3498//3366 3474//3340 
f 3496//3364 3497//3365 3473//3339 
f 3495//3363 3496//3364 3472//3338 
f 3494//3362 3495//3363 3471//3337 
f 3493//3361 3494//3362 3470//3336 
f 3492//3360 3493//3361 3469//3335 
f 3491//3359 3492//3360 3468//3334 
f 3490//3358 3491//3359 3467//3333 
f 3489//3357 3490//3358 3466//3332 
f 3488//3356 3489//3357 3465//3331 
f 3487//3355 3488//3356 3464//3330 
f 3486//3354 3487//3355 3463//3329 
f 3485//3353 3486//3354 3462//3328 
f 3484//3352 3485//3353 3461//3327 
f 3483//3350 3484//3352 3460//3326 
f 152//3351 154//3377 3483//3350 
f 3481//3347 3505//3373 323//3349 
f 3482//3348 3505//3373 3481//3347 
f 3480//3346 3482//3348 3458//3322 
f 3479//3345 3480//3346 3456//3320 
f 3478//3344 3479//3345 3455//3319 
f 3477//3343 3478//3344 3454//3318 
f 3476//3342 3477//3343 3453//3317 
f 3475//3341 3476//3342 3452//3316 
f 3474//3340 3475//3341 3451//3315 
f 3473//3339 3474//3340 3450//3314 
f 3472//3338 3473//3339 3449//3313 
f 3471//3337 3472//3338 3448//3312 
f 3470//3336 3471//3337 3447//3311 
f 3469//3335 3470//3336 3446//3310 
f 3468//3334 3469//3335 3445//3309 
f 3467//3333 3468//3334 3444//3308 
f 3466//3332 3467//3333 3443//3307 
f 3465//3331 3466//3332 3442//3306 
f 3464//3330 3465//3331 3441//3305 
f 3463//3329 3464//3330 3440//3304 
f 3462//3328 3463//3329 3439//3303 
f 3461//3327 3462//3328 3438//3302 
f 3460//3326 3461//3327 3437//3301 
f 3459//3324 3460//3326 3436//3300 
f 155//3325 152//3351 3459//3324 
f 3457//3321 3481//3347 322//3323 
f 3458//3322 3481//3347 3457//3321 
f 3456//3320 3458//3322 3434//3296 
f 3455//3319 3456//3320 3432//3294 
f 3454//3318 3455//3319 3431//3293 
f 3453//3317 3454//3318 3430//3292 
f 3452//3316 3453//3317 3429//3291 
f 3451//3315 3452//3316 3428//3290 
f 3450//3314 3451//3315 3427//3289 
f 3449//3313 3450//3314 3426//3288 
f 3448//3312 3449//3313 3425//3287 
f 3447//3311 3448//3312 3424//3286 
f 3446//3310 3447//3311 3423//3285 
f 3445//3309 3446//3310 3422//3284 
f 3444//3308 3445//3309 3421//3283 
f 3443//3307 3444//3308 3420//3282 
f 3442//3306 3443//3307 3419//3281 
f 3441//3305 3442//3306 3418//3280 
f 3440//3304 3441//3305 3417//3279 
f 3439//3303 3440//3304 3416//3278 
f 3438//3302 3439//3303 3415//3277 
f 3437//3301 3438//3302 3414//3276 
f 3436//3300 3437//3301 3413//3275 
f 3435//3298 3436//3300 3412//3274 
f 156//3299 155//3325 3435//3298 
f 3433//3295 3457//3321 321//3297 
f 3434//3296 3457//3321 3433//3295 
f 3432//3294 3434//3296 3410//3270 
f 3431//3293 3432//3294 3408//3268 
f 3430//3292 3431//3293 3407//3267 
f 3429//3291 3430//3292 3406//3266 
f 3428//3290 3429//3291 3405//3265 
f 3427//3289 3428//3290 3404//3264 
f 3426//3288 3427//3289 3403//3263 
f 3425//3287 3426//3288 3402//3262 
f 3424//3286 3425//3287 3401//3261 
f 3423//3285 3424//3286 3400//3260 
f 3422//3284 3423//3285 3399//3259 
f 3421//3283 3422//3284 3398//3258 
f 3420//3282 3421//3283 3397//3257 
f 3419//3281 3420//3282 3396//3256 
f 3418//3280 3419//3281 3395//3255 
f 3417//3279 3418//3280 3394//3254 
f 3416//3278 3417//3279 3393//3253 
f 3415//3277 3416//3278 3392//3252 
f 3414//3276 3415//3277 3391//3251 
f 3413//3275 3414//3276 3390//3250 
f 3412//3274 3413//3275 3389//3249 
f 3411//3272 3412//3274 3388//3248 
f 160//3273 156//3299 3411//3272 
f 3409//3269 3433//3295 320//3271 
f 3410//3270 3433//3295 3409//3269 
f 3408//3268 3410//3270 3386//3244 
f 3407//3267 3408//3268 3384//3242 
f 3406//3266 3407//3267 3383//3241 
f 3405//3265 3406//3266 3382//3240 
f 3404//3264 3405//3265 3381//3239 
f 3403//3263 3404//3264 3380//3238 
f 3402//3262 3403//3263 3379//3237 
f 3401//3261 3402//3262 3378//3236 
f 3400//3260 3401//3261 3377//3235 
f 3399//3259 3400//3260 3376//3234 
f 3398//3258 3399//3259 3375//3233 
f 3397//3257 3398//3258 3374//3232 
f 3396//3256 3397//3257 3373//3231 
f 3395//3255 3396//3256 3372//3230 
f 3394//3254 3395//3255 3371//3229 
f 3393//3253 3394//3254 3370//3228 
f 3392//3252 3393//3253 3369//3227 
f 3391//3251 3392//3252 3368//3226 
f 3390//3250 3391//3251 3367//3225 
f 3389//3249 3390//3250 3366//3224 
f 3388//3248 3389//3249 3365//3223 
f 3387//3246 3388//3248 3364//3222 
f 158//3247 160//3273 3387//3246 
f 3385//3243 3409//3269 319//3245 
f 3386//3244 3409//3269 3385//3243 
f 3384//3242 3386//3244 3362//3218 
f 3383//3241 3384//3242 3360//3216 
f 3382//3240 3383//3241 3359//3215 
f 3381//3239 3382//3240 3358//3214 
f 3380//3238 3381//3239 3357//3213 
f 3379//3237 3380//3238 3356//3212 
f 3378//3236 3379//3237 3355//3211 
f 3377//3235 3378//3236 3354//3210 
f 3376//3234 3377//3235 3353//3209 
f 3375//3233 3376//3234 3352//3208 
f 3374//3232 3375//3233 3351//3207 
f 3373//3231 3374//3232 3350//3206 
f 3372//3230 3373//3231 3349//3205 
f 3371//3229 3372//3230 3348//3204 
f 3370//3228 3371//3229 3347//3203 
f 3369//3227 3370//3228 3346//3202 
f 3368//3226 3369//3227 3345//3201 
f 3367//3225 3368//3226 3344//3200 
f 3366//3224 3367//3225 3343//3199 
f 3365//3223 3366//3224 3342//3198 
f 3364//3222 3365//3223 3341//3197 
f 3363//3220 3364//3222 3340//3196 
f 159//3221 158//3247 3363//3220 
f 3361//3217 3385//3243 318//3219 
f 3362//3218 3385//3243 3361//3217 
f 3360//3216 3362//3218 3338//3191 
f 3359//3215 3360//3216 3337//3190 
f 3358//3214 3359//3215 3336//3189 
f 3357//3213 3358//3214 3335//3188 
f 3356//3212 3357//3213 3334//3187 
f 3355//3211 3356//3212 3333//3186 
f 3354//3210 3355//3211 3332//3185 
f 3353//3209 3354//3210 3331//3184 
f 3352//3208 3353//3209 3330//3183 
f 3351//3207 3352//3208 3329//3182 
f 3350//3206 3351//3207 3328//3181 
f 3349//3205 3350//3206 3327//3180 
f 3348//3204 3349//3205 3326//3179 
f 3347//3203 3348//3204 3325//3178 
f 3346//3202 3347//3203 3324//3177 
f 3345//3201 3346//3202 3323//3176 
f 3344//3200 3345//3201 3322//3175 
f 3343//3199 3344//3200 3321//3174 
f 3342//3198 3343//3199 3320//3173 
f 3341//3197 3342//3198 3319//3172 
f 3340//3196 3341//3197 3318//3171 
f 3339//3194 3340//3196 3317//3170 
f 166//3195 159//3221 3339//3194 
f 3315//3168 3361//3217 316//3192 
f 3338//3191 3361//3217 3315//3168 
f 3337//3190 3338//3191 3314//3166 
f 3336//3189 3337//3190 3313//3165 
f 3335//3188 3336//3189 3312//3164 
f 3334//3187 3335//3188 3311//3163 
f 3333//3186 3334//3187 3310//3162 
f 3332//3185 3333//3186 3309//3161 
f 3331//3184 3332//3185 3308//3160 
f 3330//3183 3331//3184 3307//3159 
f 3329//3182 3330//3183 3306//3158 
f 3328//3181 3329//3182 3305//3157 
f 3327//3180 3328//3181 3304//3156 
f 3326//3179 3327//3180 3303//3155 
f 3325//3178 3326//3179 3302//3154 
f 3324//3177 3325//3178 3301//3153 
f 3323//3176 3324//3177 3300//3152 
f 3322//3175 3323//3176 3299//3151 
f 3321//3174 3322//3175 3298//3150 
f 3320//3173 3321//3174 3297//3149 
f 3319//3172 3320//3173 3296//3148 
f 3318//3171 3319//3172 3295//3147 
f 3317//3170 3318//3171 3294//3146 
f 3316//3169 3317//3170 3293//3145 
f 164//3143 166//3195 3316//3169 
f 3315//3168 317//3193 315//3167 
f 3314//3166 3315//3168 3291//3142 
f 3313//3165 3314//3166 3290//3140 
f 3312//3164 3313//3165 3289//3139 
f 3311//3163 3312//3164 3288//3138 
f 3310//3162 3311//3163 3287//3137 
f 3309//3161 3310//3162 3286//3136 
f 3308//3160 3309//3161 3285//3135 
f 3307//3159 3308//3160 3284//3134 
f 3306//3158 3307//3159 3283//3133 
f 3305//3157 3306//3158 3282//3132 
f 3304//3156 3305//3157 3281//3131 
f 3303//3155 3304//3156 3280//3130 
f 3302//3154 3303//3155 3279//3129 
f 3301//3153 3302//3154 3278//3128 
f 3300//3152 3301//3153 3277//3127 
f 3299//3151 3300//3152 3276//3126 
f 3298//3150 3299//3151 3275//3125 
f 3297//3149 3298//3150 3274//3124 
f 3296//3148 3297//3149 3273//3123 
f 3295//3147 3296//3148 3272//3122 
f 3294//3146 3295//3147 3271//3121 
f 3293//3145 3294//3146 3270//3120 
f 3292//3144 3293//3145 3269//3119 
f 164//3143 3292//3144 3268//3118 
f 3291//3142 315//3167 314//3141 
f 3290//3140 3291//3142 3267//3116 
f 3289//3139 3290//3140 3266//3114 
f 3288//3138 3289//3139 3265//3113 
f 3287//3137 3288//3138 3264//3112 
f 3286//3136 3287//3137 3263//3111 
f 3285//3135 3286//3136 3262//3110 
f 3284//3134 3285//3135 3261//3109 
f 3283//3133 3284//3134 3260//3108 
f 3282//3132 3283//3133 3259//3107 
f 3281//3131 3282//3132 3258//3106 
f 3280//3130 3281//3131 3257//3105 
f 3279//3129 3280//3130 3256//3104 
f 3278//3128 3279//3129 3255//3103 
f 3277//3127 3278//3128 3254//3102 
f 3276//3126 3277//3127 3253//3101 
f 3275//3125 3276//3126 3252//3100 
f 3274//3124 3275//3125 3251//3099 
f 3273//3123 3274//3124 3250//3098 
f 3272//3122 3273//3123 3249//3097 
f 3271//3121 3272//3122 3248//3096 
f 3270//3120 3271//3121 3247//3095 
f 3269//3119 3270//3120 3246//3094 
f 3268//3118 3269//3119 3245//3093 
f 165//3117 3268//3118 3244//3092 
f 3267//3116 314//3141 313//3115 
f 3266//3114 3267//3116 3243//3090 
f 3265//3113 3266//3114 3242//3088 
f 3264//3112 3265//3113 3241//3087 
f 3263//3111 3264//3112 3240//3086 
f 3262//3110 3263//3111 3239//3085 
f 3261//3109 3262//3110 3238//3084 
f 3260//3108 3261//3109 3237//3083 
f 3259//3107 3260//3108 3236//3082 
f 3258//3106 3259//3107 3235//3081 
f 3257//3105 3258//3106 3234//3080 
f 3256//3104 3257//3105 3233//3079 
f 3255//3103 3256//3104 3232//3078 
f 3254//3102 3255//3103 3231//3077 
f 3253//3101 3254//3102 3230//3076 
f 3252//3100 3253//3101 3229//3075 
f 3251//3099 3252//3100 3228//3074 
f 3250//3098 3251//3099 3227//3073 
f 3249//3097 3250//3098 3226//3072 
f 3248//3096 3249//3097 3225//3071 
f 3247//3095 3248//3096 3224//3070 
f 3246//3094 3247//3095 3223//3069 
f 3245//3093 3246//3094 3222//3068 
f 3244//3092 3245//3093 3221//3067 
f 173//3091 3244//3092 3220//3066 
f 3243//3090 313//3115 312//3089 
f 3242//3088 3243//3090 3219//3064 
f 3241//3087 3242//3088 3218//3062 
f 3240//3086 3241//3087 3217//3061 
f 3239//3085 3240//3086 3216//3060 
f 3238//3084 3239//3085 3215//3059 
f 3237//3083 3238//3084 3214//3058 
f 3236//3082 3237//3083 3213//3057 
f 3235//3081 3236//3082 3212//3056 
f 3234//3080 3235//3081 3211//3055 
f 3233//3079 3234//3080 3210//3054 
f 3232//3078 3233//3079 3209//3053 
f 3231//3077 3232//3078 3208//3052 
f 3230//3076 3231//3077 3207//3051 
f 3229//3075 3230//3076 3206//3050 
f 3228//3074 3229//3075 3205//3049 
f 3227//3073 3228//3074 3204//3048 
f 3226//3072 3227//3073 3203//3047 
f 3225//3071 3226//3072 3202//3046 
f 3224//3070 3225//3071 3201//3045 
f 3223//3069 3224//3070 3200//3044 
f 3222//3068 3223//3069 3199//3043 
f 3221//3067 3222//3068 3198//3042 
f 3220//3066 3221//3067 3197//3041 
f 171//3065 3220//3066 3196//3040 
f 3219//3064 312//3089 311//3063 
f 3218//3062 3219//3064 3195//3038 
f 3217//3061 3218//3062 3194//3036 
f 3216//3060 3217//3061 3193//3035 
f 3215//3059 3216//3060 3192//3034 
f 3214//3058 3215//3059 3191//3033 
f 3213//3057 3214//3058 3190//3032 
f 3212//3056 3213//3057 3189//3031 
f 3211//3055 3212//3056 3188//3030 
f 3210//3054 3211//3055 3187//3029 
f 3209//3053 3210//3054 3186//3028 
f 3208//3052 3209//3053 3185//3027 
f 3207//3051 3208//3052 3184//3026 
f 3206//3050 3207//3051 3183//3025 
f 3205//3049 3206//3050 3182//3024 
f 3204//3048 3205//3049 3181//3023 
f 3203//3047 3204//3048 3180//3022 
f 3202//3046 3203//3047 3179//3021 
f 3201//3045 3202//3046 3178//3020 
f 3200//3044 3201//3045 3177//3019 
f 3199//3043 3200//3044 3176//3018 
f 3198//3042 3199//3043 3175//3017 
f 3197//3041 3198//3042 3174//3016 
f 3196//3040 3197//3041 3173//3015 
f 172//3039 3196//3040 3172//3014 
f 3195//3038 311//3063 310//3037 
f 3194//3036 3195//3038 3171//3012 
f 3193//3035 3194//3036 3170//3010 
f 3192//3034 3193//3035 3169//3009 
f 3191//3033 3192//3034 3168//3008 
f 3190//3032 3191//3033 3167//3007 
f 3189//3031 3190//3032 3166//3006 
f 3188//3030 3189//3031 3165//3005 
f 3187//3029 3188//3030 3164//3004 
f 3186//3028 3187//3029 3163//3003 
f 3185//3027 3186//3028 3162//3002 
f 3184//3026 3185//3027 3161//3001 
f 3183//3025 3184//3026 3160//3000 
f 3182//3024 3183//3025 3159//2999 
f 3181//3023 3182//3024 3158//2998 
f 3180//3022 3181//3023 3157//2997 
f 3179//3021 3180//3022 3156//2996 
f 3178//3020 3179//3021 3155//2995 
f 3177//3019 3178//3020 3154//2994 
f 3176//3018 3177//3019 3153//2993 
f 3175//3017 3176//3018 3152//2992 
f 3174//3016 3175//3017 3151//2991 
f 3173//3015 3174//3016 3150//2990 
f 3172//3014 3173//3015 3149//2989 
f 184//3013 3172//3014 3148//2988 
f 3171//3012 310//3037 309//3011 
f 3170//3010 3171//3012 3147//2986 
f 3169//3009 3170//3010 3146//2984 
f 3168//3008 3169//3009 3145//2983 
f 3167//3007 3168//3008 3144//2982 
f 3166//3006 3167//3007 3143//2981 
f 3165//3005 3166//3006 3142//2980 
f 3164//3004 3165//3005 3141//2979 
f 3163//3003 3164//3004 3140//2978 
f 3162//3002 3163//3003 3139//2977 
f 3161//3001 3162//3002 3138//2976 
f 3160//3000 3161//3001 3137//2975 
f 3159//2999 3160//3000 3136//2974 
f 3158//2998 3159//2999 3135//2973 
f 3157//2997 3158//2998 3134//2972 
f 3156//2996 3157//2997 3133//2971 
f 3155//2995 3156//2996 3132//2970 
f 3154//2994 3155//2995 3131//2969 
f 3153//2993 3154//2994 3130//2968 
f 3152//2992 3153//2993 3129//2967 
f 3151//2991 3152//2992 3128//2966 
f 3150//2990 3151//2991 3127//2965 
f 3149//2989 3150//2990 3126//2964 
f 3148//2988 3149//2989 3125//2963 
f 175//2987 3148//2988 3124//2962 
f 3147//2986 309//3011 308//2985 
f 3146//2984 3147//2986 3123//2960 
f 3145//2983 3146//2984 3122//2958 
f 3144//2982 3145//2983 3121//2957 
f 3143//2981 3144//2982 3120//2956 
f 3142//2980 3143//2981 3119//2955 
f 3141//2979 3142//2980 3118//2954 
f 3140//2978 3141//2979 3117//2953 
f 3139//2977 3140//2978 3116//2952 
f 3138//2976 3139//2977 3115//2951 
f 3137//2975 3138//2976 3114//2950 
f 3136//2974 3137//2975 3113//2949 
f 3135//2973 3136//2974 3112//2948 
f 3134//2972 3135//2973 3111//2947 
f 3133//2971 3134//2972 3110//2946 
f 3132//2970 3133//2971 3109//2945 
f 3131//2969 3132//2970 3108//2944 
f 3130//2968 3131//2969 3107//2943 
f 3129//2967 3130//2968 3106//2942 
f 3128//2966 3129//2967 3105//2941 
f 3127//2965 3128//2966 3104//2940 
f 3126//2964 3127//2965 3103//2939 
f 3125//2963 3126//2964 3102//2938 
f 3124//2962 3125//2963 3101//2937 
f 176//2961 3124//2962 3100//2936 
f 3123//2960 308//2985 307//2959 
f 3122//2958 3123//2960 3099//2934 
f 3121//2957 3122//2958 3098//2932 
f 3120//2956 3121//2957 3097//2931 
f 3119//2955 3120//2956 3096//2930 
f 3118//2954 3119//2955 3095//2929 
f 3117//2953 3118//2954 3094//2928 
f 3116//2952 3117//2953 3093//2927 
f 3115//2951 3116//2952 3092//2926 
f 3114//2950 3115//2951 3091//2925 
f 3113//2949 3114//2950 3090//2924 
f 3112//2948 3113//2949 3089//2923 
f 3111//2947 3112//2948 3088//2922 
f 3110//2946 3111//2947 3087//2921 
f 3109//2945 3110//2946 3086//2920 
f 3108//2944 3109//2945 3085//2919 
f 3107//2943 3108//2944 3084//2918 
f 3106//2942 3107//2943 3083//2917 
f 3105//2941 3106//2942 3082//2916 
f 3104//2940 3105//2941 3081//2915 
f 3103//2939 3104//2940 3080//2914 
f 3102//2938 3103//2939 3079//2913 
f 3101//2937 3102//2938 3078//2912 
f 3100//2936 3101//2937 3077//2911 
f 183//2935 3100//2936 3076//2910 
f 3099//2934 307//2959 306//2933 
f 3098//2932 3099//2934 3075//2908 
f 3097//2931 3098//2932 3074//2906 
f 3096//2930 3097//2931 3073//2905 
f 3095//2929 3096//2930 3072//2904 
f 3094//2928 3095//2929 3071//2903 
f 3093//2927 3094//2928 3070//2902 
f 3092//2926 3093//2927 3069//2901 
f 3091//2925 3092//2926 3068//2900 
f 3090//2924 3091//2925 3067//2899 
f 3089//2923 3090//2924 3066//2898 
f 3088//2922 3089//2923 3065//2897 
f 3087//2921 3088//2922 3064//2896 
f 3086//2920 3087//2921 3063//2895 
f 3085//2919 3086//2920 3062//2894 
f 3084//2918 3085//2919 3061//2893 
f 3083//2917 3084//2918 3060//2892 
f 3082//2916 3083//2917 3059//2891 
f 3081//2915 3082//2916 3058//2890 
f 3080//2914 3081//2915 3057//2889 
f 3079//2913 3080//2914 3056//2888 
f 3078//2912 3079//2913 3055//2887 
f 3077//2911 3078//2912 3054//2886 
f 3076//2910 3077//2911 3053//2885 
f 188//2909 3076//2910 3052//2884 
f 3075//2908 306//2933 305//2907 
f 3074//2906 3075//2908 3051//2882 
f 3073//2905 3074//2906 3050//2880 
f 3072//2904 3073//2905 3049//2879 
f 3071//2903 3072//2904 3048//2878 
f 3070//2902 3071//2903 3047//2877 
f 3069//2901 3070//2902 3046//2876 
f 3068//2900 3069//2901 3045//2875 
f 3067//2899 3068//2900 3044//2874 
f 3066//2898 3067//2899 3043//2873 
f 3065//2897 3066//2898 3042//2872 
f 3064//2896 3065//2897 3041//2871 
f 3063//2895 3064//2896 3040//2870 
f 3062//2894 3063//2895 3039//2869 
f 3061//2893 3062//2894 3038//2868 
f 3060//2892 3061//2893 3037//2867 
f 3059//2891 3060//2892 3036//2866 
f 3058//2890 3059//2891 3035//2865 
f 3057//2889 3058//2890 3034//2864 
f 3056//2888 3057//2889 3033//2863 
f 3055//2887 3056//2888 3032//2862 
f 3054//2886 3055//2887 3031//2861 
f 3053//2885 3054//2886 3030//2860 
f 3052//2884 3053//2885 3029//2859 
f 189//2883 3052//2884 3028//2858 
f 3051//2882 305//2907 304//2881 
f 3050//2880 3051//2882 3027//2856 
f 3049//2879 3050//2880 3026//2854 
f 3048//2878 3049//2879 3025//2853 
f 3047//2877 3048//2878 3024//2852 
f 3046//2876 3047//2877 3023//2851 
f 3045//2875 3046//2876 3022//2850 
f 3044//2874 3045//2875 3021//2849 
f 3043//2873 3044//2874 3020//2848 
f 3042//2872 3043//2873 3019//2847 
f 3041//2871 3042//2872 3018//2846 
f 3040//2870 3041//2871 3017//2845 
f 3039//2869 3040//2870 3016//2844 
f 3038//2868 3039//2869 3015//2843 
f 3037//2867 3038//2868 3014//2842 
f 3036//2866 3037//2867 3013//2841 
f 3035//2865 3036//2866 3012//2840 
f 3034//2864 3035//2865 3011//2839 
f 3033//2863 3034//2864 3010//2838 
f 3032//2862 3033//2863 3009//2837 
f 3031//2861 3032//2862 3008//2836 
f 3030//2860 3031//2861 3007//2835 
f 3029//2859 3030//2860 3006//2834 
f 3028//2858 3029//2859 3005//2833 
f 186//2857 3028//2858 3004//2832 
f 3027//2856 304//2881 303//2855 
f 3026//2854 3027//2856 3003//2830 
f 3025//2853 3026//2854 3002//2828 
f 3024//2852 3025//2853 3001//2827 
f 3023//2851 3024//2852 3000//2826 
f 3022//2850 3023//2851 2999//2825 
f 3021//2849 3022//2850 2998//2824 
f 3020//2848 3021//2849 2997//2823 
f 3019//2847 3020//2848 2996//2822 
f 3018//2846 3019//2847 2995//2821 
f 3017//2845 3018//2846 2994//2820 
f 3016//2844 3017//2845 2993//2819 
f 3015//2843 3016//2844 2992//2818 
f 3014//2842 3015//2843 2991//2817 
f 3013//2841 3014//2842 2990//2816 
f 3012//2840 3013//2841 2989//2815 
f 3011//2839 3012//2840 2988//2814 
f 3010//2838 3011//2839 2987//2813 
f 3009//2837 3010//2838 2986//2812 
f 3008//2836 3009//2837 2985//2811 
f 3007//2835 3008//2836 2984//2810 
f 3006//2834 3007//2835 2983//2809 
f 3005//2833 3006//2834 2982//2808 
f 3004//2832 3005//2833 2981//2807 
f 187//2831 3004//2832 2980//2806 
f 3003//2830 303//2855 302//2829 
f 3002//2828 3003//2830 2979//2804 
f 3001//2827 3002//2828 2978//2802 
f 3000//2826 3001//2827 2977//2801 
f 2999//2825 3000//2826 2976//2800 
f 2998//2824 2999//2825 2975//2799 
f 2997//2823 2998//2824 2974//2798 
f 2996//2822 2997//2823 2973//2797 
f 2995//2821 2996//2822 2972//2796 
f 2994//2820 2995//2821 2971//2795 
f 2993//2819 2994//2820 2970//2794 
f 2992//2818 2993//2819 2969//2793 
f 2991//2817 2992//2818 2968//2792 
f 2990//2816 2991//2817 2967//2791 
f 2989//2815 2990//2816 2966//2790 
f 2988//2814 2989//2815 2965//2789 
f 2987//2813 2988//2814 2964//2788 
f 2986//2812 2987//2813 2963//2787 
f 2985//2811 2986//2812 2962//2786 
f 2984//2810 2985//2811 2961//2785 
f 2983//2809 2984//2810 2960//2784 
f 2982//2808 2983//2809 2959//2783 
f 2981//2807 2982//2808 2958//2782 
f 2980//2806 2981//2807 2957//2781 
f 193//2805 2980//2806 2956//2780 
f 2979//2804 302//2829 301//2803 
f 2978//2802 2979//2804 2955//2778 
f 2977//2801 2978//2802 2954//2776 
f 2976//2800 2977//2801 2953//2775 
f 2975//2799 2976//2800 2952//2774 
f 2974//2798 2975//2799 2951//2773 
f 2973//2797 2974//2798 2950//2772 
f 2972//2796 2973//2797 2949//2771 
f 2971//2795 2972//2796 2948//2770 
f 2970//2794 2971//2795 2947//2769 
f 2969//2793 2970//2794 2946//2768 
f 2968//2792 2969//2793 2945//2767 
f 2967//2791 2968//2792 2944//2766 
f 2966//2790 2967//2791 2943//2765 
f 2965//2789 2966//2790 2942//2764 
f 2964//2788 2965//2789 2941//2763 
f 2963//2787 2964//2788 2940//2762 
f 2962//2786 2963//2787 2939//2761 
f 2961//2785 2962//2786 2938//2760 
f 2960//2784 2961//2785 2937//2759 
f 2959//2783 2960//2784 2936//2758 
f 2958//2782 2959//2783 2935//2757 
f 2957//2781 2958//2782 2934//2756 
f 2956//2780 2957//2781 2933//2755 
f 191//2779 2956//2780 2932//2754 
f 2955//2778 301//2803 300//2777 
f 2954//2776 2955//2778 2931//2752 
f 2953//2775 2954//2776 2930//2750 
f 2952//2774 2953//2775 2929//2749 
f 2951//2773 2952//2774 2928//2748 
f 2950//2772 2951//2773 2927//2747 
f 2949//2771 2950//2772 2926//2746 
f 2948//2770 2949//2771 2925//2745 
f 2947//2769 2948//2770 2924//2744 
f 2946//2768 2947//2769 2923//2743 
f 2945//2767 2946//2768 2922//2742 
f 2944//2766 2945//2767 2921//2741 
f 2943//2765 2944//2766 2920//2740 
f 2942//2764 2943//2765 2919//2739 
f 2941//2763 2942//2764 2918//2738 
f 2940//2762 2941//2763 2917//2737 
f 2939//2761 2940//2762 2916//2736 
f 2938//2760 2939//2761 2915//2735 
f 2937//2759 2938//2760 2914//2734 
f 2936//2758 2937//2759 2913//2733 
f 2935//2757 2936//2758 2912//2732 
f 2934//2756 2935//2757 2911//2731 
f 2933//2755 2934//2756 2910//2730 
f 2932//2754 2933//2755 2909//2729 
f 192//2753 2932//2754 2908//2728 
f 2931//2752 300//2777 299//2751 
f 2930//2750 2931//2752 2907//2726 
f 2929//2749 2930//2750 2906//2724 
f 2928//2748 2929//2749 2905//2723 
f 2927//2747 2928//2748 2904//2722 
f 2926//2746 2927//2747 2903//2721 
f 2925//2745 2926//2746 2902//2720 
f 2924//2744 2925//2745 2901//2719 
f 2923//2743 2924//2744 2900//2718 
f 2922//2742 2923//2743 2899//2717 
f 2921//2741 2922//2742 2898//2716 
f 2920//2740 2921//2741 2897//2715 
f 2919//2739 2920//2740 2896//2714 
f 2918//2738 2919//2739 2895//2713 
f 2917//2737 2918//2738 2894//2712 
f 2916//2736 2917//2737 2893//2711 
f 2915//2735 2916//2736 2892//2710 
f 2914//2734 2915//2735 2891//2709 
f 2913//2733 2914//2734 2890//2708 
f 2912//2732 2913//2733 2889//2707 
f 2911//2731 2912//2732 2888//2706 
f 2910//2730 2911//2731 2887//2705 
f 2909//2729 2910//2730 2886//2704 
f 2908//2728 2909//2729 2885//2703 
f 185//2727 2908//2728 2884//2702 
f 2907//2726 299//2751 298//2725 
f 2906//2724 2907//2726 2883//2700 
f 2905//2723 2906//2724 2882//2698 
f 2904//2722 2905//2723 2881//2697 
f 2903//2721 2904//2722 2880//2696 
f 2902//2720 2903//2721 2879//2695 
f 2901//2719 2902//2720 2878//2694 
f 2900//2718 2901//2719 2877//2693 
f 2899//2717 2900//2718 2876//2692 
f 2898//2716 2899//2717 2875//2691 
f 2897//2715 2898//2716 2874//2690 
f 2896//2714 2897//2715 2873//2689 
f 2895//2713 2896//2714 2872//2688 
f 2894//2712 2895//2713 2871//2687 
f 2893//2711 2894//2712 2870//2686 
f 2892//2710 2893//2711 2869//2685 
f 2891//2709 2892//2710 2868//2684 
f 2890//2708 2891//2709 2867//2683 
f 2889//2707 2890//2708 2866//2682 
f 2888//2706 2889//2707 2865//2681 
f 2887//2705 2888//2706 2864//2680 
f 2886//2704 2887//2705 2863//2679 
f 2885//2703 2886//2704 2862//2678 
f 2884//2702 2885//2703 2861//2677 
f 178//2701 2884//2702 2860//2676 
f 2883//2700 298//2725 297//2699 
f 2882//2698 2883//2700 2859//2674 
f 2881//2697 2882//2698 2858//2672 
f 2880//2696 2881//2697 2857//2671 
f 2879//2695 2880//2696 2856//2670 
f 2878//2694 2879//2695 2855//2669 
f 2877//2693 2878//2694 2854//2668 
f 2876//2692 2877//2693 2853//2667 
f 2875//2691 2876//2692 2852//2666 
f 2874//2690 2875//2691 2851//2665 
f 2873//2689 2874//2690 2850//2664 
f 2872//2688 2873//2689 2849//2663 
f 2871//2687 2872//2688 2848//2662 
f 2870//2686 2871//2687 2847//2661 
f 2869//2685 2870//2686 2846//2660 
f 2868//2684 2869//2685 2845//2659 
f 2867//2683 2868//2684 2844//2658 
f 2866//2682 2867//2683 2843//2657 
f 2865//2681 2866//2682 2842//2656 
f 2864//2680 2865//2681 2841//2655 
f 2863//2679 2864//2680 2840//2654 
f 2862//2678 2863//2679 2839//2653 
f 2861//2677 2862//2678 2838//2652 
f 2860//2676 2861//2677 2837//2651 
f 179//2675 2860//2676 2836//2650 
f 2859//2674 297//2699 296//2673 
f 2858//2672 2859//2674 2835//2648 
f 2857//2671 2858//2672 2834//2646 
f 2856//2670 2857//2671 2833//2645 
f 2855//2669 2856//2670 2832//2644 
f 2854//2668 2855//2669 2831//2643 
f 2853//2667 2854//2668 2830//2642 
f 2852//2666 2853//2667 2829//2641 
f 2851//2665 2852//2666 2828//2640 
f 2850//2664 2851//2665 2827//2639 
f 2849//2663 2850//2664 2826//2638 
f 2848//2662 2849//2663 2825//2637 
f 2847//2661 2848//2662 2824//2636 
f 2846//2660 2847//2661 2823//2635 
f 2845//2659 2846//2660 2822//2634 
f 2844//2658 2845//2659 2821//2633 
f 2843//2657 2844//2658 2820//2632 
f 2842//2656 2843//2657 2819//2631 
f 2841//2655 2842//2656 2818//2630 
f 2840//2654 2841//2655 2817//2629 
f 2839//2653 2840//2654 2816//2628 
f 2838//2652 2839//2653 2815//2627 
f 2837//2651 2838//2652 2814//2626 
f 2836//2650 2837//2651 2813//2625 
f 182//2649 2836//2650 2812//2624 
f 2835//2648 296//2673 295//2647 
f 2834//2646 2835//2648 2811//2622 
f 2833//2645 2834//2646 2810//2620 
f 2832//2644 2833//2645 2809//2619 
f 2831//2643 2832//2644 2808//2618 
f 2830//2642 2831//2643 2807//2617 
f 2829//2641 2830//2642 2806//2616 
f 2828//2640 2829//2641 2805//2615 
f 2827//2639 2828//2640 2804//2614 
f 2826//2638 2827//2639 2803//2613 
f 2825//2637 2826//2638 2802//2612 
f 2824//2636 2825//2637 2801//2611 
f 2823//2635 2824//2636 2800//2610 
f 2822//2634 2823//2635 2799//2609 
f 2821//2633 2822//2634 2798//2608 
f 2820//2632 2821//2633 2797//2607 
f 2819//2631 2820//2632 2796//2606 
f 2818//2630 2819//2631 2795//2605 
f 2817//2629 2818//2630 2794//2604 
f 2816//2628 2817//2629 2793//2603 
f 2815//2627 2816//2628 2792//2602 
f 2814//2626 2815//2627 2791//2601 
f 2813//2625 2814//2626 2790//2600 
f 2812//2624 2813//2625 2789//2599 
f 181//2623 2812//2624 2788//2598 
f 2811//2622 295//2647 294//2621 
f 2810//2620 2811//2622 2787//2596 
f 2809//2619 2810//2620 2786//2594 
f 2808//2618 2809//2619 2785//2593 
f 2807//2617 2808//2618 2784//2592 
f 2806//2616 2807//2617 2783//2591 
f 2805//2615 2806//2616 2782//2590 
f 2804//2614 2805//2615 2781//2589 
f 2803//2613 2804//2614 2780//2588 
f 2802//2612 2803//2613 2779//2587 
f 2801//2611 2802//2612 2778//2586 
f 2800//2610 2801//2611 2777//2585 
f 2799//2609 2800//2610 2776//2584 
f 2798//2608 2799//2609 2775//2583 
f 2797//2607 2798//2608 2774//2582 
f 2796//2606 2797//2607 2773//2581 
f 2795//2605 2796//2606 2772//2580 
f 2794//2604 2795//2605 2771//2579 
f 2793//2603 2794//2604 2770//2578 
f 2792//2602 2793//2603 2769//2577 
f 2791//2601 2792//2602 2768//2576 
f 2790//2600 2791//2601 2767//2575 
f 2789//2599 2790//2600 2766//2574 
f 2788//2598 2789//2599 2765//2573 
f 168//2597 2788//2598 2764//2572 
f 2787//2596 294//2621 293//2595 
f 2786//2594 2787//2596 2763//2570 
f 2785//2593 2786//2594 2762//2569 
f 2784//2592 2785//2593 2760//2567 
f 2783//2591 2784//2592 2759//2566 
f 2782//2590 2783//2591 2758//2565 
f 2781//2589 2782//2590 2757//2564 
f 2780//2588 2781//2589 2756//2563 
f 2779//2587 2780//2588 2755//2562 
f 2778//2586 2779//2587 2754//2561 
f 2777//2585 2778//2586 2753//2560 
f 2776//2584 2777//2585 2752//2559 
f 2775//2583 2776//2584 2751//2558 
f 2774//2582 2775//2583 2750//2557 
f 2773//2581 2774//2582 2749//2556 
f 2772//2580 2773//2581 2748//2555 
f 2771//2579 2772//2580 2747//2554 
f 2770//2578 2771//2579 2746//2553 
f 2769//2577 2770//2578 2745//2552 
f 2768//2576 2769//2577 2744//2551 
f 2767//2575 2768//2576 2743//2550 
f 2766//2574 2767//2575 2742//2549 
f 2765//2573 2766//2574 2741//2548 
f 2764//2572 2765//2573 2740//2547 
f 162//2571 2764//2572 2739//2546 
f 2763//2570 293//2595 291//2543 
f 2762//2569 2763//2570 2761//2568 
f 2760//2567 2762//2569 2738//2542 
f 2759//2566 2760//2567 2737//2541 
f 2758//2565 2759//2566 2736//2540 
f 2757//2564 2758//2565 2735//2539 
f 2756//2563 2757//2564 2734//2538 
f 2755//2562 2756//2563 2733//2537 
f 2754//2561 2755//2562 2732//2536 
f 2753//2560 2754//2561 2731//2535 
f 2752//2559 2753//2560 2730//2534 
f 2751//2558 2752//2559 2729//2533 
f 2750//2557 2751//2558 2728//2532 
f 2749//2556 2750//2557 2727//2531 
f 2748//2555 2749//2556 2726//2530 
f 2747//2554 2748//2555 2725//2529 
f 2746//2553 2747//2554 2724//2528 
f 2745//2552 2746//2553 2723//2527 
f 2744//2551 2745//2552 2722//2526 
f 2743//2550 2744//2551 2721//2525 
f 2742//2549 2743//2550 2720//2524 
f 2741//2548 2742//2549 2719//2523 
f 2740//2547 2741//2548 2718//2522 
f 2739//2546 2740//2547 2717//2521 
f 48//2545 2739//2546 2716//2520 
f 2715//2519 2761//2568 291//2543 
f 2738//2542 2761//2568 2715//2519 
f 2737//2541 2738//2542 2714//2517 
f 2736//2540 2737//2541 2713//2516 
f 2735//2539 2736//2540 2712//2515 
f 2734//2538 2735//2539 2711//2514 
f 2733//2537 2734//2538 2710//2513 
f 2732//2536 2733//2537 2709//2512 
f 2731//2535 2732//2536 2708//2511 
f 2730//2534 2731//2535 2707//2510 
f 2729//2533 2730//2534 2706//2509 
f 2728//2532 2729//2533 2705//2508 
f 2727//2531 2728//2532 2704//2507 
f 2726//2530 2727//2531 2703//2506 
f 2725//2529 2726//2530 2702//2505 
f 2724//2528 2725//2529 2701//2504 
f 2723//2527 2724//2528 2700//2503 
f 2722//2526 2723//2527 2699//2502 
f 2721//2525 2722//2526 2698//2501 
f 2720//2524 2721//2525 2697//2500 
f 2719//2523 2720//2524 2696//2499 
f 2718//2522 2719//2523 2695//2498 
f 2717//2521 2718//2522 2694//2497 
f 2716//2520 2717//2521 2693//2496 
f 153//2494 146//2545 2716//2520 
f 2715//2519 292//2544 290//2518 
f 2714//2517 2715//2519 2691//2493 
f 2713//2516 2714//2517 2690//2492 
f 2712//2515 2713//2516 2688//2490 
f 2711//2514 2712//2515 2687//2489 
f 2710//2513 2711//2514 2686//2488 
f 2709//2512 2710//2513 2685//2487 
f 2708//2511 2709//2512 2684//2486 
f 2707//2510 2708//2511 2683//2485 
f 2706//2509 2707//2510 2682//2484 
f 2705//2508 2706//2509 2681//2483 
f 2704//2507 2705//2508 2680//2482 
f 2703//2506 2704//2507 2679//2481 
f 2702//2505 2703//2506 2678//2480 
f 2701//2504 2702//2505 2677//2479 
f 2700//2503 2701//2504 2676//2478 
f 2699//2502 2700//2503 2675//2477 
f 2698//2501 2699//2502 2674//2476 
f 2697//2500 2698//2501 2673//2475 
f 2696//2499 2697//2500 2672//2474 
f 2695//2498 2696//2499 2671//2473 
f 2694//2497 2695//2498 2670//2472 
f 2693//2496 2694//2497 2669//2471 
f 2692//2495 2693//2496 2668//2470 
f 153//2494 2692//2495 2667//2469 
f 2691//2493 290//2518 289//2467 
f 2690//2492 2691//2493 2689//2491 
f 2688//2490 2690//2492 2666//2466 
f 2687//2489 2688//2490 2664//2464 
f 2686//2488 2687//2489 2663//2463 
f 2685//2487 2686//2488 2662//2462 
f 2684//2486 2685//2487 2661//2461 
f 2683//2485 2684//2486 2660//2460 
f 2682//2484 2683//2485 2659//2459 
f 2681//2483 2682//2484 2658//2458 
f 2680//2482 2681//2483 2657//2457 
f 2679//2481 2680//2482 2656//2456 
f 2678//2480 2679//2481 2655//2455 
f 2677//2479 2678//2480 2654//2454 
f 2676//2478 2677//2479 2653//2453 
f 2675//2477 2676//2478 2652//2452 
f 2674//2476 2675//2477 2651//2451 
f 2673//2475 2674//2476 2650//2450 
f 2672//2474 2673//2475 2649//2449 
f 2671//2473 2672//2474 2648//2448 
f 2670//2472 2671//2473 2647//2447 
f 2669//2471 2670//2472 2646//2446 
f 2668//2470 2669//2471 2645//2445 
f 2667//2469 2668//2470 2644//2444 
f 69//2468 2667//2469 2643//2442 
f 2665//2465 2689//2491 289//2467 
f 2666//2466 2689//2491 2665//2465 
f 2664//2464 2666//2466 2642//2440 
f 2663//2463 2664//2464 2640//2438 
f 2662//2462 2663//2463 2639//2437 
f 2661//2461 2662//2462 2638//2436 
f 2660//2460 2661//2461 2637//2435 
f 2659//2459 2660//2460 2636//2434 
f 2658//2458 2659//2459 2635//2433 
f 2657//2457 2658//2458 2634//2432 
f 2656//2456 2657//2457 2633//2431 
f 2655//2455 2656//2456 2632//2430 
f 2654//2454 2655//2455 2631//2429 
f 2653//2453 2654//2454 2630//2428 
f 2652//2452 2653//2453 2629//2427 
f 2651//2451 2652//2452 2628//2426 
f 2650//2450 2651//2451 2627//2425 
f 2649//2449 2650//2450 2626//2424 
f 2648//2448 2649//2449 2625//2423 
f 2647//2447 2648//2448 2624//2422 
f 2646//2446 2647//2447 2623//2421 
f 2645//2445 2646//2446 2622//2420 
f 2644//2444 2645//2445 2621//2419 
f 2643//2442 2644//2444 2620//2418 
f 53//2443 137//2468 2643//2442 
f 2641//2439 2665//2465 288//2441 
f 2642//2440 2665//2465 2641//2439 
f 2640//2438 2642//2440 2618//2414 
f 2639//2437 2640//2438 2616//2412 
f 2638//2436 2639//2437 2615//2411 
f 2637//2435 2638//2436 2614//2410 
f 2636//2434 2637//2435 2613//2409 
f 2635//2433 2636//2434 2612//2408 
f 2634//2432 2635//2433 2611//2407 
f 2633//2431 2634//2432 2610//2406 
f 2632//2430 2633//2431 2609//2405 
f 2631//2429 2632//2430 2608//2404 
f 2630//2428 2631//2429 2607//2403 
f 2629//2427 2630//2428 2606//2402 
f 2628//2426 2629//2427 2605//2401 
f 2627//2425 2628//2426 2604//2400 
f 2626//2424 2627//2425 2603//2399 
f 2625//2423 2626//2424 2602//2398 
f 2624//2422 2625//2423 2601//2397 
f 2623//2421 2624//2422 2600//2396 
f 2622//2420 2623//2421 2599//2395 
f 2621//2419 2622//2420 2598//2394 
f 2620//2418 2621//2419 2597//2393 
f 2619//2416 2620//2418 2596//2392 
f 103//2417 53//2443 2619//2416 
f 2617//2413 2641//2439 287//2415 
f 2618//2414 2641//2439 2617//2413 
f 2616//2412 2618//2414 2594//2388 
f 2615//2411 2616//2412 2592//2386 
f 2614//2410 2615//2411 2591//2385 
f 2613//2409 2614//2410 2590//2384 
f 2612//2408 2613//2409 2589//2383 
f 2611//2407 2612//2408 2588//2382 
f 2610//2406 2611//2407 2587//2381 
f 2609//2405 2610//2406 2586//2380 
f 2608//2404 2609//2405 2585//2379 
f 2607//2403 2608//2404 2584//2378 
f 2606//2402 2607//2403 2583//2377 
f 2605//2401 2606//2402 2582//2376 
f 2604//2400 2605//2401 2581//2375 
f 2603//2399 2604//2400 2580//2374 
f 2602//2398 2603//2399 2579//2373 
f 2601//2397 2602//2398 2578//2372 
f 2600//2396 2601//2397 2577//2371 
f 2599//2395 2600//2396 2576//2370 
f 2598//2394 2599//2395 2575//2369 
f 2597//2393 2598//2394 2574//2368 
f 2596//2392 2597//2393 2573//2367 
f 2595//2390 2596//2392 2572//2366 
f 38//2391 103//2417 2595//2390 
f 2593//2387 2617//2413 286//2389 
f 2594//2388 2617//2413 2593//2387 
f 2592//2386 2594//2388 2570//2362 
f 2591//2385 2592//2386 2568//2360 
f 2590//2384 2591//2385 2567//2359 
f 2589//2383 2590//2384 2566//2358 
f 2588//2382 2589//2383 2565//2357 
f 2587//2381 2588//2382 2564//2356 
f 2586//2380 2587//2381 2563//2355 
f 2585//2379 2586//2380 2562//2354 
f 2584//2378 2585//2379 2561//2353 
f 2583//2377 2584//2378 2560//2352 
f 2582//2376 2583//2377 2559//2351 
f 2581//2375 2582//2376 2558//2350 
f 2580//2374 2581//2375 2557//2349 
f 2579//2373 2580//2374 2556//2348 
f 2578//2372 2579//2373 2555//2347 
f 2577//2371 2578//2372 2554//2346 
f 2576//2370 2577//2371 2553//2345 
f 2575//2369 2576//2370 2552//2344 
f 2574//2368 2575//2369 2551//2343 
f 2573//2367 2574//2368 2550//2342 
f 2572//2366 2573//2367 2549//2341 
f 2571//2364 2572//2366 2548//2340 
f 41//2365 38//2391 2571//2364 
f 2569//2361 2593//2387 285//2363 
f 2570//2362 2593//2387 2569//2361 
f 2568//2360 2570//2362 2546//2336 
f 2567//2359 2568//2360 2544//2334 
f 2566//2358 2567//2359 2543//2333 
f 2565//2357 2566//2358 2542//2332 
f 2564//2356 2565//2357 2541//2331 
f 2563//2355 2564//2356 2540//2330 
f 2562//2354 2563//2355 2539//2329 
f 2561//2353 2562//2354 2538//2328 
f 2560//2352 2561//2353 2537//2327 
f 2559//2351 2560//2352 2536//2326 
f 2558//2350 2559//2351 2535//2325 
f 2557//2349 2558//2350 2534//2324 
f 2556//2348 2557//2349 2533//2323 
f 2555//2347 2556//2348 2532//2322 
f 2554//2346 2555//2347 2531//2321 
f 2553//2345 2554//2346 2530//2320 
f 2552//2344 2553//2345 2529//2319 
f 2551//2343 2552//2344 2528//2318 
f 2550//2342 2551//2343 2527//2317 
f 2549//2341 2550//2342 2526//2316 
f 2548//2340 2549//2341 2525//2315 
f 2547//2338 2548//2340 2524//2314 
f 42//2339 41//2365 2547//2338 
f 2545//2335 2569//2361 284//2337 
f 2546//2336 2569//2361 2545//2335 
f 2544//2334 2546//2336 2522//2310 
f 2543//2333 2544//2334 2520//2308 
f 2542//2332 2543//2333 2519//2307 
f 2541//2331 2542//2332 2518//2306 
f 2540//2330 2541//2331 2517//2305 
f 2539//2329 2540//2330 2516//2304 
f 2538//2328 2539//2329 2515//2303 
f 2537//2327 2538//2328 2514//2302 
f 2536//2326 2537//2327 2513//2301 
f 2535//2325 2536//2326 2512//2300 
f 2534//2324 2535//2325 2511//2299 
f 2533//2323 2534//2324 2510//2298 
f 2532//2322 2533//2323 2509//2297 
f 2531//2321 2532//2322 2508//2296 
f 2530//2320 2531//2321 2507//2295 
f 2529//2319 2530//2320 2506//2294 
f 2528//2318 2529//2319 2505//2293 
f 2527//2317 2528//2318 2504//2292 
f 2526//2316 2527//2317 2503//2291 
f 2525//2315 2526//2316 2502//2290 
f 2524//2314 2525//2315 2501//2289 
f 2523//2312 2524//2314 2500//2288 
f 43//2313 42//2339 2523//2312 
f 2521//2309 2545//2335 283//2311 
f 2522//2310 2545//2335 2521//2309 
f 2520//2308 2522//2310 2498//2284 
f 2519//2307 2520//2308 2496//2282 
f 2518//2306 2519//2307 2495//2281 
f 2517//2305 2518//2306 2494//2280 
f 2516//2304 2517//2305 2493//2279 
f 2515//2303 2516//2304 2492//2278 
f 2514//2302 2515//2303 2491//2277 
f 2513//2301 2514//2302 2490//2276 
f 2512//2300 2513//2301 2489//2275 
f 2511//2299 2512//2300 2488//2274 
f 2510//2298 2511//2299 2487//2273 
f 2509//2297 2510//2298 2486//2272 
f 2508//2296 2509//2297 2485//2271 
f 2507//2295 2508//2296 2484//2270 
f 2506//2294 2507//2295 2483//2269 
f 2505//2293 2506//2294 2482//2268 
f 2504//2292 2505//2293 2481//2267 
f 2503//2291 2504//2292 2480//2266 
f 2502//2290 2503//2291 2479//2265 
f 2501//2289 2502//2290 2478//2264 
f 2500//2288 2501//2289 2477//2263 
f 2499//2286 2500//2288 2476//2262 
f 57//2287 43//2313 2499//2286 
f 2497//2283 2521//2309 282//2285 
f 2498//2284 2521//2309 2497//2283 
f 2496//2282 2498//2284 2474//2258 
f 2495//2281 2496//2282 2472//2256 
f 2494//2280 2495//2281 2471//2255 
f 2493//2279 2494//2280 2470//2254 
f 2492//2278 2493//2279 2469//2253 
f 2491//2277 2492//2278 2468//2252 
f 2490//2276 2491//2277 2467//2251 
f 2489//2275 2490//2276 2466//2250 
f 2488//2274 2489//2275 2465//2249 
f 2487//2273 2488//2274 2464//2248 
f 2486//2272 2487//2273 2463//2247 
f 2485//2271 2486//2272 2462//2246 
f 2484//2270 2485//2271 2461//2245 
f 2483//2269 2484//2270 2460//2244 
f 2482//2268 2483//2269 2459//2243 
f 2481//2267 2482//2268 2458//2242 
f 2480//2266 2481//2267 2457//2241 
f 2479//2265 2480//2266 2456//2240 
f 2478//2264 2479//2265 2455//2239 
f 2477//2263 2478//2264 2454//2238 
f 2476//2262 2477//2263 2453//2237 
f 2475//2260 2476//2262 2452//2236 
f 56//2261 57//2287 2475//2260 
f 2473//2257 2497//2283 281//2259 
f 2474//2258 2497//2283 2473//2257 
f 2472//2256 2474//2258 2450//2232 
f 2471//2255 2472//2256 2448//2230 
f 2470//2254 2471//2255 2447//2229 
f 2469//2253 2470//2254 2446//2228 
f 2468//2252 2469//2253 2445//2227 
f 2467//2251 2468//2252 2444//2226 
f 2466//2250 2467//2251 2443//2225 
f 2465//2249 2466//2250 2442//2224 
f 2464//2248 2465//2249 2441//2223 
f 2463//2247 2464//2248 2440//2222 
f 2462//2246 2463//2247 2439//2221 
f 2461//2245 2462//2246 2438//2220 
f 2460//2244 2461//2245 2437//2219 
f 2459//2243 2460//2244 2436//2218 
f 2458//2242 2459//2243 2435//2217 
f 2457//2241 2458//2242 2434//2216 
f 2456//2240 2457//2241 2433//2215 
f 2455//2239 2456//2240 2432//2214 
f 2454//2238 2455//2239 2431//2213 
f 2453//2237 2454//2238 2430//2212 
f 2452//2236 2453//2237 2429//2211 
f 2451//2234 2452//2236 2428//2210 
f 39//2235 56//2261 2451//2234 
f 2449//2231 2473//2257 280//2233 
f 2450//2232 2473//2257 2449//2231 
f 2448//2230 2450//2232 2426//2206 
f 2447//2229 2448//2230 2424//2204 
f 2446//2228 2447//2229 2423//2203 
f 2445//2227 2446//2228 2422//2202 
f 2444//2226 2445//2227 2421//2201 
f 2443//2225 2444//2226 2420//2200 
f 2442//2224 2443//2225 2419//2199 
f 2441//2223 2442//2224 2418//2198 
f 2440//2222 2441//2223 2417//2197 
f 2439//2221 2440//2222 2416//2196 
f 2438//2220 2439//2221 2415//2195 
f 2437//2219 2438//2220 2414//2194 
f 2436//2218 2437//2219 2413//2193 
f 2435//2217 2436//2218 2412//2192 
f 2434//2216 2435//2217 2411//2191 
f 2433//2215 2434//2216 2410//2190 
f 2432//2214 2433//2215 2409//2189 
f 2431//2213 2432//2214 2408//2188 
f 2430//2212 2431//2213 2407//2187 
f 2429//2211 2430//2212 2406//2186 
f 2428//2210 2429//2211 2405//2185 
f 2427//2208 2428//2210 2404//2184 
f 40//2209 39//2235 2427//2208 
f 2425//2205 2449//2231 279//2207 
f 2426//2206 2449//2231 2425//2205 
f 2424//2204 2426//2206 2402//2180 
f 2423//2203 2424//2204 2400//2178 
f 2422//2202 2423//2203 2399//2177 
f 2421//2201 2422//2202 2398//2176 
f 2420//2200 2421//2201 2397//2175 
f 2419//2199 2420//2200 2396//2174 
f 2418//2198 2419//2199 2395//2173 
f 2417//2197 2418//2198 2394//2172 
f 2416//2196 2417//2197 2393//2171 
f 2415//2195 2416//2196 2392//2170 
f 2414//2194 2415//2195 2391//2169 
f 2413//2193 2414//2194 2390//2168 
f 2412//2192 2413//2193 2389//2167 
f 2411//2191 2412//2192 2388//2166 
f 2410//2190 2411//2191 2387//2165 
f 2409//2189 2410//2190 2386//2164 
f 2408//2188 2409//2189 2385//2163 
f 2407//2187 2408//2188 2384//2162 
f 2406//2186 2407//2187 2383//2161 
f 2405//2185 2406//2186 2382//2160 
f 2404//2184 2405//2185 2381//2159 
f 2403//2182 2404//2184 2380//2158 
f 75//2183 40//2209 2403//2182 
f 2401//2179 2425//2205 278//2181 
f 2402//2180 2425//2205 2401//2179 
f 2400//2178 2402//2180 2378//2154 
f 2399//2177 2400//2178 2376//2152 
f 2398//2176 2399//2177 2375//2151 
f 2397//2175 2398//2176 2374//2150 
f 2396//2174 2397//2175 2373//2149 
f 2395//2173 2396//2174 2372//2148 
f 2394//2172 2395//2173 2371//2147 
f 2393//2171 2394//2172 2370//2146 
f 2392//2170 2393//2171 2369//2145 
f 2391//2169 2392//2170 2368//2144 
f 2390//2168 2391//2169 2367//2143 
f 2389//2167 2390//2168 2366//2142 
f 2388//2166 2389//2167 2365//2141 
f 2387//2165 2388//2166 2364//2140 
f 2386//2164 2387//2165 2363//2139 
f 2385//2163 2386//2164 2362//2138 
f 2384//2162 2385//2163 2361//2137 
f 2383//2161 2384//2162 2360//2136 
f 2382//2160 2383//2161 2359//2135 
f 2381//2159 2382//2160 2358//2134 
f 2380//2158 2381//2159 2357//2133 
f 2379//2156 2380//2158 2356//2132 
f 102//2157 75//2183 2379//2156 
f 2377//2153 2401//2179 277//2155 
f 2378//2154 2401//2179 2377//2153 
f 2376//2152 2378//2154 2354//2128 
f 2375//2151 2376//2152 2352//2126 
f 2374//2150 2375//2151 2351//2125 
f 2373//2149 2374//2150 2350//2124 
f 2372//2148 2373//2149 2349//2123 
f 2371//2147 2372//2148 2348//2122 
f 2370//2146 2371//2147 2347//2121 
f 2369//2145 2370//2146 2346//2120 
f 2368//2144 2369//2145 2345//2119 
f 2367//2143 2368//2144 2344//2118 
f 2366//2142 2367//2143 2343//2117 
f 2365//2141 2366//2142 2342//2116 
f 2364//2140 2365//2141 2341//2115 
f 2363//2139 2364//2140 2340//2114 
f 2362//2138 2363//2139 2339//2113 
f 2361//2137 2362//2138 2338//2112 
f 2360//2136 2361//2137 2337//2111 
f 2359//2135 2360//2136 2336//2110 
f 2358//2134 2359//2135 2335//2109 
f 2357//2133 2358//2134 2334//2108 
f 2356//2132 2357//2133 2333//2107 
f 2355//2130 2356//2132 2332//2106 
f 92//2131 102//2157 2355//2130 
f 2353//2127 2377//2153 276//2129 
f 2354//2128 2377//2153 2353//2127 
f 2352//2126 2354//2128 2330//2102 
f 2351//2125 2352//2126 2328//2100 
f 2350//2124 2351//2125 2327//2099 
f 2349//2123 2350//2124 2326//2098 
f 2348//2122 2349//2123 2325//2097 
f 2347//2121 2348//2122 2324//2096 
f 2346//2120 2347//2121 2323//2095 
f 2345//2119 2346//2120 2322//2094 
f 2344//2118 2345//2119 2321//2093 
f 2343//2117 2344//2118 2320//2092 
f 2342//2116 2343//2117 2319//2091 
f 2341//2115 2342//2116 2318//2090 
f 2340//2114 2341//2115 2317//2089 
f 2339//2113 2340//2114 2316//2088 
f 2338//2112 2339//2113 2315//2087 
f 2337//2111 2338//2112 2314//2086 
f 2336//2110 2337//2111 2313//2085 
f 2335//2109 2336//2110 2312//2084 
f 2334//2108 2335//2109 2311//2083 
f 2333//2107 2334//2108 2310//2082 
f 2332//2106 2333//2107 2309//2081 
f 2331//2104 2332//2106 2308//2080 
f 73//2105 92//2131 2331//2104 
f 2329//2101 2353//2127 275//2103 
f 2330//2102 2353//2127 2329//2101 
f 2328//2100 2330//2102 2306//2076 
f 2327//2099 2328//2100 2304//2074 
f 2326//2098 2327//2099 2303//2073 
f 2325//2097 2326//2098 2302//2072 
f 2324//2096 2325//2097 2301//2071 
f 2323//2095 2324//2096 2300//2070 
f 2322//2094 2323//2095 2299//2069 
f 2321//2093 2322//2094 2298//2068 
f 2320//2092 2321//2093 2297//2067 
f 2319//2091 2320//2092 2296//2066 
f 2318//2090 2319//2091 2295//2065 
f 2317//2089 2318//2090 2294//2064 
f 2316//2088 2317//2089 2293//2063 
f 2315//2087 2316//2088 2292//2062 
f 2314//2086 2315//2087 2291//2061 
f 2313//2085 2314//2086 2290//2060 
f 2312//2084 2313//2085 2289//2059 
f 2311//2083 2312//2084 2288//2058 
f 2310//2082 2311//2083 2287//2057 
f 2309//2081 2310//2082 2286//2056 
f 2308//2080 2309//2081 2285//2055 
f 2307//2078 2308//2080 2284//2054 
f 74//2079 73//2105 2307//2078 
f 2305//2075 2329//2101 274//2077 
f 2306//2076 2329//2101 2305//2075 
f 2304//2074 2306//2076 2282//2050 
f 2303//2073 2304//2074 2280//2048 
f 2302//2072 2303//2073 2279//2047 
f 2301//2071 2302//2072 2278//2046 
f 2300//2070 2301//2071 2277//2045 
f 2299//2069 2300//2070 2276//2044 
f 2298//2068 2299//2069 2275//2043 
f 2297//2067 2298//2068 2274//2042 
f 2296//2066 2297//2067 2273//2041 
f 2295//2065 2296//2066 2272//2040 
f 2294//2064 2295//2065 2271//2039 
f 2293//2063 2294//2064 2270//2038 
f 2292//2062 2293//2063 2269//2037 
f 2291//2061 2292//2062 2268//2036 
f 2290//2060 2291//2061 2267//2035 
f 2289//2059 2290//2060 2266//2034 
f 2288//2058 2289//2059 2265//2033 
f 2287//2057 2288//2058 2264//2032 
f 2286//2056 2287//2057 2263//2031 
f 2285//2055 2286//2056 2262//2030 
f 2284//2054 2285//2055 2261//2029 
f 2283//2052 2284//2054 2260//2028 
f 72//2053 74//2079 2283//2052 
f 2281//2049 2305//2075 273//2051 
f 2282//2050 2305//2075 2281//2049 
f 2280//2048 2282//2050 2258//2024 
f 2279//2047 2280//2048 2256//2022 
f 2278//2046 2279//2047 2255//2021 
f 2277//2045 2278//2046 2254//2020 
f 2276//2044 2277//2045 2253//2019 
f 2275//2043 2276//2044 2252//2018 
f 2274//2042 2275//2043 2251//2017 
f 2273//2041 2274//2042 2250//2016 
f 2272//2040 2273//2041 2249//2015 
f 2271//2039 2272//2040 2248//2014 
f 2270//2038 2271//2039 2247//2013 
f 2269//2037 2270//2038 2246//2012 
f 2268//2036 2269//2037 2245//2011 
f 2267//2035 2268//2036 2244//2010 
f 2266//2034 2267//2035 2243//2009 
f 2265//2033 2266//2034 2242//2008 
f 2264//2032 2265//2033 2241//2007 
f 2263//2031 2264//2032 2240//2006 
f 2262//2030 2263//2031 2239//2005 
f 2261//2029 2262//2030 2238//2004 
f 2260//2028 2261//2029 2237//2003 
f 2259//2026 2260//2028 2236//2002 
f 54//2027 72//2053 2259//2026 
f 2257//2023 2281//2049 272//2025 
f 2258//2024 2281//2049 2257//2023 
f 2256//2022 2258//2024 2234//1998 
f 2255//2021 2256//2022 2232//1996 
f 2254//2020 2255//2021 2231//1995 
f 2253//2019 2254//2020 2230//1994 
f 2252//2018 2253//2019 2229//1993 
f 2251//2017 2252//2018 2228//1992 
f 2250//2016 2251//2017 2227//1991 
f 2249//2015 2250//2016 2226//1990 
f 2248//2014 2249//2015 2225//1989 
f 2247//2013 2248//2014 2224//1988 
f 2246//2012 2247//2013 2223//1987 
f 2245//2011 2246//2012 2222//1986 
f 2244//2010 2245//2011 2221//1985 
f 2243//2009 2244//2010 2220//1984 
f 2242//2008 2243//2009 2219//1983 
f 2241//2007 2242//2008 2218//1982 
f 2240//2006 2241//2007 2217//1981 
f 2239//2005 2240//2006 2216//1980 
f 2238//2004 2239//2005 2215//1979 
f 2237//2003 2238//2004 2214//1978 
f 2236//2002 2237//2003 2213//1977 
f 2235//2000 2236//2002 2212//1976 
f 55//2001 54//2027 2235//2000 
f 2233//1997 2257//2023 271//1999 
f 2234//1998 2257//2023 2233//1997 
f 2232//1996 2234//1998 2210//1972 
f 2231//1995 2232//1996 2208//1970 
f 2230//1994 2231//1995 2207//1969 
f 2229//1993 2230//1994 2206//1968 
f 2228//1992 2229//1993 2205//1967 
f 2227//1991 2228//1992 2204//1966 
f 2226//1990 2227//1991 2203//1965 
f 2225//1989 2226//1990 2202//1964 
f 2224//1988 2225//1989 2201//1963 
f 2223//1987 2224//1988 2200//1962 
f 2222//1986 2223//1987 2199//1961 
f 2221//1985 2222//1986 2198//1960 
f 2220//1984 2221//1985 2197//1959 
f 2219//1983 2220//1984 2196//1958 
f 2218//1982 2219//1983 2195//1957 
f 2217//1981 2218//1982 2194//1956 
f 2216//1980 2217//1981 2193//1955 
f 2215//1979 2216//1980 2192//1954 
f 2214//1978 2215//1979 2191//1953 
f 2213//1977 2214//1978 2190//1952 
f 2212//1976 2213//1977 2189//1951 
f 2211//1974 2212//1976 2188//1950 
f 91//1975 55//2001 2211//1974 
f 2209//1971 2233//1997 270//1973 
f 2210//1972 2233//1997 2209//1971 
f 2208//1970 2210//1972 2186//1946 
f 2207//1969 2208//1970 2184//1944 
f 2206//1968 2207//1969 2183//1943 
f 2205//1967 2206//1968 2182//1942 
f 2204//1966 2205//1967 2181//1941 
f 2203//1965 2204//1966 2180//1940 
f 2202//1964 2203//1965 2179//1939 
f 2201//1963 2202//1964 2178//1938 
f 2200//1962 2201//1963 2177//1937 
f 2199//1961 2200//1962 2176//1936 
f 2198//1960 2199//1961 2175//1935 
f 2197//1959 2198//1960 2174//1934 
f 2196//1958 2197//1959 2173//1933 
f 2195//1957 2196//1958 2172//1932 
f 2194//1956 2195//1957 2171//1931 
f 2193//1955 2194//1956 2170//1930 
f 2192//1954 2193//1955 2169//1929 
f 2191//1953 2192//1954 2168//1928 
f 2190//1952 2191//1953 2167//1927 
f 2189//1951 2190//1952 2166//1926 
f 2188//1950 2189//1951 2165//1925 
f 2187//1948 2188//1950 2164//1924 
f 127//1949 91//1975 2187//1948 
f 2185//1945 2209//1971 269//1947 
f 2186//1946 2209//1971 2185//1945 
f 2184//1944 2186//1946 2162//1920 
f 2183//1943 2184//1944 2160//1918 
f 2182//1942 2183//1943 2159//1917 
f 2181//1941 2182//1942 2158//1916 
f 2180//1940 2181//1941 2157//1915 
f 2179//1939 2180//1940 2156//1914 
f 2178//1938 2179//1939 2155//1913 
f 2177//1937 2178//1938 2154//1912 
f 2176//1936 2177//1937 2153//1911 
f 2175//1935 2176//1936 2152//1910 
f 2174//1934 2175//1935 2151//1909 
f 2173//1933 2174//1934 2150//1908 
f 2172//1932 2173//1933 2149//1907 
f 2171//1931 2172//1932 2148//1906 
f 2170//1930 2171//1931 2147//1905 
f 2169//1929 2170//1930 2146//1904 
f 2168//1928 2169//1929 2145//1903 
f 2167//1927 2168//1928 2144//1902 
f 2166//1926 2167//1927 2143//1901 
f 2165//1925 2166//1926 2142//1900 
f 2164//1924 2165//1925 2141//1899 
f 2163//1922 2164//1924 2140//1898 
f 136//1923 127//1949 2163//1922 
f 2161//1919 2185//1945 268//1921 
f 2162//1920 2185//1945 2161//1919 
f 2160//1918 2162//1920 2138//1894 
f 2159//1917 2160//1918 2136//1892 
f 2158//1916 2159//1917 2135//1891 
f 2157//1915 2158//1916 2134//1890 
f 2156//1914 2157//1915 2133//1889 
f 2155//1913 2156//1914 2132//1888 
f 2154//1912 2155//1913 2131//1887 
f 2153//1911 2154//1912 2130//1886 
f 2152//1910 2153//1911 2129//1885 
f 2151//1909 2152//1910 2128//1884 
f 2150//1908 2151//1909 2127//1883 
f 2149//1907 2150//1908 2126//1882 
f 2148//1906 2149//1907 2125//1881 
f 2147//1905 2148//1906 2124//1880 
f 2146//1904 2147//1905 2123//1879 
f 2145//1903 2146//1904 2122//1878 
f 2144//1902 2145//1903 2121//1877 
f 2143//1901 2144//1902 2120//1876 
f 2142//1900 2143//1901 2119//1875 
f 2141//1899 2142//1900 2118//1874 
f 2140//1898 2141//1899 2117//1873 
f 2139//1896 2140//1898 2116//1872 
f 112//1897 136//1923 2139//1896 
f 2137//1893 2161//1919 267//1895 
f 2138//1894 2161//1919 2137//1893 
f 2136//1892 2138//1894 2114//1868 
f 2135//1891 2136//1892 2112//1866 
f 2134//1890 2135//1891 2111//1865 
f 2133//1889 2134//1890 2110//1864 
f 2132//1888 2133//1889 2109//1863 
f 2131//1887 2132//1888 2108//1862 
f 2130//1886 2131//1887 2107//1861 
f 2129//1885 2130//1886 2106//1860 
f 2128//1884 2129//1885 2105//1859 
f 2127//1883 2128//1884 2104//1858 
f 2126//1882 2127//1883 2103//1857 
f 2125//1881 2126//1882 2102//1856 
f 2124//1880 2125//1881 2101//1855 
f 2123//1879 2124//1880 2100//1854 
f 2122//1878 2123//1879 2099//1853 
f 2121//1877 2122//1878 2098//1852 
f 2120//1876 2121//1877 2097//1851 
f 2119//1875 2120//1876 2096//1850 
f 2118//1874 2119//1875 2095//1849 
f 2117//1873 2118//1874 2094//1848 
f 2116//1872 2117//1873 2093//1847 
f 2115//1870 2116//1872 2092//1846 
f 101//1871 112//1897 2115//1870 
f 2113//1867 2137//1893 266//1869 
f 2114//1868 2137//1893 2113//1867 
f 2112//1866 2114//1868 2090//1842 
f 2111//1865 2112//1866 2088//1840 
f 2110//1864 2111//1865 2087//1839 
f 2109//1863 2110//1864 2086//1838 
f 2108//1862 2109//1863 2085//1837 
f 2107//1861 2108//1862 2084//1836 
f 2106//1860 2107//1861 2083//1835 
f 2105//1859 2106//1860 2082//1834 
f 2104//1858 2105//1859 2081//1833 
f 2103//1857 2104//1858 2080//1832 
f 2102//1856 2103//1857 2079//1831 
f 2101//1855 2102//1856 2078//1830 
f 2100//1854 2101//1855 2077//1829 
f 2099//1853 2100//1854 2076//1828 
f 2098//1852 2099//1853 2075//1827 
f 2097//1851 2098//1852 2074//1826 
f 2096//1850 2097//1851 2073//1825 
f 2095//1849 2096//1850 2072//1824 
f 2094//1848 2095//1849 2071//1823 
f 2093//1847 2094//1848 2070//1822 
f 2092//1846 2093//1847 2069//1821 
f 2091//1844 2092//1846 2068//1820 
f 90//1845 101//1871 2091//1844 
f 2089//1841 2113//1867 265//1843 
f 2090//1842 2113//1867 2089//1841 
f 2088//1840 2090//1842 2066//1815 
f 2087//1839 2088//1840 2065//1814 
f 2086//1838 2087//1839 2064//1813 
f 2085//1837 2086//1838 2063//1812 
f 2084//1836 2085//1837 2062//1811 
f 2083//1835 2084//1836 2061//1810 
f 2082//1834 2083//1835 2060//1809 
f 2081//1833 2082//1834 2059//1808 
f 2080//1832 2081//1833 2058//1807 
f 2079//1831 2080//1832 2057//1806 
f 2078//1830 2079//1831 2056//1805 
f 2077//1829 2078//1830 2055//1804 
f 2076//1828 2077//1829 2054//1803 
f 2075//1827 2076//1828 2053//1802 
f 2074//1826 2075//1827 2052//1801 
f 2073//1825 2074//1826 2051//1800 
f 2072//1824 2073//1825 2050//1799 
f 2071//1823 2072//1824 2049//1798 
f 2070//1822 2071//1823 2048//1797 
f 2069//1821 2070//1822 2047//1796 
f 2068//1820 2069//1821 2046//1795 
f 2067//1818 2068//1820 2045//1794 
f 70//1819 90//1845 2067//1818 
f 2043//1792 2089//1841 263//1816 
f 2066//1815 2089//1841 2043//1792 
f 2065//1814 2066//1815 2042//1790 
f 2064//1813 2065//1814 2041//1789 
f 2063//1812 2064//1813 2040//1788 
f 2062//1811 2063//1812 2039//1787 
f 2061//1810 2062//1811 2038//1786 
f 2060//1809 2061//1810 2037//1785 
f 2059//1808 2060//1809 2036//1784 
f 2058//1807 2059//1808 2035//1783 
f 2057//1806 2058//1807 2034//1782 
f 2056//1805 2057//1806 2033//1781 
f 2055//1804 2056//1805 2032//1780 
f 2054//1803 2055//1804 2031//1779 
f 2053//1802 2054//1803 2030//1778 
f 2052//1801 2053//1802 2029//1777 
f 2051//1800 2052//1801 2028//1776 
f 2050//1799 2051//1800 2027//1775 
f 2049//1798 2050//1799 2026//1774 
f 2048//1797 2049//1798 2025//1773 
f 2047//1796 2048//1797 2024//1772 
f 2046//1795 2047//1796 2023//1771 
f 2045//1794 2046//1795 2022//1770 
f 2044//1793 2045//1794 2021//1769 
f 71//1767 70//1819 2044//1793 
f 2043//1792 264//1817 262//1791 
f 2042//1790 2043//1792 2019//1766 
f 2041//1789 2042//1790 2018//1764 
f 2040//1788 2041//1789 2017//1763 
f 2039//1787 2040//1788 2016//1762 
f 2038//1786 2039//1787 2015//1761 
f 2037//1785 2038//1786 2014//1760 
f 2036//1784 2037//1785 2013//1759 
f 2035//1783 2036//1784 2012//1758 
f 2034//1782 2035//1783 2011//1757 
f 2033//1781 2034//1782 2010//1756 
f 2032//1780 2033//1781 2009//1755 
f 2031//1779 2032//1780 2008//1754 
f 2030//1778 2031//1779 2007//1753 
f 2029//1777 2030//1778 2006//1752 
f 2028//1776 2029//1777 2005//1751 
f 2027//1775 2028//1776 2004//1750 
f 2026//1774 2027//1775 2003//1749 
f 2025//1773 2026//1774 2002//1748 
f 2024//1772 2025//1773 2001//1747 
f 2023//1771 2024//1772 2000//1746 
f 2022//1770 2023//1771 1999//1745 
f 2021//1769 2022//1770 1998//1744 
f 2020//1768 2021//1769 1997//1743 
f 71//1767 2020//1768 1996//1742 
f 2019//1766 262//1791 261//1765 
f 2018//1764 2019//1766 1995//1740 
f 2017//1763 2018//1764 1994//1738 
f 2016//1762 2017//1763 1993//1737 
f 2015//1761 2016//1762 1992//1736 
f 2014//1760 2015//1761 1991//1735 
f 2013//1759 2014//1760 1990//1734 
f 2012//1758 2013//1759 1989//1733 
f 2011//1757 2012//1758 1988//1732 
f 2010//1756 2011//1757 1987//1731 
f 2009//1755 2010//1756 1986//1730 
f 2008//1754 2009//1755 1985//1729 
f 2007//1753 2008//1754 1984//1728 
f 2006//1752 2007//1753 1983//1727 
f 2005//1751 2006//1752 1982//1726 
f 2004//1750 2005//1751 1981//1725 
f 2003//1749 2004//1750 1980//1724 
f 2002//1748 2003//1749 1979//1723 
f 2001//1747 2002//1748 1978//1722 
f 2000//1746 2001//1747 1977//1721 
f 1999//1745 2000//1746 1976//1720 
f 1998//1744 1999//1745 1975//1719 
f 1997//1743 1998//1744 1974//1718 
f 1996//1742 1997//1743 1973//1717 
f 120//1741 1996//1742 1972//1716 
f 1995//1740 261//1765 260//1739 
f 1994//1738 1995//1740 1971//1714 
f 1993//1737 1994//1738 1970//1712 
f 1992//1736 1993//1737 1969//1711 
f 1991//1735 1992//1736 1968//1710 
f 1990//1734 1991//1735 1967//1709 
f 1989//1733 1990//1734 1966//1708 
f 1988//1732 1989//1733 1965//1707 
f 1987//1731 1988//1732 1964//1706 
f 1986//1730 1987//1731 1963//1705 
f 1985//1729 1986//1730 1962//1704 
f 1984//1728 1985//1729 1961//1703 
f 1983//1727 1984//1728 1960//1702 
f 1982//1726 1983//1727 1959//1701 
f 1981//1725 1982//1726 1958//1700 
f 1980//1724 1981//1725 1957//1699 
f 1979//1723 1980//1724 1956//1698 
f 1978//1722 1979//1723 1955//1697 
f 1977//1721 1978//1722 1954//1696 
f 1976//1720 1977//1721 1953//1695 
f 1975//1719 1976//1720 1952//1694 
f 1974//1718 1975//1719 1951//1693 
f 1973//1717 1974//1718 1950//1692 
f 1972//1716 1973//1717 1949//1691 
f 126//1715 1972//1716 1948//1690 
f 1971//1714 260//1739 259//1713 
f 1970//1712 1971//1714 1947//1688 
f 1969//1711 1970//1712 1946//1686 
f 1968//1710 1969//1711 1945//1685 
f 1967//1709 1968//1710 1944//1684 
f 1966//1708 1967//1709 1943//1683 
f 1965//1707 1966//1708 1942//1682 
f 1964//1706 1965//1707 1941//1681 
f 1963//1705 1964//1706 1940//1680 
f 1962//1704 1963//1705 1939//1679 
f 1961//1703 1962//1704 1938//1678 
f 1960//1702 1961//1703 1937//1677 
f 1959//1701 1960//1702 1936//1676 
f 1958//1700 1959//1701 1935//1675 
f 1957//1699 1958//1700 1934//1674 
f 1956//1698 1957//1699 1933//1673 
f 1955//1697 1956//1698 1932//1672 
f 1954//1696 1955//1697 1931//1671 
f 1953//1695 1954//1696 1930//1670 
f 1952//1694 1953//1695 1929//1669 
f 1951//1693 1952//1694 1928//1668 
f 1950//1692 1951//1693 1927//1667 
f 1949//1691 1950//1692 1926//1666 
f 1948//1690 1949//1691 1925//1665 
f 135//1689 1948//1690 1924//1664 
f 1947//1688 259//1713 258//1687 
f 1946//1686 1947//1688 1923//1662 
f 1945//1685 1946//1686 1922//1660 
f 1944//1684 1945//1685 1921//1659 
f 1943//1683 1944//1684 1920//1658 
f 1942//1682 1943//1683 1919//1657 
f 1941//1681 1942//1682 1918//1656 
f 1940//1680 1941//1681 1917//1655 
f 1939//1679 1940//1680 1916//1654 
f 1938//1678 1939//1679 1915//1653 
f 1937//1677 1938//1678 1914//1652 
f 1936//1676 1937//1677 1913//1651 
f 1935//1675 1936//1676 1912//1650 
f 1934//1674 1935//1675 1911//1649 
f 1933//1673 1934//1674 1910//1648 
f 1932//1672 1933//1673 1909//1647 
f 1931//1671 1932//1672 1908//1646 
f 1930//1670 1931//1671 1907//1645 
f 1929//1669 1930//1670 1906//1644 
f 1928//1668 1929//1669 1905//1643 
f 1927//1667 1928//1668 1904//1642 
f 1926//1666 1927//1667 1903//1641 
f 1925//1665 1926//1666 1902//1640 
f 1924//1664 1925//1665 1901//1639 
f 144//1663 1924//1664 1900//1638 
f 1923//1662 258//1687 257//1661 
f 1922//1660 1923//1662 1899//1636 
f 1921//1659 1922//1660 1898//1634 
f 1920//1658 1921//1659 1897//1633 
f 1919//1657 1920//1658 1896//1632 
f 1918//1656 1919//1657 1895//1631 
f 1917//1655 1918//1656 1894//1630 
f 1916//1654 1917//1655 1893//1629 
f 1915//1653 1916//1654 1892//1628 
f 1914//1652 1915//1653 1891//1627 
f 1913//1651 1914//1652 1890//1626 
f 1912//1650 1913//1651 1889//1625 
f 1911//1649 1912//1650 1888//1624 
f 1910//1648 1911//1649 1887//1623 
f 1909//1647 1910//1648 1886//1622 
f 1908//1646 1909//1647 1885//1621 
f 1907//1645 1908//1646 1884//1620 
f 1906//1644 1907//1645 1883//1619 
f 1905//1643 1906//1644 1882//1618 
f 1904//1642 1905//1643 1881//1617 
f 1903//1641 1904//1642 1880//1616 
f 1902//1640 1903//1641 1879//1615 
f 1901//1639 1902//1640 1878//1614 
f 1900//1638 1901//1639 1877//1613 
f 88//1637 1900//1638 1876//1612 
f 1899//1636 257//1661 256//1635 
f 1898//1634 1899//1636 1875//1610 
f 1897//1633 1898//1634 1874//1608 
f 1896//1632 1897//1633 1873//1607 
f 1895//1631 1896//1632 1872//1606 
f 1894//1630 1895//1631 1871//1605 
f 1893//1629 1894//1630 1870//1604 
f 1892//1628 1893//1629 1869//1603 
f 1891//1627 1892//1628 1868//1602 
f 1890//1626 1891//1627 1867//1601 
f 1889//1625 1890//1626 1866//1600 
f 1888//1624 1889//1625 1865//1599 
f 1887//1623 1888//1624 1864//1598 
f 1886//1622 1887//1623 1863//1597 
f 1885//1621 1886//1622 1862//1596 
f 1884//1620 1885//1621 1861//1595 
f 1883//1619 1884//1620 1860//1594 
f 1882//1618 1883//1619 1859//1593 
f 1881//1617 1882//1618 1858//1592 
f 1880//1616 1881//1617 1857//1591 
f 1879//1615 1880//1616 1856//1590 
f 1878//1614 1879//1615 1855//1589 
f 1877//1613 1878//1614 1854//1588 
f 1876//1612 1877//1613 1853//1587 
f 89//1611 1876//1612 1852//1586 
f 1875//1610 256//1635 255//1609 
f 1874//1608 1875//1610 1851//1584 
f 1873//1607 1874//1608 1850//1582 
f 1872//1606 1873//1607 1849//1581 
f 1871//1605 1872//1606 1848//1580 
f 1870//1604 1871//1605 1847//1579 
f 1869//1603 1870//1604 1846//1578 
f 1868//1602 1869//1603 1845//1577 
f 1867//1601 1868//1602 1844//1576 
f 1866//1600 1867//1601 1843//1575 
f 1865//1599 1866//1600 1842//1574 
f 1864//1598 1865//1599 1841//1573 
f 1863//1597 1864//1598 1840//1572 
f 1862//1596 1863//1597 1839//1571 
f 1861//1595 1862//1596 1838//1570 
f 1860//1594 1861//1595 1837//1569 
f 1859//1593 1860//1594 1836//1568 
f 1858//1592 1859//1593 1835//1567 
f 1857//1591 1858//1592 1834//1566 
f 1856//1590 1857//1591 1833//1565 
f 1855//1589 1856//1590 1832//1564 
f 1854//1588 1855//1589 1831//1563 
f 1853//1587 1854//1588 1830//1562 
f 1852//1586 1853//1587 1829//1561 
f 100//1585 1852//1586 1828//1560 
f 1851//1584 255//1609 254//1583 
f 1850//1582 1851//1584 1827//1558 
f 1849//1581 1850//1582 1826//1556 
f 1848//1580 1849//1581 1825//1555 
f 1847//1579 1848//1580 1824//1554 
f 1846//1578 1847//1579 1823//1553 
f 1845//1577 1846//1578 1822//1552 
f 1844//1576 1845//1577 1821//1551 
f 1843//1575 1844//1576 1820//1550 
f 1842//1574 1843//1575 1819//1549 
f 1841//1573 1842//1574 1818//1548 
f 1840//1572 1841//1573 1817//1547 
f 1839//1571 1840//1572 1816//1546 
f 1838//1570 1839//1571 1815//1545 
f 1837//1569 1838//1570 1814//1544 
f 1836//1568 1837//1569 1813//1543 
f 1835//1567 1836//1568 1812//1542 
f 1834//1566 1835//1567 1811//1541 
f 1833//1565 1834//1566 1810//1540 
f 1832//1564 1833//1565 1809//1539 
f 1831//1563 1832//1564 1808//1538 
f 1830//1562 1831//1563 1807//1537 
f 1829//1561 1830//1562 1806//1536 
f 1828//1560 1829//1561 1805//1535 
f 111//1559 1828//1560 1804//1534 
f 1827//1558 254//1583 253//1557 
f 1826//1556 1827//1558 1803//1532 
f 1825//1555 1826//1556 1802//1530 
f 1824//1554 1825//1555 1801//1529 
f 1823//1553 1824//1554 1800//1528 
f 1822//1552 1823//1553 1799//1527 
f 1821//1551 1822//1552 1798//1526 
f 1820//1550 1821//1551 1797//1525 
f 1819//1549 1820//1550 1796//1524 
f 1818//1548 1819//1549 1795//1523 
f 1817//1547 1818//1548 1794//1522 
f 1816//1546 1817//1547 1793//1521 
f 1815//1545 1816//1546 1792//1520 
f 1814//1544 1815//1545 1791//1519 
f 1813//1543 1814//1544 1790//1518 
f 1812//1542 1813//1543 1789//1517 
f 1811//1541 1812//1542 1788//1516 
f 1810//1540 1811//1541 1787//1515 
f 1809//1539 1810//1540 1786//1514 
f 1808//1538 1809//1539 1785//1513 
f 1807//1537 1808//1538 1784//1512 
f 1806//1536 1807//1537 1783//1511 
f 1805//1535 1806//1536 1782//1510 
f 1804//1534 1805//1535 1781//1509 
f 119//1533 1804//1534 1780//1508 
f 1803//1532 253//1557 252//1531 
f 1802//1530 1803//1532 1779//1506 
f 1801//1529 1802//1530 1778//1504 
f 1800//1528 1801//1529 1777//1503 
f 1799//1527 1800//1528 1776//1502 
f 1798//1526 1799//1527 1775//1501 
f 1797//1525 1798//1526 1774//1500 
f 1796//1524 1797//1525 1773//1499 
f 1795//1523 1796//1524 1772//1498 
f 1794//1522 1795//1523 1771//1497 
f 1793//1521 1794//1522 1770//1496 
f 1792//1520 1793//1521 1769//1495 
f 1791//1519 1792//1520 1768//1494 
f 1790//1518 1791//1519 1767//1493 
f 1789//1517 1790//1518 1766//1492 
f 1788//1516 1789//1517 1765//1491 
f 1787//1515 1788//1516 1764//1490 
f 1786//1514 1787//1515 1763//1489 
f 1785//1513 1786//1514 1762//1488 
f 1784//1512 1785//1513 1761//1487 
f 1783//1511 1784//1512 1760//1486 
f 1782//1510 1783//1511 1759//1485 
f 1781//1509 1782//1510 1758//1484 
f 1780//1508 1781//1509 1757//1483 
f 125//1507 1780//1508 1756//1482 
f 1779//1506 252//1531 251//1505 
f 1778//1504 1779//1506 1755//1480 
f 1777//1503 1778//1504 1754//1478 
f 1776//1502 1777//1503 1753//1477 
f 1775//1501 1776//1502 1752//1476 
f 1774//1500 1775//1501 1751//1475 
f 1773//1499 1774//1500 1750//1474 
f 1772//1498 1773//1499 1749//1473 
f 1771//1497 1772//1498 1748//1472 
f 1770//1496 1771//1497 1747//1471 
f 1769//1495 1770//1496 1746//1470 
f 1768//1494 1769//1495 1745//1469 
f 1767//1493 1768//1494 1744//1468 
f 1766//1492 1767//1493 1743//1467 
f 1765//1491 1766//1492 1742//1466 
f 1764//1490 1765//1491 1741//1465 
f 1763//1489 1764//1490 1740//1464 
f 1762//1488 1763//1489 1739//1463 
f 1761//1487 1762//1488 1738//1462 
f 1760//1486 1761//1487 1737//1461 
f 1759//1485 1760//1486 1736//1460 
f 1758//1484 1759//1485 1735//1459 
f 1757//1483 1758//1484 1734//1458 
f 1756//1482 1757//1483 1733//1457 
f 134//1481 1756//1482 1732//1456 
f 1755//1480 251//1505 250//1479 
f 1754//1478 1755//1480 1731//1454 
f 1753//1477 1754//1478 1730//1452 
f 1752//1476 1753//1477 1729//1451 
f 1751//1475 1752//1476 1728//1450 
f 1750//1474 1751//1475 1727//1449 
f 1749//1473 1750//1474 1726//1448 
f 1748//1472 1749//1473 1725//1447 
f 1747//1471 1748//1472 1724//1446 
f 1746//1470 1747//1471 1723//1445 
f 1745//1469 1746//1470 1722//1444 
f 1744//1468 1745//1469 1721//1443 
f 1743//1467 1744//1468 1720//1442 
f 1742//1466 1743//1467 1719//1441 
f 1741//1465 1742//1466 1718//1440 
f 1740//1464 1741//1465 1717//1439 
f 1739//1463 1740//1464 1716//1438 
f 1738//1462 1739//1463 1715//1437 
f 1737//1461 1738//1462 1714//1436 
f 1736//1460 1737//1461 1713//1435 
f 1735//1459 1736//1460 1712//1434 
f 1734//1458 1735//1459 1711//1433 
f 1733//1457 1734//1458 1710//1432 
f 1732//1456 1733//1457 1709//1431 
f 132//1455 1732//1456 1708//1430 
f 1731//1454 250//1479 249//1453 
f 1730//1452 1731//1454 1707//1428 
f 1729//1451 1730//1452 1706//1426 
f 1728//1450 1729//1451 1705//1425 
f 1727//1449 1728//1450 1704//1424 
f 1726//1448 1727//1449 1703//1423 
f 1725//1447 1726//1448 1702//1422 
f 1724//1446 1725//1447 1701//1421 
f 1723//1445 1724//1446 1700//1420 
f 1722//1444 1723//1445 1699//1419 
f 1721//1443 1722//1444 1698//1418 
f 1720//1442 1721//1443 1697//1417 
f 1719//1441 1720//1442 1696//1416 
f 1718//1440 1719//1441 1695//1415 
f 1717//1439 1718//1440 1694//1414 
f 1716//1438 1717//1439 1693//1413 
f 1715//1437 1716//1438 1692//1412 
f 1714//1436 1715//1437 1691//1411 
f 1713//1435 1714//1436 1690//1410 
f 1712//1434 1713//1435 1689//1409 
f 1711//1433 1712//1434 1688//1408 
f 1710//1432 1711//1433 1687//1407 
f 1709//1431 1710//1432 1686//1406 
f 1708//1430 1709//1431 1685//1405 
f 133//1429 1708//1430 1684//1404 
f 1707//1428 249//1453 248//1427 
f 1706//1426 1707//1428 1683//1402 
f 1705//1425 1706//1426 1682//1401 
f 1704//1424 1705//1425 1680//1399 
f 1703//1423 1704//1424 1679//1398 
f 1702//1422 1703//1423 1678//1397 
f 1701//1421 1702//1422 1677//1396 
f 1700//1420 1701//1421 1676//1395 
f 1699//1419 1700//1420 1675//1394 
f 1698//1418 1699//1419 1674//1393 
f 1697//1417 1698//1418 1673//1392 
f 1696//1416 1697//1417 1672//1391 
f 1695//1415 1696//1416 1671//1390 
f 1694//1414 1695//1415 1670//1389 
f 1693//1413 1694//1414 1669//1388 
f 1692//1412 1693//1413 1668//1387 
f 1691//1411 1692//1412 1667//1386 
f 1690//1410 1691//1411 1666//1385 
f 1689//1409 1690//1410 1665//1384 
f 1688//1408 1689//1409 1664//1383 
f 1687//1407 1688//1408 1663//1382 
f 1686//1406 1687//1407 1662//1381 
f 1685//1405 1686//1406 1661//1380 
f 1684//1404 1685//1405 1660//1379 
f 145//1403 1684//1404 1659//1378 
f 1683//1402 248//1427 247//1376 
f 1682//1401 1683//1402 1681//1400 
f 1680//1399 1682//1401 1658//1375 
f 1679//1398 1680//1399 1656//1373 
f 1678//1397 1679//1398 1655//1372 
f 1677//1396 1678//1397 1654//1371 
f 1676//1395 1677//1396 1653//1370 
f 1675//1394 1676//1395 1652//1369 
f 1674//1393 1675//1394 1651//1368 
f 1673//1392 1674//1393 1650//1367 
f 1672//1391 1673//1392 1649//1366 
f 1671//1390 1672//1391 1648//1365 
f 1670//1389 1671//1390 1647//1364 
f 1669//1388 1670//1389 1646//1363 
f 1668//1387 1669//1388 1645//1362 
f 1667//1386 1668//1387 1644//1361 
f 1666//1385 1667//1386 1643//1360 
f 1665//1384 1666//1385 1642//1359 
f 1664//1383 1665//1384 1641//1358 
f 1663//1382 1664//1383 1640//1357 
f 1662//1381 1663//1382 1639//1356 
f 1661//1380 1662//1381 1638//1355 
f 1660//1379 1661//1380 1637//1354 
f 1659//1378 1660//1379 1636//1353 
f 139//1377 1659//1378 1635//1351 
f 1657//1374 1681//1400 247//1376 
f 1658//1375 1681//1400 1657//1374 
f 1656//1373 1658//1375 1634//1349 
f 1655//1372 1656//1373 1632//1347 
f 1654//1371 1655//1372 1631//1346 
f 1653//1370 1654//1371 1630//1345 
f 1652//1369 1653//1370 1629//1344 
f 1651//1368 1652//1369 1628//1343 
f 1650//1367 1651//1368 1627//1342 
f 1649//1366 1650//1367 1626//1341 
f 1648//1365 1649//1366 1625//1340 
f 1647//1364 1648//1365 1624//1339 
f 1646//1363 1647//1364 1623//1338 
f 1645//1362 1646//1363 1622//1337 
f 1644//1361 1645//1362 1621//1336 
f 1643//1360 1644//1361 1620//1335 
f 1642//1359 1643//1360 1619//1334 
f 1641//1358 1642//1359 1618//1333 
f 1640//1357 1641//1358 1617//1332 
f 1639//1356 1640//1357 1616//1331 
f 1638//1355 1639//1356 1615//1330 
f 1637//1354 1638//1355 1614//1329 
f 1636//1353 1637//1354 1613//1328 
f 1635//1351 1636//1353 1612//1327 
f 118//1352 131//1377 1635//1351 
f 1633//1348 1657//1374 246//1350 
f 1634//1349 1657//1374 1633//1348 
f 1632//1347 1634//1349 1610//1323 
f 1631//1346 1632//1347 1608//1321 
f 1630//1345 1631//1346 1607//1320 
f 1629//1344 1630//1345 1606//1319 
f 1628//1343 1629//1344 1605//1318 
f 1627//1342 1628//1343 1604//1317 
f 1626//1341 1627//1342 1603//1316 
f 1625//1340 1626//1341 1602//1315 
f 1624//1339 1625//1340 1601//1314 
f 1623//1338 1624//1339 1600//1313 
f 1622//1337 1623//1338 1599//1312 
f 1621//1336 1622//1337 1598//1311 
f 1620//1335 1621//1336 1597//1310 
f 1619//1334 1620//1335 1596//1309 
f 1618//1333 1619//1334 1595//1308 
f 1617//1332 1618//1333 1594//1307 
f 1616//1331 1617//1332 1593//1306 
f 1615//1330 1616//1331 1592//1305 
f 1614//1329 1615//1330 1591//1304 
f 1613//1328 1614//1329 1590//1303 
f 1612//1327 1613//1328 1589//1302 
f 1611//1325 1612//1327 1588//1301 
f 110//1326 118//1352 1611//1325 
f 1609//1322 1633//1348 245//1324 
f 1610//1323 1633//1348 1609//1322 
f 1608//1321 1610//1323 1586//1297 
f 1607//1320 1608//1321 1584//1295 
f 1606//1319 1607//1320 1583//1294 
f 1605//1318 1606//1319 1582//1293 
f 1604//1317 1605//1318 1581//1292 
f 1603//1316 1604//1317 1580//1291 
f 1602//1315 1603//1316 1579//1290 
f 1601//1314 1602//1315 1578//1289 
f 1600//1313 1601//1314 1577//1288 
f 1599//1312 1600//1313 1576//1287 
f 1598//1311 1599//1312 1575//1286 
f 1597//1310 1598//1311 1574//1285 
f 1596//1309 1597//1310 1573//1284 
f 1595//1308 1596//1309 1572//1283 
f 1594//1307 1595//1308 1571//1282 
f 1593//1306 1594//1307 1570//1281 
f 1592//1305 1593//1306 1569//1280 
f 1591//1304 1592//1305 1568//1279 
f 1590//1303 1591//1304 1567//1278 
f 1589//1302 1590//1303 1566//1277 
f 1588//1301 1589//1302 1565//1276 
f 1587//1299 1588//1301 1564//1275 
f 86//1300 110//1326 1587//1299 
f 1585//1296 1609//1322 244//1298 
f 1586//1297 1609//1322 1585//1296 
f 1584//1295 1586//1297 1562//1271 
f 1583//1294 1584//1295 1560//1269 
f 1582//1293 1583//1294 1559//1268 
f 1581//1292 1582//1293 1558//1267 
f 1580//1291 1581//1292 1557//1266 
f 1579//1290 1580//1291 1556//1265 
f 1578//1289 1579//1290 1555//1264 
f 1577//1288 1578//1289 1554//1263 
f 1576//1287 1577//1288 1553//1262 
f 1575//1286 1576//1287 1552//1261 
f 1574//1285 1575//1286 1551//1260 
f 1573//1284 1574//1285 1550//1259 
f 1572//1283 1573//1284 1549//1258 
f 1571//1282 1572//1283 1548//1257 
f 1570//1281 1571//1282 1547//1256 
f 1569//1280 1570//1281 1546//1255 
f 1568//1279 1569//1280 1545//1254 
f 1567//1278 1568//1279 1544//1253 
f 1566//1277 1567//1278 1543//1252 
f 1565//1276 1566//1277 1542//1251 
f 1564//1275 1565//1276 1541//1250 
f 1563//1273 1564//1275 1540//1249 
f 87//1274 86//1300 1563//1273 
f 1561//1270 1585//1296 243//1272 
f 1562//1271 1585//1296 1561//1270 
f 1560//1269 1562//1271 1538//1245 
f 1559//1268 1560//1269 1536//1243 
f 1558//1267 1559//1268 1535//1242 
f 1557//1266 1558//1267 1534//1241 
f 1556//1265 1557//1266 1533//1240 
f 1555//1264 1556//1265 1532//1239 
f 1554//1263 1555//1264 1531//1238 
f 1553//1262 1554//1263 1530//1237 
f 1552//1261 1553//1262 1529//1236 
f 1551//1260 1552//1261 1528//1235 
f 1550//1259 1551//1260 1527//1234 
f 1549//1258 1550//1259 1526//1233 
f 1548//1257 1549//1258 1525//1232 
f 1547//1256 1548//1257 1524//1231 
f 1546//1255 1547//1256 1523//1230 
f 1545//1254 1546//1255 1522//1229 
f 1544//1253 1545//1254 1521//1228 
f 1543//1252 1544//1253 1520//1227 
f 1542//1251 1543//1252 1519//1226 
f 1541//1250 1542//1251 1518//1225 
f 1540//1249 1541//1250 1517//1224 
f 1539//1247 1540//1249 1516//1223 
f 99//1248 87//1274 1539//1247 
f 1537//1244 1561//1270 242//1246 
f 1538//1245 1561//1270 1537//1244 
f 1536//1243 1538//1245 1514//1219 
f 1535//1242 1536//1243 1512//1217 
f 1534//1241 1535//1242 1511//1216 
f 1533//1240 1534//1241 1510//1215 
f 1532//1239 1533//1240 1509//1214 
f 1531//1238 1532//1239 1508//1213 
f 1530//1237 1531//1238 1507//1212 
f 1529//1236 1530//1237 1506//1211 
f 1528//1235 1529//1236 1505//1210 
f 1527//1234 1528//1235 1504//1209 
f 1526//1233 1527//1234 1503//1208 
f 1525//1232 1526//1233 1502//1207 
f 1524//1231 1525//1232 1501//1206 
f 1523//1230 1524//1231 1500//1205 
f 1522//1229 1523//1230 1499//1204 
f 1521//1228 1522//1229 1498//1203 
f 1520//1227 1521//1228 1497//1202 
f 1519//1226 1520//1227 1496//1201 
f 1518//1225 1519//1226 1495//1200 
f 1517//1224 1518//1225 1494//1199 
f 1516//1223 1517//1224 1493//1198 
f 1515//1221 1516//1223 1492//1197 
f 124//1222 99//1248 1515//1221 
f 1513//1218 1537//1244 241//1220 
f 1514//1219 1537//1244 1513//1218 
f 1512//1217 1514//1219 1490//1193 
f 1511//1216 1512//1217 1488//1191 
f 1510//1215 1511//1216 1487//1190 
f 1509//1214 1510//1215 1486//1189 
f 1508//1213 1509//1214 1485//1188 
f 1507//1212 1508//1213 1484//1187 
f 1506//1211 1507//1212 1483//1186 
f 1505//1210 1506//1211 1482//1185 
f 1504//1209 1505//1210 1481//1184 
f 1503//1208 1504//1209 1480//1183 
f 1502//1207 1503//1208 1479//1182 
f 1501//1206 1502//1207 1478//1181 
f 1500//1205 1501//1206 1477//1180 
f 1499//1204 1500//1205 1476//1179 
f 1498//1203 1499//1204 1475//1178 
f 1497//1202 1498//1203 1474//1177 
f 1496//1201 1497//1202 1473//1176 
f 1495//1200 1496//1201 1472//1175 
f 1494//1199 1495//1200 1471//1174 
f 1493//1198 1494//1199 1470//1173 
f 1492//1197 1493//1198 1469//1172 
f 1491//1195 1492//1197 1468//1171 
f 143//1196 124//1222 1491//1195 
f 1489//1192 1513//1218 240//1194 
f 1490//1193 1513//1218 1489//1192 
f 1488//1191 1490//1193 1466//1167 
f 1487//1190 1488//1191 1464//1165 
f 1486//1189 1487//1190 1463//1164 
f 1485//1188 1486//1189 1462//1163 
f 1484//1187 1485//1188 1461//1162 
f 1483//1186 1484//1187 1460//1161 
f 1482//1185 1483//1186 1459//1160 
f 1481//1184 1482//1185 1458//1159 
f 1480//1183 1481//1184 1457//1158 
f 1479//1182 1480//1183 1456//1157 
f 1478//1181 1479//1182 1455//1156 
f 1477//1180 1478//1181 1454//1155 
f 1476//1179 1477//1180 1453//1154 
f 1475//1178 1476//1179 1452//1153 
f 1474//1177 1475//1178 1451//1152 
f 1473//1176 1474//1177 1450//1151 
f 1472//1175 1473//1176 1449//1150 
f 1471//1174 1472//1175 1448//1149 
f 1470//1173 1471//1174 1447//1148 
f 1469//1172 1470//1173 1446//1147 
f 1468//1171 1469//1172 1445//1146 
f 1467//1169 1468//1171 1444//1145 
f 85//1170 143//1196 1467//1169 
f 1465//1166 1489//1192 239//1168 
f 1466//1167 1489//1192 1465//1166 
f 1464//1165 1466//1167 1442//1141 
f 1463//1164 1464//1165 1440//1139 
f 1462//1163 1463//1164 1439//1138 
f 1461//1162 1462//1163 1438//1137 
f 1460//1161 1461//1162 1437//1136 
f 1459//1160 1460//1161 1436//1135 
f 1458//1159 1459//1160 1435//1134 
f 1457//1158 1458//1159 1434//1133 
f 1456//1157 1457//1158 1433//1132 
f 1455//1156 1456//1157 1432//1131 
f 1454//1155 1455//1156 1431//1130 
f 1453//1154 1454//1155 1430//1129 
f 1452//1153 1453//1154 1429//1128 
f 1451//1152 1452//1153 1428//1127 
f 1450//1151 1451//1152 1427//1126 
f 1449//1150 1450//1151 1426//1125 
f 1448//1149 1449//1150 1425//1124 
f 1447//1148 1448//1149 1424//1123 
f 1446//1147 1447//1148 1423//1122 
f 1445//1146 1446//1147 1422//1121 
f 1444//1145 1445//1146 1421//1120 
f 1443//1143 1444//1145 1420//1119 
f 51//1144 85//1170 1443//1143 
f 1441//1140 1465//1166 238//1142 
f 1442//1141 1465//1166 1441//1140 
f 1440//1139 1442//1141 1418//1115 
f 1439//1138 1440//1139 1416//1113 
f 1438//1137 1439//1138 1415//1112 
f 1437//1136 1438//1137 1414//1111 
f 1436//1135 1437//1136 1413//1110 
f 1435//1134 1436//1135 1412//1109 
f 1434//1133 1435//1134 1411//1108 
f 1433//1132 1434//1133 1410//1107 
f 1432//1131 1433//1132 1409//1106 
f 1431//1130 1432//1131 1408//1105 
f 1430//1129 1431//1130 1407//1104 
f 1429//1128 1430//1129 1406//1103 
f 1428//1127 1429//1128 1405//1102 
f 1427//1126 1428//1127 1404//1101 
f 1426//1125 1427//1126 1403//1100 
f 1425//1124 1426//1125 1402//1099 
f 1424//1123 1425//1124 1401//1098 
f 1423//1122 1424//1123 1400//1097 
f 1422//1121 1423//1122 1399//1096 
f 1421//1120 1422//1121 1398//1095 
f 1420//1119 1421//1120 1397//1094 
f 1419//1117 1420//1119 1396//1093 
f 52//1118 51//1144 1419//1117 
f 1417//1114 1441//1140 237//1116 
f 1418//1115 1441//1140 1417//1114 
f 1416//1113 1418//1115 1394//1089 
f 1415//1112 1416//1113 1392//1087 
f 1414//1111 1415//1112 1391//1086 
f 1413//1110 1414//1111 1390//1085 
f 1412//1109 1413//1110 1389//1084 
f 1411//1108 1412//1109 1388//1083 
f 1410//1107 1411//1108 1387//1082 
f 1409//1106 1410//1107 1386//1081 
f 1408//1105 1409//1106 1385//1080 
f 1407//1104 1408//1105 1384//1079 
f 1406//1103 1407//1104 1383//1078 
f 1405//1102 1406//1103 1382//1077 
f 1404//1101 1405//1102 1381//1076 
f 1403//1100 1404//1101 1380//1075 
f 1402//1099 1403//1100 1379//1074 
f 1401//1098 1402//1099 1378//1073 
f 1400//1097 1401//1098 1377//1072 
f 1399//1096 1400//1097 1376//1071 
f 1398//1095 1399//1096 1375//1070 
f 1397//1094 1398//1095 1374//1069 
f 1396//1093 1397//1094 1373//1068 
f 1395//1091 1396//1093 1372//1067 
f 68//1092 52//1118 1395//1091 
f 1393//1088 1417//1114 236//1090 
f 1394//1089 1417//1114 1393//1088 
f 1392//1087 1394//1089 1370//1063 
f 1391//1086 1392//1087 1368//1061 
f 1390//1085 1391//1086 1367//1060 
f 1389//1084 1390//1085 1366//1059 
f 1388//1083 1389//1084 1365//1058 
f 1387//1082 1388//1083 1364//1057 
f 1386//1081 1387//1082 1363//1056 
f 1385//1080 1386//1081 1362//1055 
f 1384//1079 1385//1080 1361//1054 
f 1383//1078 1384//1079 1360//1053 
f 1382//1077 1383//1078 1359//1052 
f 1381//1076 1382//1077 1358//1051 
f 1380//1075 1381//1076 1357//1050 
f 1379//1074 1380//1075 1356//1049 
f 1378//1073 1379//1074 1355//1048 
f 1377//1072 1378//1073 1354//1047 
f 1376//1071 1377//1072 1353//1046 
f 1375//1070 1376//1071 1352//1045 
f 1374//1069 1375//1070 1351//1044 
f 1373//1068 1374//1069 1350//1043 
f 1372//1067 1373//1068 1349//1042 
f 1371//1065 1372//1067 1348//1041 
f 84//1066 68//1092 1371//1065 
f 1369//1062 1393//1088 235//1064 
f 1370//1063 1393//1088 1369//1062 
f 1368//1061 1370//1063 1346//1037 
f 1367//1060 1368//1061 1344//1035 
f 1366//1059 1367//1060 1343//1034 
f 1365//1058 1366//1059 1342//1033 
f 1364//1057 1365//1058 1341//1032 
f 1363//1056 1364//1057 1340//1031 
f 1362//1055 1363//1056 1339//1030 
f 1361//1054 1362//1055 1338//1029 
f 1360//1053 1361//1054 1337//1028 
f 1359//1052 1360//1053 1336//1027 
f 1358//1051 1359//1052 1335//1026 
f 1357//1050 1358//1051 1334//1025 
f 1356//1049 1357//1050 1333//1024 
f 1355//1048 1356//1049 1332//1023 
f 1354//1047 1355//1048 1331//1022 
f 1353//1046 1354//1047 1330//1021 
f 1352//1045 1353//1046 1329//1020 
f 1351//1044 1352//1045 1328//1019 
f 1350//1043 1351//1044 1327//1018 
f 1349//1042 1350//1043 1326//1017 
f 1348//1041 1349//1042 1325//1016 
f 1347//1039 1348//1041 1324//1015 
f 66//1040 84//1066 1347//1039 
f 1345//1036 1369//1062 234//1038 
f 1346//1037 1369//1062 1345//1036 
f 1344//1035 1346//1037 1322//1011 
f 1343//1034 1344//1035 1320//1009 
f 1342//1033 1343//1034 1319//1008 
f 1341//1032 1342//1033 1318//1007 
f 1340//1031 1341//1032 1317//1006 
f 1339//1030 1340//1031 1316//1005 
f 1338//1029 1339//1030 1315//1004 
f 1337//1028 1338//1029 1314//1003 
f 1336//1027 1337//1028 1313//1002 
f 1335//1026 1336//1027 1312//1001 
f 1334//1025 1335//1026 1311//1000 
f 1333//1024 1334//1025 1310//999 
f 1332//1023 1333//1024 1309//998 
f 1331//1022 1332//1023 1308//997 
f 1330//1021 1331//1022 1307//996 
f 1329//1020 1330//1021 1306//995 
f 1328//1019 1329//1020 1305//994 
f 1327//1018 1328//1019 1304//993 
f 1326//1017 1327//1018 1303//992 
f 1325//1016 1326//1017 1302//991 
f 1324//1015 1325//1016 1301//990 
f 1323//1013 1324//1015 1300//989 
f 67//1014 66//1040 1323//1013 
f 1321//1010 1345//1036 233//1012 
f 1322//1011 1345//1036 1321//1010 
f 1320//1009 1322//1011 1298//984 
f 1319//1008 1320//1009 1297//983 
f 1318//1007 1319//1008 1296//982 
f 1317//1006 1318//1007 1295//981 
f 1316//1005 1317//1006 1294//980 
f 1315//1004 1316//1005 1293//979 
f 1314//1003 1315//1004 1292//978 
f 1313//1002 1314//1003 1291//977 
f 1312//1001 1313//1002 1290//976 
f 1311//1000 1312//1001 1289//975 
f 1310//999 1311//1000 1288//974 
f 1309//998 1310//999 1287//973 
f 1308//997 1309//998 1286//972 
f 1307//996 1308//997 1285//971 
f 1306//995 1307//996 1284//970 
f 1305//994 1306//995 1283//969 
f 1304//993 1305//994 1282//968 
f 1303//992 1304//993 1281//967 
f 1302//991 1303//992 1280//966 
f 1301//990 1302//991 1279//965 
f 1300//989 1301//990 1278//964 
f 1299//987 1300//989 1277//963 
f 109//988 67//1014 1299//987 
f 1275//961 1321//1010 231//985 
f 1298//984 1321//1010 1275//961 
f 1297//983 1298//984 1274//959 
f 1296//982 1297//983 1273//958 
f 1295//981 1296//982 1272//957 
f 1294//980 1295//981 1271//956 
f 1293//979 1294//980 1270//955 
f 1292//978 1293//979 1269//954 
f 1291//977 1292//978 1268//953 
f 1290//976 1291//977 1267//952 
f 1289//975 1290//976 1266//951 
f 1288//974 1289//975 1265//950 
f 1287//973 1288//974 1264//949 
f 1286//972 1287//973 1263//948 
f 1285//971 1286//972 1262//947 
f 1284//970 1285//971 1261//946 
f 1283//969 1284//970 1260//945 
f 1282//968 1283//969 1259//944 
f 1281//967 1282//968 1258//943 
f 1280//966 1281//967 1257//942 
f 1279//965 1280//966 1256//941 
f 1278//964 1279//965 1255//940 
f 1277//963 1278//964 1254//939 
f 1276//962 1277//963 1253//938 
f 49//936 109//988 1276//962 
f 1275//961 232//986 230//960 
f 1274//959 1275//961 1251//935 
f 1273//958 1274//959 1250//933 
f 1272//957 1273//958 1249//932 
f 1271//956 1272//957 1248//931 
f 1270//955 1271//956 1247//930 
f 1269//954 1270//955 1246//929 
f 1268//953 1269//954 1245//928 
f 1267//952 1268//953 1244//927 
f 1266//951 1267//952 1243//926 
f 1265//950 1266//951 1242//925 
f 1264//949 1265//950 1241//924 
f 1263//948 1264//949 1240//923 
f 1262//947 1263//948 1239//922 
f 1261//946 1262//947 1238//921 
f 1260//945 1261//946 1237//920 
f 1259//944 1260//945 1236//919 
f 1258//943 1259//944 1235//918 
f 1257//942 1258//943 1234//917 
f 1256//941 1257//942 1233//916 
f 1255//940 1256//941 1232//915 
f 1254//939 1255//940 1231//914 
f 1253//938 1254//939 1230//913 
f 1252//937 1253//938 1229//912 
f 49//936 1252//937 1228//911 
f 1251//935 230//960 229//934 
f 1250//933 1251//935 1227//909 
f 1249//932 1250//933 1226//907 
f 1248//931 1249//932 1225//906 
f 1247//930 1248//931 1224//905 
f 1246//929 1247//930 1223//904 
f 1245//928 1246//929 1222//903 
f 1244//927 1245//928 1221//902 
f 1243//926 1244//927 1220//901 
f 1242//925 1243//926 1219//900 
f 1241//924 1242//925 1218//899 
f 1240//923 1241//924 1217//898 
f 1239//922 1240//923 1216//897 
f 1238//921 1239//922 1215//896 
f 1237//920 1238//921 1214//895 
f 1236//919 1237//920 1213//894 
f 1235//918 1236//919 1212//893 
f 1234//917 1235//918 1211//892 
f 1233//916 1234//917 1210//891 
f 1232//915 1233//916 1209//890 
f 1231//914 1232//915 1208//889 
f 1230//913 1231//914 1207//888 
f 1229//912 1230//913 1206//887 
f 1228//911 1229//912 1205//886 
f 50//910 1228//911 1204//885 
f 1227//909 229//934 228//908 
f 1226//907 1227//909 1203//883 
f 1225//906 1226//907 1202//881 
f 1224//905 1225//906 1201//880 
f 1223//904 1224//905 1200//879 
f 1222//903 1223//904 1199//878 
f 1221//902 1222//903 1198//877 
f 1220//901 1221//902 1197//876 
f 1219//900 1220//901 1196//875 
f 1218//899 1219//900 1195//874 
f 1217//898 1218//899 1194//873 
f 1216//897 1217//898 1193//872 
f 1215//896 1216//897 1192//871 
f 1214//895 1215//896 1191//870 
f 1213//894 1214//895 1190//869 
f 1212//893 1213//894 1189//868 
f 1211//892 1212//893 1188//867 
f 1210//891 1211//892 1187//866 
f 1209//890 1210//891 1186//865 
f 1208//889 1209//890 1185//864 
f 1207//888 1208//889 1184//863 
f 1206//887 1207//888 1183//862 
f 1205//886 1206//887 1182//861 
f 1204//885 1205//886 1181//860 
f 65//884 1204//885 1180//859 
f 1203//883 228//908 227//882 
f 1202//881 1203//883 1179//857 
f 1201//880 1202//881 1178//855 
f 1200//879 1201//880 1177//854 
f 1199//878 1200//879 1176//853 
f 1198//877 1199//878 1175//852 
f 1197//876 1198//877 1174//851 
f 1196//875 1197//876 1173//850 
f 1195//874 1196//875 1172//849 
f 1194//873 1195//874 1171//848 
f 1193//872 1194//873 1170//847 
f 1192//871 1193//872 1169//846 
f 1191//870 1192//871 1168//845 
f 1190//869 1191//870 1167//844 
f 1189//868 1190//869 1166//843 
f 1188//867 1189//868 1165//842 
f 1187//866 1188//867 1164//841 
f 1186//865 1187//866 1163//840 
f 1185//864 1186//865 1162//839 
f 1184//863 1185//864 1161//838 
f 1183//862 1184//863 1160//837 
f 1182//861 1183//862 1159//836 
f 1181//860 1182//861 1158//835 
f 1180//859 1181//860 1157//834 
f 83//858 1180//859 1156//833 
f 1179//857 227//882 226//856 
f 1178//855 1179//857 1155//831 
f 1177//854 1178//855 1154//829 
f 1176//853 1177//854 1153//828 
f 1175//852 1176//853 1152//827 
f 1174//851 1175//852 1151//826 
f 1173//850 1174//851 1150//825 
f 1172//849 1173//850 1149//824 
f 1171//848 1172//849 1148//823 
f 1170//847 1171//848 1147//822 
f 1169//846 1170//847 1146//821 
f 1168//845 1169//846 1145//820 
f 1167//844 1168//845 1144//819 
f 1166//843 1167//844 1143//818 
f 1165//842 1166//843 1142//817 
f 1164//841 1165//842 1141//816 
f 1163//840 1164//841 1140//815 
f 1162//839 1163//840 1139//814 
f 1161//838 1162//839 1138//813 
f 1160//837 1161//838 1137//812 
f 1159//836 1160//837 1136//811 
f 1158//835 1159//836 1135//810 
f 1157//834 1158//835 1134//809 
f 1156//833 1157//834 1133//808 
f 98//832 1156//833 1132//807 
f 1155//831 226//856 225//830 
f 1154//829 1155//831 1131//805 
f 1153//828 1154//829 1130//803 
f 1152//827 1153//828 1129//802 
f 1151//826 1152//827 1128//801 
f 1150//825 1151//826 1127//800 
f 1149//824 1150//825 1126//799 
f 1148//823 1149//824 1125//798 
f 1147//822 1148//823 1124//797 
f 1146//821 1147//822 1123//796 
f 1145//820 1146//821 1122//795 
f 1144//819 1145//820 1121//794 
f 1143//818 1144//819 1120//793 
f 1142//817 1143//818 1119//792 
f 1141//816 1142//817 1118//791 
f 1140//815 1141//816 1117//790 
f 1139//814 1140//815 1116//789 
f 1138//813 1139//814 1115//788 
f 1137//812 1138//813 1114//787 
f 1136//811 1137//812 1113//786 
f 1135//810 1136//811 1112//785 
f 1134//809 1135//810 1111//784 
f 1133//808 1134//809 1110//783 
f 1132//807 1133//808 1109//782 
f 108//806 1132//807 1108//781 
f 1131//805 225//830 224//804 
f 1130//803 1131//805 1107//779 
f 1129//802 1130//803 1106//777 
f 1128//801 1129//802 1105//776 
f 1127//800 1128//801 1104//775 
f 1126//799 1127//800 1103//774 
f 1125//798 1126//799 1102//773 
f 1124//797 1125//798 1101//772 
f 1123//796 1124//797 1100//771 
f 1122//795 1123//796 1099//770 
f 1121//794 1122//795 1098//769 
f 1120//793 1121//794 1097//768 
f 1119//792 1120//793 1096//767 
f 1118//791 1119//792 1095//766 
f 1117//790 1118//791 1094//765 
f 1116//789 1117//790 1093//764 
f 1115//788 1116//789 1092//763 
f 1114//787 1115//788 1091//762 
f 1113//786 1114//787 1090//761 
f 1112//785 1113//786 1089//760 
f 1111//784 1112//785 1088//759 
f 1110//783 1111//784 1087//758 
f 1109//782 1110//783 1086//757 
f 1108//781 1109//782 1085//756 
f 123//780 1108//781 1084//755 
f 1107//779 224//804 223//778 
f 1106//777 1107//779 1083//753 
f 1105//776 1106//777 1082//751 
f 1104//775 1105//776 1081//750 
f 1103//774 1104//775 1080//749 
f 1102//773 1103//774 1079//748 
f 1101//772 1102//773 1078//747 
f 1100//771 1101//772 1077//746 
f 1099//770 1100//771 1076//745 
f 1098//769 1099//770 1075//744 
f 1097//768 1098//769 1074//743 
f 1096//767 1097//768 1073//742 
f 1095//766 1096//767 1072//741 
f 1094//765 1095//766 1071//740 
f 1093//764 1094//765 1070//739 
f 1092//763 1093//764 1069//738 
f 1091//762 1092//763 1068//737 
f 1090//761 1091//762 1067//736 
f 1089//760 1090//761 1066//735 
f 1088//759 1089//760 1065//734 
f 1087//758 1088//759 1064//733 
f 1086//757 1087//758 1063//732 
f 1085//756 1086//757 1062//731 
f 1084//755 1085//756 1061//730 
f 130//754 1084//755 1060//729 
f 1083//753 223//778 222//752 
f 1082//751 1083//753 1059//727 
f 1081//750 1082//751 1058//725 
f 1080//749 1081//750 1057//724 
f 1079//748 1080//749 1056//723 
f 1078//747 1079//748 1055//722 
f 1077//746 1078//747 1054//721 
f 1076//745 1077//746 1053//720 
f 1075//744 1076//745 1052//719 
f 1074//743 1075//744 1051//718 
f 1073//742 1074//743 1050//717 
f 1072//741 1073//742 1049//716 
f 1071//740 1072//741 1048//715 
f 1070//739 1071//740 1047//714 
f 1069//738 1070//739 1046//713 
f 1068//737 1069//738 1045//712 
f 1067//736 1068//737 1044//711 
f 1066//735 1067//736 1043//710 
f 1065//734 1066//735 1042//709 
f 1064//733 1065//734 1041//708 
f 1063//732 1064//733 1040//707 
f 1062//731 1063//732 1039//706 
f 1061//730 1062//731 1038//705 
f 1060//729 1061//730 1037//704 
f 122//728 1060//729 1036//703 
f 1059//727 222//752 221//726 
f 1058//725 1059//727 1035//701 
f 1057//724 1058//725 1034//699 
f 1056//723 1057//724 1033//698 
f 1055//722 1056//723 1032//697 
f 1054//721 1055//722 1031//696 
f 1053//720 1054//721 1030//695 
f 1052//719 1053//720 1029//694 
f 1051//718 1052//719 1028//693 
f 1050//717 1051//718 1027//692 
f 1049//716 1050//717 1026//691 
f 1048//715 1049//716 1025//690 
f 1047//714 1048//715 1024//689 
f 1046//713 1047//714 1023//688 
f 1045//712 1046//713 1022//687 
f 1044//711 1045//712 1021//686 
f 1043//710 1044//711 1020//685 
f 1042//709 1043//710 1019//684 
f 1041//708 1042//709 1018//683 
f 1040//707 1041//708 1017//682 
f 1039//706 1040//707 1016//681 
f 1038//705 1039//706 1015//680 
f 1037//704 1038//705 1014//679 
f 1036//703 1037//704 1013//678 
f 116//702 1036//703 1012//677 
f 1035//701 221//726 220//700 
f 1034//699 1035//701 1011//675 
f 1033//698 1034//699 1010//673 
f 1032//697 1033//698 1009//672 
f 1031//696 1032//697 1008//671 
f 1030//695 1031//696 1007//670 
f 1029//694 1030//695 1006//669 
f 1028//693 1029//694 1005//668 
f 1027//692 1028//693 1004//667 
f 1026//691 1027//692 1003//666 
f 1025//690 1026//691 1002//665 
f 1024//689 1025//690 1001//664 
f 1023//688 1024//689 1000//663 
f 1022//687 1023//688 999//662 
f 1021//686 1022//687 998//661 
f 1020//685 1021//686 997//660 
f 1019//684 1020//685 996//659 
f 1018//683 1019//684 995//658 
f 1017//682 1018//683 994//657 
f 1016//681 1017//682 993//656 
f 1015//680 1016//681 992//655 
f 1014//679 1015//680 991//654 
f 1013//678 1014//679 990//653 
f 1012//677 1013//678 989//652 
f 117//676 1012//677 988//651 
f 1011//675 220//700 219//674 
f 1010//673 1011//675 987//649 
f 1009//672 1010//673 986//647 
f 1008//671 1009//672 985//646 
f 1007//670 1008//671 984//645 
f 1006//669 1007//670 983//644 
f 1005//668 1006//669 982//643 
f 1004//667 1005//668 981//642 
f 1003//666 1004//667 980//641 
f 1002//665 1003//666 979//640 
f 1001//664 1002//665 978//639 
f 1000//663 1001//664 977//638 
f 999//662 1000//663 976//637 
f 998//661 999//662 975//636 
f 997//660 998//661 974//635 
f 996//659 997//660 973//634 
f 995//658 996//659 972//633 
f 994//657 995//658 971//632 
f 993//656 994//657 970//631 
f 992//655 993//656 969//630 
f 991//654 992//655 968//629 
f 990//653 991//654 967//628 
f 989//652 990//653 966//627 
f 988//651 989//652 965//626 
f 129//650 988//651 964//625 
f 987//649 219//674 218//648 
f 986//647 987//649 963//623 
f 985//646 986//647 962//622 
f 984//645 985//646 961//621 
f 983//644 984//645 960//620 
f 982//643 983//644 959//619 
f 981//642 982//643 958//618 
f 980//641 981//642 957//617 
f 979//640 980//641 956//616 
f 978//639 979//640 955//615 
f 977//638 978//639 954//614 
f 976//637 977//638 953//613 
f 975//636 976//637 952//612 
f 974//635 975//636 951//611 
f 973//634 974//635 950//610 
f 972//633 973//634 949//609 
f 971//632 972//633 948//608 
f 970//631 971//632 947//607 
f 969//630 970//631 946//606 
f 968//629 969//630 945//605 
f 967//628 968//629 944//604 
f 966//627 967//628 943//603 
f 965//626 966//627 942//602 
f 964//625 965//626 941//601 
f 142//624 964//625 940//600 
f 963//623 218//648 217//598 
f 962//622 963//623 939//597 
f 961//621 962//622 938//596 
f 960//620 961//621 937//595 
f 959//619 960//620 936//594 
f 958//618 959//619 935//593 
f 957//617 958//618 934//592 
f 956//616 957//617 933//591 
f 955//615 956//616 932//590 
f 954//614 955//615 931//589 
f 953//613 954//614 930//588 
f 952//612 953//613 929//587 
f 951//611 952//612 928//586 
f 950//610 951//611 927//585 
f 949//609 950//610 926//584 
f 948//608 949//609 925//583 
f 947//607 948//608 924//582 
f 946//606 947//607 923//581 
f 945//605 946//606 922//580 
f 944//604 945//605 921//579 
f 943//603 944//604 920//578 
f 942//602 943//603 919//577 
f 941//601 942//602 918//576 
f 940//600 941//601 917//575 
f 169//599 940//600 916//574 
f 216//572 915//571 939//597 
f 938//596 939//597 915//571 
f 937//595 938//596 914//570 
f 936//594 937//595 913//569 
f 935//593 936//594 912//568 
f 934//592 935//593 911//567 
f 933//591 934//592 910//566 
f 932//590 933//591 909//565 
f 931//589 932//590 908//564 
f 930//588 931//589 907//563 
f 929//587 930//588 906//562 
f 928//586 929//587 905//561 
f 927//585 928//586 904//560 
f 926//584 927//585 903//559 
f 925//583 926//584 902//558 
f 924//582 925//583 901//557 
f 923//581 924//582 900//556 
f 922//580 923//581 899//555 
f 921//579 922//580 898//554 
f 920//578 921//579 897//553 
f 919//577 920//578 896//552 
f 918//576 919//577 895//551 
f 917//575 918//576 894//550 
f 916//574 917//575 893//549 
f 892//548 167//547 161//573 
f 215//546 891//545 915//571 
f 914//570 915//571 891//545 
f 913//569 914//570 890//544 
f 912//568 913//569 889//543 
f 911//567 912//568 888//542 
f 910//566 911//567 887//541 
f 909//565 910//566 886//540 
f 908//564 909//565 885//539 
f 907//563 908//564 884//538 
f 906//562 907//563 883//537 
f 905//561 906//562 882//536 
f 904//560 905//561 881//535 
f 903//559 904//560 880//534 
f 902//558 903//559 879//533 
f 901//557 902//558 878//532 
f 900//556 901//557 877//531 
f 899//555 900//556 876//530 
f 898//554 899//555 875//529 
f 897//553 898//554 874//528 
f 896//552 897//553 873//527 
f 895//551 896//552 872//526 
f 894//550 895//551 871//525 
f 893//549 894//550 870//524 
f 892//548 893//549 869//523 
f 868//522 194//521 167//547 
f 214//520 867//519 891//545 
f 890//544 891//545 867//519 
f 889//543 890//544 866//518 
f 888//542 889//543 865//517 
f 887//541 888//542 864//516 
f 886//540 887//541 863//515 
f 885//539 886//540 862//514 
f 884//538 885//539 861//513 
f 883//537 884//538 860//512 
f 882//536 883//537 859//511 
f 881//535 882//536 858//510 
f 880//534 881//535 857//509 
f 879//533 880//534 856//508 
f 878//532 879//533 855//507 
f 877//531 878//532 854//506 
f 876//530 877//531 853//505 
f 875//529 876//530 852//504 
f 874//528 875//529 851//503 
f 873//527 874//528 850//502 
f 872//526 873//527 849//501 
f 871//525 872//526 848//500 
f 870//524 871//525 847//499 
f 869//523 870//524 846//498 
f 868//522 869//523 845//497 
f 844//496 180//495 194//521 
f 213//494 843//493 867//519 
f 866//518 867//519 843//493 
f 865//517 866//518 842//492 
f 864//516 865//517 841//491 
f 863//515 864//516 840//490 
f 862//514 863//515 839//489 
f 861//513 862//514 838//488 
f 860//512 861//513 837//487 
f 859//511 860//512 836//486 
f 858//510 859//511 835//485 
f 857//509 858//510 834//484 
f 856//508 857//509 833//483 
f 855//507 856//508 832//482 
f 854//506 855//507 831//481 
f 853//505 854//506 830//480 
f 852//504 853//505 829//479 
f 851//503 852//504 828//478 
f 850//502 851//503 827//477 
f 849//501 850//502 826//476 
f 848//500 849//501 825//475 
f 847//499 848//500 824//474 
f 846//498 847//499 823//473 
f 845//497 846//498 822//472 
f 844//496 845//497 821//471 
f 820//470 177//469 180//495 
f 212//468 819//467 843//493 
f 842//492 843//493 819//467 
f 841//491 842//492 818//466 
f 840//490 841//491 817//465 
f 839//489 840//490 816//464 
f 838//488 839//489 815//463 
f 837//487 838//488 814//462 
f 836//486 837//487 813//461 
f 835//485 836//486 812//460 
f 834//484 835//485 811//459 
f 833//483 834//484 810//458 
f 832//482 833//483 809//457 
f 831//481 832//482 808//456 
f 830//480 831//481 807//455 
f 829//479 830//480 806//454 
f 828//478 829//479 805//453 
f 827//477 828//478 804//452 
f 826//476 827//477 803//451 
f 825//475 826//476 802//450 
f 824//474 825//475 801//449 
f 823//473 824//474 800//448 
f 822//472 823//473 799//447 
f 821//471 822//472 798//446 
f 820//470 821//471 797//445 
f 796//444 190//443 177//469 
f 211//442 795//441 819//467 
f 818//466 819//467 795//441 
f 817//465 818//466 794//440 
f 816//464 817//465 793//439 
f 815//463 816//464 792//438 
f 814//462 815//463 791//437 
f 813//461 814//462 790//436 
f 812//460 813//461 789//435 
f 811//459 812//460 788//434 
f 810//458 811//459 787//433 
f 809//457 810//458 786//432 
f 808//456 809//457 785//431 
f 807//455 808//456 784//430 
f 806//454 807//455 783//429 
f 805//453 806//454 782//428 
f 804//452 805//453 781//427 
f 803//451 804//452 780//426 
f 802//450 803//451 779//425 
f 801//449 802//450 778//424 
f 800//448 801//449 777//423 
f 799//447 800//448 776//422 
f 798//446 799//447 775//421 
f 797//445 798//446 774//420 
f 796//444 797//445 773//419 
f 772//418 174//417 190//443 
f 211//442 210//416 771//415 
f 794//440 795//441 771//415 
f 793//439 794//440 770//414 
f 792//438 793//439 769//413 
f 791//437 792//438 768//412 
f 790//436 791//437 767//411 
f 789//435 790//436 766//410 
f 788//434 789//435 765//409 
f 787//433 788//434 764//408 
f 786//432 787//433 763//407 
f 785//431 786//432 762//406 
f 784//430 785//431 761//405 
f 783//429 784//430 760//404 
f 782//428 783//429 759//403 
f 781//427 782//428 758//402 
f 780//426 781//427 757//401 
f 779//425 780//426 756//400 
f 778//424 779//425 755//399 
f 777//423 778//424 754//398 
f 776//422 777//423 753//397 
f 775//421 776//422 752//396 
f 774//420 775//421 751//395 
f 773//419 774//420 750//394 
f 772//418 773//419 749//393 
f 772//418 748//392 170//391 
f 210//416 209//390 747//389 
f 770//414 771//415 747//389 
f 769//413 770//414 746//388 
f 768//412 769//413 745//387 
f 767//411 768//412 744//386 
f 766//410 767//411 743//385 
f 765//409 766//410 742//384 
f 764//408 765//409 741//383 
f 763//407 764//408 740//382 
f 762//406 763//407 739//381 
f 761//405 762//406 738//380 
f 760//404 761//405 737//379 
f 759//403 760//404 736//378 
f 758//402 759//403 735//377 
f 757//401 758//402 734//376 
f 756//400 757//401 733//375 
f 755//399 756//400 732//374 
f 754//398 755//399 731//373 
f 753//397 754//398 730//372 
f 752//396 753//397 729//371 
f 751//395 752//396 728//370 
f 750//394 751//395 727//369 
f 749//393 750//394 726//368 
f 748//392 749//393 725//367 
f 748//392 724//366 163//365 
f 209//390 208//364 723//363 
f 746//388 747//389 723//363 
f 745//387 746//388 722//362 
f 744//386 745//387 721//361 
f 743//385 744//386 720//360 
f 742//384 743//385 719//359 
f 741//383 742//384 718//358 
f 740//382 741//383 717//357 
f 739//381 740//382 716//356 
f 738//380 739//381 715//355 
f 737//379 738//380 714//354 
f 736//378 737//379 713//353 
f 735//377 736//378 712//352 
f 734//376 735//377 711//351 
f 733//375 734//376 710//350 
f 732//374 733//375 709//349 
f 731//373 732//374 708//348 
f 730//372 731//373 707//347 
f 729//371 730//372 706//346 
f 728//370 729//371 705//345 
f 727//369 728//370 704//344 
f 726//368 727//369 703//343 
f 725//367 726//368 702//342 
f 724//366 725//367 701//341 
f 724//366 700//340 157//339 
f 208//364 207//338 699//337 
f 722//362 723//363 699//337 
f 721//361 722//362 698//336 
f 720//360 721//361 697//335 
f 719//359 720//360 696//334 
f 718//358 719//359 695//333 
f 717//357 718//358 694//332 
f 716//356 717//357 693//331 
f 715//355 716//356 692//330 
f 714//354 715//355 691//329 
f 713//353 714//354 690//328 
f 712//352 713//353 689//327 
f 711//351 712//352 688//326 
f 710//350 711//351 687//325 
f 709//349 710//350 686//324 
f 708//348 709//349 685//323 
f 707//347 708//348 684//322 
f 706//346 707//347 683//321 
f 705//345 706//346 682//320 
f 704//344 705//345 681//319 
f 703//343 704//344 680//318 
f 702//342 703//343 679//317 
f 701//341 702//342 678//316 
f 700//340 701//341 677//315 
f 700//340 676//314 151//313 
f 207//338 206//312 675//311 
f 698//336 699//337 675//311 
f 697//335 698//336 674//310 
f 696//334 697//335 672//308 
f 695//333 696//334 671//307 
f 694//332 695//333 670//306 
f 693//331 694//332 669//305 
f 692//330 693//331 668//304 
f 691//329 692//330 667//303 
f 690//328 691//329 666//302 
f 689//327 690//328 665//301 
f 688//326 689//327 664//300 
f 687//325 688//326 663//299 
f 686//324 687//325 662//298 
f 685//323 686//324 661//297 
f 684//322 685//323 660//296 
f 683//321 684//322 659//295 
f 682//320 683//321 658//294 
f 681//319 682//320 657//293 
f 680//318 681//319 656//292 
f 679//317 680//318 655//291 
f 678//316 679//317 654//290 
f 677//315 678//316 653//289 
f 676//314 677//315 652//288 
f 676//314 651//287 149//286 
f 206//312 205//285 673//309 
f 674//310 675//311 673//309 
f 672//308 674//310 650//284 
f 671//307 672//308 648//282 
f 670//306 671//307 647//281 
f 669//305 670//306 646//280 
f 668//304 669//305 645//279 
f 667//303 668//304 644//278 
f 666//302 667//303 643//277 
f 665//301 666//302 642//276 
f 664//300 665//301 641//275 
f 663//299 664//300 640//274 
f 662//298 663//299 639//273 
f 661//297 662//298 638//272 
f 660//296 661//297 637//271 
f 659//295 660//296 636//270 
f 658//294 659//295 635//269 
f 657//293 658//294 634//268 
f 656//292 657//293 633//267 
f 655//291 656//292 632//266 
f 654//290 655//291 631//265 
f 653//289 654//290 630//264 
f 652//288 653//289 629//263 
f 651//287 652//288 628//262 
f 651//287 627//260 148//286 
f 649//283 673//309 205//285 
f 650//284 673//309 649//283 
f 648//282 650//284 626//258 
f 647//281 648//282 624//256 
f 646//280 647//281 623//255 
f 645//279 646//280 622//254 
f 644//278 645//279 621//253 
f 643//277 644//278 620//252 
f 642//276 643//277 619//251 
f 641//275 642//276 618//250 
f 640//274 641//275 617//249 
f 639//273 640//274 616//248 
f 638//272 639//273 615//247 
f 637//271 638//272 614//246 
f 636//270 637//271 613//245 
f 635//269 636//270 612//244 
f 634//268 635//269 611//243 
f 633//267 634//268 610//242 
f 632//266 633//267 609//241 
f 631//265 632//266 608//240 
f 630//264 631//265 607//239 
f 629//263 630//264 606//238 
f 628//262 629//263 605//237 
f 627//260 628//262 604//236 
f 141//261 148//286 627//260 
f 625//257 649//283 204//259 
f 626//258 649//283 625//257 
f 624//256 626//258 602//232 
f 623//255 624//256 600//230 
f 622//254 623//255 599//229 
f 621//253 622//254 598//228 
f 620//252 621//253 597//227 
f 619//251 620//252 596//226 
f 618//250 619//251 595//225 
f 617//249 618//250 594//224 
f 616//248 617//249 593//223 
f 615//247 616//248 592//222 
f 614//246 615//247 591//221 
f 613//245 614//246 590//220 
f 612//244 613//245 589//219 
f 611//243 612//244 588//218 
f 610//242 611//243 587//217 
f 609//241 610//242 586//216 
f 608//240 609//241 585//215 
f 607//239 608//240 584//214 
f 606//238 607//239 583//213 
f 605//237 606//238 582//212 
f 604//236 605//237 581//211 
f 603//234 604//236 580//210 
f 138//235 141//261 603//234 
f 601//231 625//257 203//233 
f 602//232 625//257 601//231 
f 600//230 602//232 578//206 
f 599//229 600//230 576//204 
f 598//228 599//229 575//203 
f 597//227 598//228 574//202 
f 596//226 597//227 573//201 
f 595//225 596//226 572//200 
f 594//224 595//225 571//199 
f 593//223 594//224 570//198 
f 592//222 593//223 569//197 
f 591//221 592//222 568//196 
f 590//220 591//221 567//195 
f 589//219 590//220 566//194 
f 588//218 589//219 565//193 
f 587//217 588//218 564//192 
f 586//216 587//217 563//191 
f 585//215 586//216 562//190 
f 584//214 585//215 561//189 
f 583//213 584//214 560//188 
f 582//212 583//213 559//187 
f 581//211 582//212 558//186 
f 580//210 581//211 557//185 
f 579//208 580//210 556//184 
f 121//209 138//235 579//208 
f 577//205 601//231 202//207 
f 578//206 601//231 577//205 
f 576//204 578//206 554//180 
f 575//203 576//204 552//178 
f 574//202 575//203 551//177 
f 573//201 574//202 550//176 
f 572//200 573//201 549//175 
f 571//199 572//200 548//174 
f 570//198 571//199 547//173 
f 569//197 570//198 546//172 
f 568//196 569//197 545//171 
f 567//195 568//196 544//170 
f 566//194 567//195 543//169 
f 565//193 566//194 542//168 
f 564//192 565//193 541//167 
f 563//191 564//192 540//166 
f 562//190 563//191 539//165 
f 561//189 562//190 538//164 
f 560//188 561//189 537//163 
f 559//187 560//188 536//162 
f 558//186 559//187 535//161 
f 557//185 558//186 534//160 
f 556//184 557//185 533//159 
f 555//182 556//184 532//158 
f 115//183 121//209 555//182 
f 553//179 577//205 201//181 
f 554//180 577//205 553//179 
f 552//178 554//180 530//154 
f 551//177 552//178 528//152 
f 550//176 551//177 527//151 
f 549//175 550//176 526//150 
f 548//174 549//175 525//149 
f 547//173 548//174 524//148 
f 546//172 547//173 523//147 
f 545//171 546//172 522//146 
f 544//170 545//171 521//145 
f 543//169 544//170 520//144 
f 542//168 543//169 519//143 
f 541//167 542//168 518//142 
f 540//166 541//167 517//141 
f 539//165 540//166 516//140 
f 538//164 539//165 515//139 
f 537//163 538//164 514//138 
f 536//162 537//163 513//137 
f 535//161 536//162 512//136 
f 534//160 535//161 511//135 
f 533//159 534//160 510//134 
f 532//158 533//159 509//133 
f 531//156 532//158 508//132 
f 107//157 115//183 531//156 
f 529//153 553//179 200//155 
f 530//154 553//179 529//153 
f 528//152 530//154 506//128 
f 527//151 528//152 504//126 
f 526//150 527//151 503//125 
f 525//149 526//150 502//124 
f 524//148 525//149 501//123 
f 523//147 524//148 500//122 
f 522//146 523//147 499//121 
f 521//145 522//146 498//120 
f 520//144 521//145 497//119 
f 519//143 520//144 496//118 
f 518//142 519//143 495//117 
f 517//141 518//142 494//116 
f 516//140 517//141 493//115 
f 515//139 516//140 492//114 
f 514//138 515//139 491//113 
f 513//137 514//138 490//112 
f 512//136 513//137 489//111 
f 511//135 512//136 488//110 
f 510//134 511//135 487//109 
f 509//133 510//134 486//108 
f 508//132 509//133 485//107 
f 507//130 508//132 484//106 
f 97//131 107//157 507//130 
f 505//127 529//153 199//129 
f 506//128 529//153 505//127 
f 504//126 506//128 482//102 
f 503//125 504//126 480//100 
f 502//124 503//125 479//99 
f 501//123 502//124 478//98 
f 500//122 501//123 477//97 
f 499//121 500//122 476//96 
f 498//120 499//121 475//95 
f 497//119 498//120 474//94 
f 496//118 497//119 473//93 
f 495//117 496//118 472//92 
f 494//116 495//117 471//91 
f 493//115 494//116 470//90 
f 492//114 493//115 469//89 
f 491//113 492//114 468//88 
f 490//112 491//113 467//87 
f 489//111 490//112 466//86 
f 488//110 489//111 465//85 
f 487//109 488//110 464//84 
f 486//108 487//109 463//83 
f 485//107 486//108 462//82 
f 484//106 485//107 461//81 
f 483//104 484//106 460//80 
f 47//105 97//131 483//104 
f 481//101 505//127 198//103 
f 482//102 505//127 481//101 
f 480//100 482//102 458//76 
f 479//99 480//100 456//74 
f 478//98 479//99 455//73 
f 477//97 478//98 454//72 
f 476//96 477//97 453//71 
f 475//95 476//96 452//70 
f 474//94 475//95 451//69 
f 473//93 474//94 450//68 
f 472//92 473//93 449//67 
f 471//91 472//92 448//66 
f 470//90 471//91 447//65 
f 469//89 470//90 446//64 
f 468//88 469//89 445//63 
f 467//87 468//88 444//62 
f 466//86 467//87 443//61 
f 465//85 466//86 442//60 
f 464//84 465//85 441//59 
f 463//83 464//84 440//58 
f 462//82 463//83 439//57 
f 461//81 462//82 438//56 
f 460//80 461//81 437//55 
f 459//78 460//80 436//54 
f 36//79 47//105 459//78 
f 457//75 481//101 197//77 
f 458//76 481//101 457//75 
f 456//74 458//76 434//49 
f 455//73 456//74 432//47 
f 454//72 455//73 430//45 
f 453//71 454//72 428//43 
f 452//70 453//71 426//41 
f 451//69 452//70 424//39 
f 450//68 451//69 422//37 
f 449//67 450//68 420//35 
f 448//66 449//67 418//33 
f 447//65 448//66 416//31 
f 446//64 447//65 414//29 
f 445//63 446//64 412//27 
f 444//62 445//63 410//25 
f 443//61 444//62 408//23 
f 442//60 443//61 406//21 
f 441//59 442//60 404//19 
f 440//58 441//59 402//17 
f 439//57 440//58 400//15 
f 438//56 439//57 398//13 
f 437//55 438//56 396//11 
f 436//54 437//55 394//9 
f 435//52 436//54 392//7 
f 37//53 36//79 435//52 
f 433//48 457//75 195//50 
f 434//49 457//75 433//48 
f 432//47 434//49 431//46 
f 430//45 432//47 429//44 
f 428//43 430//45 427//42 
f 426//41 428//43 425//40 
f 424//39 426//41 423//38 
f 422//37 424//39 421//36 
f 420//35 422//37 419//34 
f 418//33 420//35 417//32 
f 416//31 418//33 415//30 
f 414//29 416//31 413//28 
f 412//27 414//29 411//26 
f 410//25 412//27 409//24 
f 408//23 410//25 407//22 
f 406//21 408//23 405//20 
f 404//19 406//21 403//18 
f 402//17 404//19 401//16 
f 400//15 402//17 399//14 
f 398//13 400//15 397//12 
f 396//11 398//13 395//10 
f 394//9 396//11 393//8 
f 392//7 394//9 391//6 
f 388//2 392//7 390//5 
f 64//4 37//53 388//2 
o mesh2
f 373//5015 370//5015 372//5015 
f 372//5015 371//5015 373//5015 
f 373//5015 374//5015 370//5015 
f 374//5015 375//5015 370//5015 
f 375//5015 376//5015 370//5015 
f 377//5015 369//5015 370//5015 
f 376//5015 377//5015 370//5015 
f 377//5015 378//5015 369//5015 
f 379//5015 368//5015 369//5015 
f 379//5015 367//5015 368//5015 
f 379//5015 366//5015 367//5015 
f 379//5015 365//5015 366//5015 
f 379//5015 364//5015 365//5015 
f 379//5015 358//5015 359//5015 
f 379//5015 363//5015 364//5015 
f 379//5015 357//5015 358//5015 
f 379//5015 362//5015 363//5015 
f 359//5015 360//5015 379//5015 
f 344//5015 196//5015 195//5015 
f 379//5015 361//5015 362//5015 
f 379//5015 356//5015 357//5015 
f 379//5015 350//5015 351//5015 
f 202//5015 326//5015 327//5015 
f 195//5015 197//5015 344//5015 
f 344//5015 385//5015 386//5015 
f 360//5015 361//5015 379//5015 
f 351//5015 352//5015 379//5015 
f 327//5015 328//5015 202//5015 
f 285//5015 282//5015 283//5015 
f 286//5015 278//5015 279//5015 
f 344//5015 387//5015 196//5015 
f 344//5015 384//5015 385//5015 
f 379//5015 355//5015 356//5015 
f 379//5015 349//5015 350//5015 
f 328//5015 329//5015 202//5015 
f 283//5015 284//5015 285//5015 
f 279//5015 280//5015 286//5015 
f 288//5015 270//5015 271//5015 
f 294//5015 236//5015 237//5015 
f 294//5015 229//5015 230//5015 
f 386//5015 387//5015 344//5015 
f 379//5015 354//5015 355//5015 
f 352//5015 353//5015 379//5015 
f 329//5015 330//5015 202//5015 
f 286//5015 281//5015 282//5015 
f 286//5015 277//5015 278//5015 
f 288//5015 273//5015 274//5015 
f 271//5015 272//5015 288//5015 
f 290//5015 262//5015 264//5015 
f 294//5015 235//5015 236//5015 
f 294//5015 231//5015 233//5015 
f 294//5015 228//5015 229//5015 
f 197//5015 198//5015 344//5015 
f 344//5015 380//5015 381//5015 
f 353//5015 354//5015 379//5015 
f 202//5015 336//5015 337//5015 
f 330//5015 331//5015 202//5015 
f 280//5015 281//5015 286//5015 
f 274//5015 275//5015 288//5015 
f 288//5015 269//5015 270//5015 
f 264//5015 263//5015 290//5015 
f 290//5015 256//5015 257//5015 
f 294//5015 242//5015 243//5015 
f 237//5015 238//5015 294//5015 
f 233//5015 234//5015 294//5015 
f 294//5015 227//5015 228//5015 
f 198//5015 199//5015 344//5015 
f 381//5015 382//5015 344//5015 
f 379//5015 348//5015 349//5015 
f 202//5015 335//5015 336//5015 
f 331//5015 332//5015 202//5015 
f 285//5015 286//5015 282//5015 
f 272//5015 273//5015 288//5015 
f 263//5015 265//5015 290//5015 
f 290//5015 255//5015 256//5015 
f 294//5015 241//5015 242//5015 
f 234//5015 235//5015 294//5015 
f 294//5015 226//5015 227//5015 
f 199//5015 200//5015 344//5015 
f 382//5015 383//5015 344//5015 
f 379//5015 347//5015 348//5015 
f 202//5015 341//5015 342//5015 
f 202//5015 334//5015 335//5015 
f 332//5015 333//5015 202//5015 
f 286//5015 287//5015 277//5015 
f 275//5015 276//5015 288//5015 
f 265//5015 266//5015 290//5015 
f 290//5015 254//5015 255//5015 
f 243//5015 244//5015 294//5015 
f 294//5015 232//5015 231//5015 
f 294//5015 225//5015 226//5015 
f 383//5015 384//5015 344//5015 
f 379//5015 346//5015 347//5015 
f 202//5015 340//5015 341//5015 
f 333//5015 334//5015 202//5015 
f 276//5015 277//5015 288//5015 
f 290//5015 261//5015 262//5015 
f 290//5015 253//5015 254//5015 
f 244//5015 245//5015 294//5015 
f 230//5015 232//5015 294//5015 
f 294//5015 220//5015 221//5015 
f 200//5015 201//5015 344//5015 
f 379//5015 345//5015 346//5015 
f 202//5015 339//5015 340//5015 
f 337//5015 338//5015 202//5015 
f 288//5015 268//5015 269//5015 
f 290//5015 260//5015 261//5015 
f 290//5015 252//5015 253//5015 
f 294//5015 240//5015 241//5015 
f 294//5015 224//5015 225//5015 
f 221//5015 222//5015 294//5015 
f 344//5015 379//5015 380//5015 
f 379//5015 344//5015 345//5015 
f 338//5015 339//5015 202//5015 
f 287//5015 288//5015 277//5015 
f 290//5015 259//5015 260//5015 
f 290//5015 251//5015 252//5015 
f 290//5015 249//5015 250//5015 
f 245//5015 246//5015 294//5015 
f 294//5015 223//5015 224//5015 
f 294//5015 219//5015 220//5015 
f 378//5015 379//5015 369//5015 
f 342//5015 343//5015 202//5015 
f 249//5015 292//5015 291//5015 
f 288//5015 289//5015 268//5015 
f 266//5015 267//5015 290//5015 
f 250//5015 251//5015 290//5015 
f 246//5015 247//5015 294//5015 
f 222//5015 223//5015 294//5015 
f 343//5015 344//5015 202//5015 
f 291//5015 293//5015 249//5015 
f 267//5015 268//5015 290//5015 
f 257//5015 258//5015 290//5015 
f 294//5015 239//5015 240//5015 
f 294//5015 218//5015 219//5015 
f 205//5015 324//5015 325//5015 
f 204//5015 325//5015 326//5015 
f 201//5015 202//5015 344//5015 
f 249//5015 290//5015 292//5015 
f 258//5015 259//5015 290//5015 
f 238//5015 239//5015 294//5015 
f 207//5015 321//5015 322//5015 
f 205//5015 323//5015 324//5015 
f 202//5015 203//5015 326//5015 
f 289//5015 290//5015 268//5015 
f 247//5015 248//5015 294//5015 
f 207//5015 320//5015 321//5015 
f 206//5015 322//5015 323//5015 
f 326//5015 203//5015 204//5015 
f 248//5015 249//5015 294//5015 
f 216//5015 217//5015 294//5015 
f 208//5015 318//5015 319//5015 
f 208//5015 317//5015 316//5015 
f 207//5015 319//5015 320//5015 
f 325//5015 204//5015 205//5015 
f 294//5015 217//5015 218//5015 
f 294//5015 295//5015 216//5015 
f 210//5015 313//5015 314//5015 
f 210//5015 311//5015 312//5015 
f 209//5015 315//5015 317//5015 
f 316//5015 318//5015 208//5015 
f 323//5015 205//5015 206//5015 
f 295//5015 296//5015 216//5015 
f 214//5015 215//5015 296//5015 
f 213//5015 214//5015 298//5015 
f 211//5015 309//5015 310//5015 
f 312//5015 313//5015 210//5015 
f 209//5015 314//5015 315//5015 
f 322//5015 206//5015 207//5015 
f 296//5015 215//5015 216//5015 
f 296//5015 297//5015 214//5015 
f 298//5015 299//5015 213//5015 
f 211//5015 308//5015 309//5015 
f 210//5015 310//5015 311//5015 
f 319//5015 207//5015 208//5015 
f 297//5015 298//5015 214//5015 
f 299//5015 300//5015 213//5015 
f 212//5015 302//5015 303//5015 
f 212//5015 213//5015 301//5015 
f 211//5015 305//5015 306//5015 
f 211//5015 212//5015 304//5015 
f 211//5015 307//5015 308//5015 
f 317//5015 208//5015 209//5015 
f 300//5015 301//5015 213//5015 
f 301//5015 302//5015 212//5015 
f 304//5015 305//5015 211//5015 
f 314//5015 209//5015 210//5015 
f 303//5015 304//5015 212//5015 
f 310//5015 210//5015 211//5015 
f 306//5015 307//5015 211//5015 
f 293//5015 294//5015 249//5015 
